{
"type": "FeatureCollection",
"crs": { "type": "name", "properties": { "name": "urn:ogc:def:crs:OGC:1.3:CRS84" } },
"features": [
{ "type": "Feature", "properties": { "ADM4_FR": "Ait Zineb", "ADM4_AR": "أيت زينب", "ADM4_PCODE": "MA00300140103012", "ADM4_REF": null, "ADM3_FR": "Ait Zineb", "ADM3_AR": "أيت زينب", "ADM3_PCODE": "MA0030014010301", "ADM2_FR": "Ouarzazate", "ADM2_AR": "ورزازات", "ADM2_PCODE": "MA003001", "ADM1_FR": "Drâa-Tafilalet", "ADM1_AR": "درعة - تافيلالت", "ADM1_PCODE": "MA003", "ADM0_EN": "Morocco", "ADM0_FR": "Moroc (le)", "ADM0_AR": "المغرب", "ADM0_PCODE": "MA", "date": "2023-09-15", "validOn": "2023-09-25", "validTo": null, "Shape_Leng": 1.3143413214599999, "Shape_Area": 0.0562861379753, "AREA_SQKM": 595.85640863399999, "Cases": 50 }, "geometry": { "type": "Polygon", "coordinates": [ [ [ -7.158529988999931, 31.164477208000051 ], [ -7.152774525999973, 31.162914135000051 ], [ -7.148766251999973, 31.161234165000053 ], [ -7.146583476999979, 31.160641196000029 ], [ -7.143299366999941, 31.159373687000027 ], [ -7.140948613999967, 31.158333764000076 ], [ -7.139300171999935, 31.157455527000025 ], [ -7.137266825999973, 31.156468233000055 ], [ -7.136086281999951, 31.156046176000075 ], [ -7.135532836999971, 31.15583790200003 ], [ -7.133866409999939, 31.154992978000053 ], [ -7.132825041999979, 31.154854877000048 ], [ -7.132327883999949, 31.154762789000074 ], [ -7.132032539999955, 31.154732710000076 ], [ -7.131632836999927, 31.154596745000049 ], [ -7.131139982999969, 31.154396512000062 ], [ -7.130684315999929, 31.15424269600004 ], [ -7.130080589999977, 31.154219245000036 ], [ -7.129613825999968, 31.154382483000063 ], [ -7.12940406599995, 31.15456441300006 ], [ -7.129123043999925, 31.154648939000026 ], [ -7.128724596999973, 31.154622566000057 ], [ -7.128264153999964, 31.154438982000045 ], [ -7.127903111999956, 31.154329309000047 ], [ -7.127571831999944, 31.154414548000034 ], [ -7.127242574999968, 31.154514663000043 ], [ -7.126819062999971, 31.154583338000066 ], [ -7.126424424999925, 31.154709749000062 ], [ -7.126164351999932, 31.15498148100005 ], [ -7.125730523999948, 31.15536977000005 ], [ -7.125470832999952, 31.155615037000075 ], [ -7.125086235999959, 31.155724169000052 ], [ -7.124563451999961, 31.155680148000044 ], [ -7.124089745999981, 31.155662999000072 ], [ -7.123650028999975, 31.155700569000032 ], [ -7.123169777999976, 31.155793878000054 ], [ -7.122777909999968, 31.155885932000047 ], [ -7.122395276999953, 31.156006199000046 ], [ -7.122006234999958, 31.156191788000058 ], [ -7.121549, 31.156257548000042 ], [ -7.121012380999957, 31.15630542100007 ], [ -7.12058761399993, 31.156399420000071 ], [ -7.12021688599998, 31.156598555000073 ], [ -7.120008404999965, 31.156887934000054 ], [ -7.118466299999966, 31.156728057000066 ], [ -7.11612893299997, 31.156456268000056 ], [ -7.112022970999931, 31.156087432000049 ], [ -7.108411032999925, 31.155681035000043 ], [ -7.106421761999968, 31.155129757000054 ], [ -7.102800633999948, 31.154235534000065 ], [ -7.097363015999974, 31.152573950000033 ], [ -7.094622852999976, 31.151545160000069 ], [ -7.093524927999965, 31.151408052000079 ], [ -7.092041341999959, 31.151428751000026 ], [ -7.088263362999953, 31.151572876000046 ], [ -7.084430667999925, 31.151626147000059 ], [ -7.08182120999993, 31.151906237000048 ], [ -7.07801987199997, 31.152690541000027 ], [ -7.072960365999961, 31.154223821000073 ], [ -7.067124074999981, 31.155798039000047 ], [ -7.063384597999971, 31.156123755000067 ], [ -7.059980067999959, 31.157176450000065 ], [ -7.056725913999969, 31.158196335000071 ], [ -7.02604357499996, 31.167879826000046 ], [ -7.02560245799998, 31.167653091000034 ], [ -7.025115982999978, 31.167507497000031 ], [ -7.024536197999964, 31.167381082000077 ], [ -7.023940826999933, 31.167254833000072 ], [ -7.023148771999956, 31.167184896000037 ], [ -7.02249339399998, 31.167193661000056 ], [ -7.021869262999928, 31.167202004000046 ], [ -7.021201855999948, 31.167121447000056 ], [ -7.020474691999937, 31.166898537000066 ], [ -7.019858389999968, 31.166477290000046 ], [ -7.019417580999971, 31.166268460000026 ], [ -7.019061331999978, 31.166130053000074 ], [ -7.018706031999955, 31.166045313000041 ], [ -7.01843218199997, 31.165861082000049 ], [ -7.018197665999935, 31.165551058000062 ], [ -7.018044970999938, 31.165159428000038 ], [ -7.01785093899997, 31.164786212000024 ], [ -7.017688602999954, 31.164439449000042 ], [ -7.017587723999952, 31.164038180000034 ], [ -7.017582562999962, 31.16375191800006 ], [ -7.017619491999938, 31.16349198000006 ], [ -7.01761449299994, 31.163214668000023 ], [ -7.017554902999962, 31.162794951000024 ], [ -7.017390337999927, 31.162322952000068 ], [ -7.017144161999965, 31.161941518000049 ], [ -7.016755918999934, 31.161758789000032 ], [ -7.016294984999945, 31.161585971000079 ], [ -7.015793439999925, 31.161467404000064 ], [ -7.015250936999962, 31.16138516500007 ], [ -7.014779620999946, 31.161212485000078 ], [ -7.014243338999961, 31.160897521000038 ], [ -7.01398919199994, 31.16065038000005 ], [ -7.013818886999957, 31.160437902000069 ], [ -7.013605051999946, 31.160118665000027 ], [ -7.013393178999934, 31.159906732000024 ], [ -7.013201434999928, 31.159658785000033 ], [ -7.012968077999972, 31.159411354000042 ], [ -7.012671707999971, 31.159128999000075 ], [ -7.012220085999957, 31.158893411000065 ], [ -7.011789594999925, 31.158675475000052 ], [ -7.011411942999928, 31.158501534000038 ], [ -7.010993462999977, 31.15837287800008 ], [ -7.010491441999932, 31.158227468000064 ], [ -7.010030579999977, 31.15805462700007 ], [ -7.009631782999975, 31.157863071000065 ], [ -7.009169933999942, 31.157636590000038 ], [ -7.008855987999937, 31.157533384000033 ], [ -7.008478945999968, 31.15739521900008 ], [ -7.008059851999974, 31.157230765000065 ], [ -7.007641087999957, 31.15708423600006 ], [ -7.007265003999976, 31.156999744000075 ], [ -7.006931220999945, 31.15695048300006 ], [ -7.006449858999929, 31.156795792000025 ], [ -7.005819372999952, 31.156446267000035 ], [ -7.005503172999965, 31.156217815000048 ], [ -7.005163904999961, 31.155864432000044 ], [ -7.004993671999955, 31.155651933000058 ], [ -7.004781798999943, 31.155440029000033 ], [ -7.004588161999948, 31.155084687000056 ], [ -7.00437248999998, 31.15465808600004 ], [ -7.004301124999927, 31.154157992000023 ], [ -7.004294087999938, 31.153764422000052 ], [ -7.004286092999962, 31.153317160000029 ], [ -7.004280015999939, 31.152977252000028 ], [ -7.004274898999938, 31.15269102700006 ], [ -7.004268501999945, 31.152333204000058 ], [ -7.004261465999946, 31.15193963400003 ], [ -7.004401948999941, 31.151651488000027 ], [ -7.00454179299993, 31.151327521000042 ], [ -7.004656691999969, 31.150771285000076 ], [ -7.004626291999955, 31.150234860000069 ], [ -7.00455524299997, 31.149752664000061 ], [ -7.004466918999981, 31.149467544000061 ], [ -7.00444067799998, 31.149163667000039 ], [ -7.004372518999958, 31.148842491000039 ], [ -7.004303432999961, 31.148467620000076 ], [ -7.004148862999955, 31.147968611000067 ], [ -7.004038459999947, 31.147612198000047 ], [ -7.003780519999964, 31.147150370000077 ], [ -7.003504386999964, 31.146831900000052 ], [ -7.003291250999951, 31.146548433000078 ], [ -7.003119080999966, 31.146228587000053 ], [ -7.002885194999976, 31.145945394000023 ], [ -7.002693503999978, 31.145697391000056 ], [ -7.002563583999972, 31.145412816000032 ], [ -7.002350503999935, 31.145129310000073 ], [ -7.00217897999994, 31.144845285000031 ], [ -7.001985057999946, 31.144472079000025 ], [ -7.00179113799993, 31.144098839000037 ], [ -7.001619667999933, 31.143814818000067 ], [ -7.001332143999946, 31.143442827000058 ], [ -7.001233111999966, 31.143139932000054 ], [ -7.001101923999954, 31.142783795000071 ], [ -7.001052499999957, 31.142346030000056 ], [ -7.001045000999966, 31.141925627000035 ], [ -7.001036223999961, 31.141433640000059 ], [ -7.00109849599994, 31.140842322000026 ], [ -7.001329563999946, 31.140382972000054 ], [ -7.001509904999978, 31.139995880000072 ], [ -7.001700281999945, 31.139590739000027 ], [ -7.001951901999973, 31.139117704000057 ], [ -7.002194559999964, 31.138725292000061 ], [ -7.002355805999969, 31.138436875000025 ], [ -7.002538216999938, 31.138166039000055 ], [ -7.002824282999939, 31.137875974000053 ], [ -7.003028425999958, 31.137658532000046 ], [ -7.003273227999955, 31.137386888000037 ], [ -7.003433549999954, 31.137044776000039 ], [ -7.003695436999976, 31.136567126000045 ], [ -7.003731125999934, 31.136235632000023 ], [ -7.003767602999972, 31.135948823000035 ], [ -7.00376216899997, 31.135644713000033 ], [ -7.003754496999932, 31.135215347000042 ], [ -7.003789385999937, 31.134839107000062 ], [ -7.003825551999967, 31.134534443000064 ], [ -7.003818198999966, 31.134122969000032 ], [ -7.003810846999954, 31.133711496000046 ], [ -7.003779571999928, 31.133416675000035 ], [ -7.003380530999948, 31.132911971000055 ], [ -7.003208388999951, 31.132592136000028 ], [ -7.003089519999946, 31.132343208000066 ], [ -7.002948582999977, 31.132022962000065 ], [ -7.002681602999928, 31.131632830000058 ], [ -7.002311253999949, 31.131279855000059 ], [ -7.00204780599995, 31.131086488000051 ], [ -7.00165984399996, 31.130912659000046 ], [ -7.001197539999964, 31.130650370000069 ], [ -7.000840776999951, 31.130476130000034 ], [ -6.999662779999937, 31.129740109000068 ], [ -6.999261283999942, 31.129387533000056 ], [ -6.998987083999964, 31.129176448000067 ], [ -6.998649266999962, 31.12889457600005 ], [ -6.998269806999929, 31.128613287000064 ], [ -6.997934541999939, 31.128474542000049 ], [ -6.997637642999962, 31.128156342000068 ], [ -6.99723807099997, 31.127911109000024 ], [ -6.996777226999939, 31.127729277000071 ], [ -6.996378417999949, 31.127528767000058 ], [ -6.996051165999972, 31.12725570300006 ], [ -6.995826904999944, 31.126927633000037 ], [ -6.995651645999942, 31.126428893000025 ], [ -6.99560244099996, 31.126000071000078 ], [ -6.995802096999967, 31.125532209000028 ], [ -6.995838287999959, 31.125227553000059 ], [ -6.995875111999965, 31.12495864400006 ], [ -6.995933049999962, 31.124707386000068 ], [ -6.995948753999926, 31.124420855000039 ], [ -6.995962236999958, 31.124009131000037 ], [ -6.996016678999979, 31.12356107200003 ], [ -6.996093499999972, 31.123202156000048 ], [ -6.99613000599993, 31.122915395000064 ], [ -6.996165875999964, 31.122592843000064 ], [ -6.996243607999929, 31.122287608000079 ], [ -6.996361066999953, 31.121874508000076 ], [ -6.99655630899997, 31.121441288000028 ], [ -6.99663837199995, 31.121092459000067 ], [ -6.996611370999972, 31.120743898000057 ], [ -6.996502620999934, 31.120476905000032 ], [ -6.996331161999933, 31.120192875000043 ], [ -6.996243528999969, 31.119943497000065 ], [ -6.996049409999955, 31.119552395000028 ], [ -6.995772070999976, 31.119162394000057 ], [ -6.995642847999932, 31.118913564000025 ], [ -6.995490939999968, 31.11855769400006 ], [ -6.995358242999941, 31.118112102000055 ], [ -6.995249172999934, 31.117827213000055 ], [ -6.995118998999942, 31.117524745000026 ], [ -6.994970471999977, 31.11713880700006 ], [ -6.994897703999925, 31.116776099000049 ], [ -6.994892618999927, 31.116489887000057 ], [ -6.994883719999962, 31.115988978000075 ], [ -6.994876727999952, 31.115595379000069 ], [ -6.994908620999979, 31.115049208000073 ], [ -6.995068140999933, 31.11466239400005 ], [ -6.995236710999961, 31.11419941500003 ], [ -6.995355339999946, 31.113853396000025 ], [ -6.995641348999925, 31.113563331000023 ], [ -6.995874436999941, 31.113220298000044 ], [ -6.996036321999952, 31.112967633000039 ], [ -6.996352401999957, 31.112614542000074 ], [ -6.996564851999949, 31.112280702000078 ], [ -6.996716482999943, 31.112037152000028 ], [ -6.996847015999947, 31.111775963000071 ], [ -6.997008276999964, 31.111487560000057 ], [ -6.997211125999968, 31.111198567000031 ], [ -6.997413923999943, 31.110909609000032 ], [ -6.997575816999927, 31.110656946000063 ], [ -6.997846310999932, 31.110371570000041 ], [ -6.997999660999938, 31.109933267000031 ], [ -6.998012218999975, 31.109470221000038 ], [ -6.998006328999963, 31.109139260000063 ], [ -6.998000755999954, 31.108826169000054 ], [ -6.997911210999973, 31.108469487000036 ], [ -6.997782037999968, 31.10822070200004 ], [ -6.997652823999942, 31.107971874000043 ], [ -6.997337935999951, 31.107515260000071 ], [ -6.997139836999963, 31.107191286000045 ], [ -6.99688681799995, 31.106997813000078 ], [ -6.996819671999958, 31.10673027100006 ], [ -6.996729817999949, 31.106355697000026 ], [ -6.996640602999946, 31.106016886000077 ], [ -6.99645770799998, 31.105670360000033 ], [ -6.996232866999947, 31.105306509000059 ], [ -6.99607119999996, 31.104986548000056 ], [ -6.995889082999952, 31.104684749000057 ], [ -6.995799893999958, 31.104345957000078 ], [ -6.995710360999965, 31.103989234000039 ], [ -6.995704638999939, 31.103667236000035 ], [ -6.995699550999973, 31.103380988000026 ], [ -6.995693828999947, 31.103058986000065 ], [ -6.995687310999926, 31.102692267000066 ], [ -6.995679864999943, 31.102273274000027 ], [ -6.995673480999926, 31.101914057000045 ], [ -6.995666486999937, 31.101520497000024 ], [ -6.995762634999949, 31.101080827000033 ], [ -6.99602574599993, 31.100674753000078 ], [ -6.996413601999961, 31.100267043000031 ], [ -6.996637670999974, 31.100004655000077 ], [ -6.996799545999977, 31.099751995000076 ], [ -6.99701194499994, 31.099418157000059 ], [ -6.997181564999948, 31.099017791000051 ], [ -6.997195913999974, 31.098655257000075 ], [ -6.997189548999927, 31.098297461000072 ], [ -6.997171832999925, 31.097886139000025 ], [ -6.997132213999976, 31.097412484000074 ], [ -6.997124098999961, 31.096956299000055 ], [ -6.997118371999932, 31.096634284000061 ], [ -6.997133434999967, 31.096311999000079 ], [ -6.99733656899997, 31.096040935000076 ], [ -6.997561755999925, 31.095841127000028 ], [ -6.997870065999962, 31.095640217000039 ], [ -6.998095250999938, 31.095440445000065 ], [ -6.99833896399997, 31.095115128000032 ], [ -6.998625564999941, 31.094860857000072 ], [ -6.998829476999958, 31.09463448200006 ], [ -6.999073978999945, 31.094353921000049 ], [ -6.999277414999938, 31.094100714000035 ], [ -6.999481483999944, 31.093883322000067 ], [ -6.999777316999939, 31.093566256000031 ], [ -7.000123385999927, 31.093150145000038 ], [ -7.000449940999943, 31.092805853000073 ], [ -7.00068215999994, 31.092418065000061 ], [ -7.000861569999927, 31.09198625700003 ], [ -7.000897725999948, 31.09168158600005 ], [ -7.000792085999933, 31.091339981000033 ], [ -7.000450676999947, 31.09109701400007 ], [ -7.000029292999955, 31.090932575000068 ], [ -6.999707052999952, 31.090675507000071 ], [ -6.999426283999981, 31.090493196000068 ], [ -6.998993497999948, 31.090418377000049 ], [ -6.998453187999928, 31.090434449000043 ], [ -6.998104595999962, 31.090707449000035 ], [ -6.997956319999957, 31.091138841000031 ], [ -6.997900797999932, 31.091524296000046 ], [ -6.997823051999944, 31.091829496000059 ], [ -6.997766091999949, 31.092134458000032 ], [ -6.997627911999928, 31.092547823000075 ], [ -6.99725945199998, 31.092874745000074 ], [ -6.996993660999976, 31.09312877800005 ], [ -6.996811031999925, 31.093381707000049 ], [ -6.996514441999977, 31.093658475000041 ], [ -6.996030613999949, 31.093928794000078 ], [ -6.995469077999928, 31.094055705000073 ], [ -6.994901169999935, 31.093299698000067 ], [ -6.994838948999927, 31.092918796000049 ], [ -6.994774187999951, 31.09239476700003 ], [ -6.995009670999934, 31.091842899000028 ], [ -6.995402965999972, 31.090334703000053 ], [ -6.995276879999949, 31.089477448000025 ], [ -6.994982751999942, 31.088527004000071 ], [ -6.994633232999945, 31.087577286000055 ], [ -6.994455913999957, 31.086959302000025 ], [ -6.993324448999942, 31.085685829000056 ], [ -6.992406243999937, 31.083932383000047 ], [ -6.99233643599996, 31.08312214700004 ], [ -6.990325782999946, 31.082289628000069 ], [ -6.989647124999976, 31.081535098000074 ], [ -6.989298541999972, 31.080633037000041 ], [ -6.988787843999944, 31.07997173900003 ], [ -6.987547374999963, 31.078795077000052 ], [ -6.987393748999978, 31.078448021000042 ], [ -6.986854444999949, 31.077229527000043 ], [ -6.986489044999928, 31.075373381000077 ], [ -6.986241218999965, 31.073897442000032 ], [ -6.985317420999934, 31.071810035000055 ], [ -6.98497223499993, 31.071098801000062 ], [ -6.984966423999936, 31.070769462000044 ], [ -6.98495960799994, 31.070383221000043 ], [ -6.978323355999976, 31.071280988000069 ], [ -6.976359000999935, 31.068589821000046 ], [ -6.975896845999955, 31.065682107000043 ], [ -6.975910647999967, 31.062783200000069 ], [ -6.974829782999961, 31.060411458000033 ], [ -6.974452108999969, 31.058627065000053 ], [ -6.974410302999956, 31.056241830000033 ], [ -6.974358048999932, 31.053260285000079 ], [ -6.972227952999958, 31.050305759000025 ], [ -6.972180992999938, 31.047622396000065 ], [ -6.970014637999952, 31.042580752000049 ], [ -6.967182013999945, 31.03903877700003 ], [ -6.962969833999978, 31.035812794000037 ], [ -6.960478785999953, 31.03196808000007 ], [ -6.957311001999926, 31.029026689000034 ], [ -6.95554372099997, 31.026961886000038 ], [ -6.954810016999943, 31.024585572000035 ], [ -6.953383993999978, 31.02221813500006 ], [ -6.949555165999925, 31.01887085900006 ], [ -6.94919923499998, 31.018308803000025 ], [ -6.948779677999937, 31.018075574000079 ], [ -6.948217574999944, 31.017605622000076 ], [ -6.947936546999927, 31.017370663000065 ], [ -6.947588290999931, 31.017255818000024 ], [ -6.947093385999949, 31.016665709000051 ], [ -6.946457955999961, 31.015958100000034 ], [ -6.946243057999936, 31.015543354000044 ], [ -6.946236901999953, 31.015185571000075 ], [ -6.945667650999951, 31.014298192000069 ], [ -6.945518919999927, 31.013703661000079 ], [ -6.945372283999973, 31.013228396000045 ], [ -6.94522560799993, 31.012753132000057 ], [ -6.944804037999972, 31.012400666000076 ], [ -6.944384561999925, 31.012167428000055 ], [ -6.944105608999962, 31.012051692000057 ], [ -6.943549670999971, 31.011939519000066 ], [ -6.942849152999941, 31.011471271000062 ], [ -6.942429686999958, 31.011238063000064 ], [ -6.942012268999974, 31.011124085000063 ], [ -6.941869704999931, 31.010887307000075 ], [ -6.941861520999964, 31.010410295000042 ], [ -6.941855382999961, 31.010052513000062 ], [ -6.94156616999993, 31.009340474000055 ], [ -6.941561056999944, 31.009042344000079 ], [ -6.94141547299995, 31.008626709000055 ], [ -6.941126267999948, 31.007914670000048 ], [ -6.940700688999925, 31.007323657000029 ], [ -6.940553024999929, 31.006788756000049 ], [ -6.940409450999937, 31.006492351000077 ], [ -6.940264854999953, 31.006136348000041 ], [ -6.940050049999968, 31.005721593000032 ], [ -6.939833161999957, 31.005187571000079 ], [ -6.93927322899998, 31.004836846000046 ], [ -6.938847675999966, 31.004245828000023 ], [ -6.938422087999925, 31.003654809000068 ], [ -6.93799858899996, 31.003183054000033 ], [ -6.937717589999977, 31.002948030000027 ], [ -6.937575091999975, 31.002711255000065 ], [ -6.93742541499995, 31.002057103000027 ], [ -6.93713932299994, 31.001523973000076 ], [ -6.936848177999934, 31.000692660000027 ], [ -6.936699526999973, 31.000098123000043 ], [ -6.936416504999954, 30.999743873000057 ], [ -6.93626581999996, 30.99903007000006 ], [ -6.935980804999929, 30.998556554000061 ], [ -6.935485059999962, 30.997906770000043 ], [ -6.934848836999947, 30.997139510000068 ], [ -6.934424326999931, 30.996608094000067 ], [ -6.934140346999925, 30.996194181000078 ], [ -6.933714818999931, 30.995603149000033 ], [ -6.933431871999971, 30.995248893000053 ], [ -6.933010420999949, 30.994896389000075 ], [ -6.932723401999965, 30.994303600000023 ], [ -6.932366127999956, 30.993652054000052 ], [ -6.932010891999937, 30.993119772000057 ], [ -6.931868383999927, 30.992882992000034 ], [ -6.93171977999998, 30.992288451000036 ], [ -6.931434809999928, 30.991814926000075 ], [ -6.93100729899993, 30.991104655000072 ], [ -6.930792571999973, 30.990689850000024 ], [ -6.930439365999973, 30.990276831000074 ], [ -6.930153393999944, 30.989743670000053 ], [ -6.930005821999941, 30.989208760000054 ], [ -6.929720829999951, 30.988735232000067 ], [ -6.929299473999947, 30.988382716000046 ], [ -6.929016556999954, 30.988028408000048 ], [ -6.928731572999936, 30.987554877000036 ], [ -6.928587055999969, 30.987198865000039 ], [ -6.928440510999962, 30.986723587000029 ], [ -6.928434427999946, 30.986365792000072 ], [ -6.928277830999946, 30.985997908000058 ], [ -6.928007006999962, 30.985655512000051 ], [ -6.927445214999977, 30.985185435000062 ], [ -6.92673892199997, 30.984359378000079 ], [ -6.92618119399998, 30.984127826000076 ], [ -6.925728270999969, 30.983954632000064 ], [ -6.92520210999993, 30.983543743000041 ], [ -6.923663338999972, 30.982608859000038 ], [ -6.92268226799996, 30.981905527000038 ], [ -6.922403436999957, 30.981789741000057 ], [ -6.921986139999944, 30.981675696000025 ], [ -6.921009169999934, 30.981210844000032 ], [ -6.920589857999971, 30.980977521000057 ], [ -6.920311032999962, 30.980861732000051 ], [ -6.919753343999957, 30.980630187000031 ], [ -6.919197671999939, 30.980517868000049 ], [ -6.91850156299995, 30.980288053000038 ], [ -6.917805457999975, 30.98005820000003 ], [ -6.917386160999968, 30.979824873000041 ], [ -6.915991996999935, 30.979245918000061 ], [ -6.915576720999979, 30.979251115000068 ], [ -6.914815459999943, 30.979260640000064 ], [ -6.914190570999949, 30.979149201000041 ], [ -6.913636922999956, 30.979156122000063 ], [ -6.912804464999965, 30.979047232000028 ], [ -6.912244758999975, 30.978696389000049 ], [ -6.91112944899993, 30.978233150000051 ], [ -6.91028498299994, 30.977408727000068 ], [ -6.91000613999995, 30.977292914000031 ], [ -6.909304073999976, 30.976705252000045 ], [ -6.908742435999955, 30.976235127000052 ], [ -6.908040384999936, 30.975647459000072 ], [ -6.907480759999942, 30.975296592000063 ], [ -6.907195921999971, 30.974823016000073 ], [ -6.906705511999974, 30.974471248000043 ], [ -6.906349524999939, 30.973879258000068 ], [ -6.905781885999943, 30.973051362000035 ], [ -6.905354707999948, 30.97234097200004 ], [ -6.904858331999947, 30.971631476000027 ], [ -6.904502326999932, 30.971039488000031 ], [ -6.904079157999945, 30.970567623000079 ], [ -6.903936758999976, 30.970330813000032 ], [ -6.903230798999971, 30.969504589000053 ], [ -6.902801663999981, 30.96867496200008 ], [ -6.902236124999945, 30.967966281000031 ], [ -6.901670595999974, 30.967257632000042 ], [ -6.900549470999977, 30.966436543000043 ], [ -6.899430396999946, 30.965734699000052 ], [ -6.899288017999936, 30.965497920000075 ], [ -6.898311340999953, 30.965032889000042 ], [ -6.89775379799994, 30.964801209000029 ], [ -6.897055878999936, 30.96445200900007 ], [ -6.896427165999967, 30.964101914000025 ], [ -6.895864681999967, 30.963572118000059 ], [ -6.895371361999935, 30.963041430000033 ], [ -6.894950260999963, 30.962688800000024 ], [ -6.894667561999938, 30.962334459000033 ], [ -6.894521236999935, 30.961859129000061 ], [ -6.894514009999966, 30.961424313000066 ], [ -6.894503397999927, 30.960785805000057 ], [ -6.894357074999959, 30.960310492000076 ], [ -6.894351129999961, 30.959952736000048 ], [ -6.894066417999966, 30.95947913200007 ], [ -6.893922123999971, 30.959123083000065 ], [ -6.893779768999934, 30.958886262000078 ], [ -6.893773825999972, 30.95852850600005 ], [ -6.893629492999935, 30.958172414000046 ], [ -6.893344830999979, 30.957698807000043 ], [ -6.893058150999934, 30.957105937000051 ], [ -6.89277345499994, 30.956632330000048 ], [ -6.892488802999935, 30.956158722000055 ], [ -6.891931337999949, 30.955927016000032 ], [ -6.89124951499997, 30.954659154000069 ], [ -6.893105525999943, 30.954557204000025 ], [ -6.920481720999931, 30.953050336000047 ], [ -6.922136028999944, 30.953266285000041 ], [ -6.924149735999947, 30.95352912900006 ], [ -6.926034955999967, 30.953775169000039 ], [ -6.936050062999925, 30.955075425000075 ], [ -6.938041276999968, 30.955324773000029 ], [ -6.947193441999957, 30.956503904000044 ], [ -6.955763528999967, 30.957616115000064 ], [ -6.962506640999948, 30.958458385000029 ], [ -6.970585823999954, 30.95952231900003 ], [ -6.986134790999927, 30.961524379000025 ], [ -6.992620157999966, 30.939785071000074 ], [ -7.002071819999969, 30.941275176000033 ], [ -7.002513953999937, 30.941342649000035 ], [ -7.006825954999954, 30.942573749000076 ], [ -7.01446915799994, 30.942806032000078 ], [ -7.039801, 30.941654452000023 ], [ -7.044129331999955, 30.940458071000023 ], [ -7.043877218999967, 30.940157517000046 ], [ -7.043562277999968, 30.939928888000054 ], [ -7.043291435999947, 30.93972780200005 ], [ -7.043018337999968, 30.939361706000057 ], [ -7.042929662999939, 30.939052795000066 ], [ -7.042896326999937, 30.93874308900007 ], [ -7.042806780999967, 30.938386476000062 ], [ -7.042702564999956, 30.93798233800004 ], [ -7.042585779999968, 30.937649914000076 ], [ -7.042490839999971, 30.937376869000047 ], [ -7.042256021999947, 30.937022204000073 ], [ -7.04204059999995, 30.936668119000046 ], [ -7.041827501999933, 30.936288479000041 ], [ -7.041520354999932, 30.935761840000055 ], [ -7.041304380999975, 30.935299575000045 ], [ -7.041166309999937, 30.934937610000077 ], [ -7.04096696199997, 30.934630199000026 ], [ -7.040788808999935, 30.934346336000033 ], [ -7.040611336999973, 30.934098253000059 ], [ -7.040348968999979, 30.93374992300005 ], [ -7.040101769999978, 30.933472962000053 ], [ -7.039848196999969, 30.933225907000065 ], [ -7.039577197999961, 30.932973122000078 ], [ -7.039353036999955, 30.932630257000028 ], [ -7.039216172999943, 30.932333884000059 ], [ -7.039072933999933, 30.932067459000052 ], [ -7.038853302999939, 30.931784141000037 ], [ -7.03859929999993, 30.931513248000044 ], [ -7.038253982999947, 30.931356883000035 ], [ -7.03776795999994, 30.931452926000077 ], [ -7.037412614999937, 30.931314587000031 ], [ -7.037180431999957, 30.931103028000052 ], [ -7.036946955999952, 30.930819905000078 ], [ -7.036734595999974, 30.930554394000069 ], [ -7.036639408999974, 30.93026642600006 ], [ -7.036571458999958, 30.929954228000042 ], [ -7.036377536999964, 30.929563213000051 ], [ -7.036220798999977, 30.929314861000023 ], [ -7.036035142999935, 30.928995289000056 ], [ -7.035994310999968, 30.928594473000032 ], [ -7.03598164899995, 30.928244518000042 ], [ -7.036052362999953, 30.927849963000028 ], [ -7.036174016999951, 30.927502409000056 ], [ -7.036307780999948, 30.927250111000035 ], [ -7.036522939999941, 30.926907244000063 ], [ -7.036718435999944, 30.92662430200005 ], [ -7.036858387999928, 30.926333144000068 ], [ -7.036977303999947, 30.926024403000042 ], [ -7.03710373399997, 30.925748328000054 ], [ -7.037269709999975, 30.925364391000073 ], [ -7.037402709999981, 30.925070351000045 ], [ -7.037597415999926, 30.924745657000074 ], [ -7.037709897999946, 30.924463823000053 ], [ -7.037726943999928, 30.924069964000068 ], [ -7.037559443999953, 30.923610020000069 ], [ -7.037239187999944, 30.923307210000075 ], [ -7.036999244999947, 30.923048028000039 ], [ -7.036816238999961, 30.922780629000044 ], [ -7.036470553999948, 30.922506487000078 ], [ -7.036259692999977, 30.922324442000047 ], [ -7.03600770099996, 30.922160878000057 ], [ -7.035656935999953, 30.92189423800005 ], [ -7.035192797999969, 30.921667933000037 ], [ -7.034705091999967, 30.921477694000032 ], [ -7.034241753999936, 30.921296080000047 ], [ -7.033813814999974, 30.921158730000059 ], [ -7.033427907999965, 30.921050624000031 ], [ -7.033134835999931, 30.92091143500005 ], [ -7.032848034999972, 30.920736379000061 ], [ -7.032408199999963, 30.920515691000048 ], [ -7.03208841299994, 30.920318437000049 ], [ -7.031765870999948, 30.920190346000027 ], [ -7.031320555999969, 30.92004727300008 ], [ -7.030916281999964, 30.919879755000068 ], [ -7.03054028899993, 30.919619981000039 ], [ -7.030112798999937, 30.919249439000055 ], [ -7.029770060999965, 30.918851495000069 ], [ -7.029486643999974, 30.918479569000056 ], [ -7.029362589999948, 30.918123392000041 ], [ -7.029343573999938, 30.91783739300007 ], [ -7.029337741999939, 30.917515404000028 ], [ -7.034811262999938, 30.916387003000068 ], [ -7.038627302999942, 30.915708564000056 ], [ -7.045473098999935, 30.911914487000047 ], [ -7.048702468999977, 30.910124455000073 ], [ -7.048893262999968, 30.908919555000068 ], [ -7.050795401999949, 30.896903684000051 ], [ -7.055497948999971, 30.866153573000076 ], [ -7.055884277999951, 30.863626492000037 ], [ -7.080889107999951, 30.853231941000047 ], [ -7.081696591999957, 30.852874858000064 ], [ -7.08318215099996, 30.852217919000054 ], [ -7.087883593999948, 30.850053134000063 ], [ -7.09394898599993, 30.847654351000074 ], [ -7.099091266999949, 30.845435230000078 ], [ -7.104510798999968, 30.843271634000075 ], [ -7.113903799999946, 30.839262380000037 ], [ -7.115625181999974, 30.838552591000052 ], [ -7.119595587999981, 30.836915310000052 ], [ -7.120140994999929, 30.816790623000031 ], [ -7.120768098999974, 30.816094380000038 ], [ -7.12114829799998, 30.815670670000031 ], [ -7.123634562999939, 30.81632705100003 ], [ -7.125829826999961, 30.816939792000028 ], [ -7.127052487999947, 30.817280181000058 ], [ -7.128511653999965, 30.817700638000076 ], [ -7.131010127999957, 30.818412352000053 ], [ -7.135522585999979, 30.819641795000052 ], [ -7.138475262999975, 30.820464123000079 ], [ -7.161485335999942, 30.826722785000072 ], [ -7.16158755999993, 30.827799900000059 ], [ -7.161615304999941, 30.828314455000054 ], [ -7.161871296999948, 30.832424127000024 ], [ -7.161782984999945, 30.834151225000028 ], [ -7.161540100999957, 30.855931818000045 ], [ -7.161499897999931, 30.858783766000045 ], [ -7.161375373999931, 30.869377580000048 ], [ -7.161267751999958, 30.870237945000042 ], [ -7.161978727999951, 30.904437338000037 ], [ -7.158424604999936, 30.910134486000061 ], [ -7.149180562999959, 30.924948732000075 ], [ -7.148414399999979, 30.927712253000038 ], [ -7.147822966999968, 30.92987284000003 ], [ -7.147592580999969, 30.93083518800006 ], [ -7.147346447999951, 30.931840755000053 ], [ -7.147067943999957, 30.932889663000026 ], [ -7.146960909999962, 30.93392564800007 ], [ -7.146480493999945, 30.934984823000036 ], [ -7.146440559999974, 30.936045841000066 ], [ -7.145608740999933, 30.939020120000066 ], [ -7.143404529999941, 30.946900791000076 ], [ -7.143131306999976, 30.947086025000033 ], [ -7.142542307999975, 30.947543019000079 ], [ -7.142301913999972, 30.947708719000047 ], [ -7.141294238999933, 30.948151829000039 ], [ -7.139076158999956, 30.950384335000024 ], [ -7.139625515999967, 30.951394053000058 ], [ -7.140270119999968, 30.952663508000057 ], [ -7.140729866999948, 30.953534829000034 ], [ -7.141164566999976, 30.954253827000059 ], [ -7.141692228999943, 30.955200542000057 ], [ -7.142350199999953, 30.956011721000039 ], [ -7.142784144999951, 30.956692579000048 ], [ -7.143150210999977, 30.95729803200004 ], [ -7.14342443299995, 30.957733064000024 ], [ -7.14376612999996, 30.958224374000054 ], [ -7.14419718399995, 30.958752551000032 ], [ -7.144607546999964, 30.959215057000051 ], [ -7.144991329999925, 30.959734375000039 ], [ -7.145505725999953, 30.960561939000058 ], [ -7.146235280999974, 30.961780069000042 ], [ -7.147066351999968, 30.963272051000047 ], [ -7.146791604999976, 30.963669 ], [ -7.146613313999978, 30.964182099000027 ], [ -7.146351638999931, 30.964772364000055 ], [ -7.146218221999959, 30.965030755000043 ], [ -7.146008823999978, 30.965296222000063 ], [ -7.145703590999972, 30.965616733000047 ], [ -7.145417239999972, 30.96584153200007 ], [ -7.14505281299995, 30.966143496000029 ], [ -7.144624411999928, 30.966359898000064 ], [ -7.144365985999968, 30.966596247000041 ], [ -7.14420733399993, 30.966980255000067 ], [ -7.144022323999934, 30.967433216000074 ], [ -7.143851715999972, 30.967915796000057 ], [ -7.143773898999939, 30.968185304000031 ], [ -7.143647944999941, 30.96847342500007 ], [ -7.143521229999976, 30.968719787000055 ], [ -7.143299128999956, 30.969045039000036 ], [ -7.143045645999962, 30.969358834000047 ], [ -7.142750982999928, 30.96969109500003 ], [ -7.142500278999933, 30.969969080000055 ], [ -7.142359708999948, 30.970215633000066 ], [ -7.142276414999969, 30.970559796000032 ], [ -7.142232876999969, 30.970992817000024 ], [ -7.142179263999935, 30.971261996000067 ], [ -7.142169424999963, 30.971654373000035 ], [ -7.14223055399998, 30.972114857000065 ], [ -7.142235544999949, 30.972372432000043 ], [ -7.141851605999932, 30.972564065000029 ], [ -7.141360551999981, 30.972591864000037 ], [ -7.141072476999966, 30.972906153000054 ], [ -7.140830208999944, 30.973264524000058 ], [ -7.140638016999958, 30.973705650000056 ], [ -7.140503835999937, 30.974104200000056 ], [ -7.140292709999926, 30.974283189000062 ], [ -7.139912065999965, 30.974643547000028 ], [ -7.139279577999957, 30.975190303000034 ], [ -7.139227447999929, 30.97553728500003 ], [ -7.139260372999956, 30.975971745000038 ], [ -7.139320003999956, 30.976313711000046 ], [ -7.139350300999979, 30.976592402000051 ], [ -7.139581613999951, 30.977456287000052 ], [ -7.139711195999951, 30.978071137000029 ], [ -7.139503255999955, 30.978690426000071 ], [ -7.139363799999956, 30.979079311000078 ], [ -7.139205950999951, 30.979506233000052 ], [ -7.138844656999936, 30.980296331000034 ], [ -7.138712280999925, 30.980610758000068 ], [ -7.138498050999942, 30.981274684000027 ], [ -7.138431819999937, 30.981571466000048 ], [ -7.138278693999951, 30.982103290000055 ], [ -7.138195067999959, 30.982502919000069 ], [ -7.13812102199995, 30.982852439000055 ], [ -7.13824466799997, 30.983212370000047 ], [ -7.138477612999964, 30.983946218000028 ], [ -7.138471773999981, 30.984359027000039 ], [ -7.13840205899993, 30.984784193000053 ], [ -7.138513572999955, 30.985745942000051 ], [ -7.13860654299998, 30.986168681000038 ], [ -7.138688210999931, 30.986525357000062 ], [ -7.138813890999927, 30.987010239000028 ], [ -7.138930467999955, 30.987417724000068 ], [ -7.139109444999974, 30.987919431000023 ], [ -7.139389213999948, 30.98825785300005 ], [ -7.139626587999942, 30.988481096000044 ], [ -7.139723276999973, 30.988752830000067 ], [ -7.139643256999932, 30.989299376000076 ], [ -7.139646378999942, 30.989961363000077 ], [ -7.139617491999957, 30.990329193000036 ], [ -7.139637038999979, 30.990765500000066 ], [ -7.139527783999938, 30.99141839400005 ], [ -7.139394401999937, 30.991823478000072 ], [ -7.139145325999948, 30.992404398000076 ], [ -7.139087592999942, 30.992712991000076 ], [ -7.139055026999927, 30.993033160000039 ], [ -7.139032304999944, 30.993434284000045 ], [ -7.139044197999965, 30.993760979000058 ], [ -7.139087429999961, 30.994278059000067 ], [ -7.139138515999946, 30.994771158000049 ], [ -7.139289557999973, 30.995420315000047 ], [ -7.139487195999948, 30.996238500000061 ], [ -7.140050664999933, 30.998415483000031 ], [ -7.138339402999975, 31.000244591000069 ], [ -7.139005773999941, 31.000402068000028 ], [ -7.137862422999945, 31.001430030000051 ], [ -7.137122942999952, 31.002146852000067 ], [ -7.135993556999949, 31.003327265000053 ], [ -7.135030858999926, 31.004676990000064 ], [ -7.134786327999961, 31.005348028000071 ], [ -7.134436321999942, 31.006308448000027 ], [ -7.134327887999973, 31.007053107000047 ], [ -7.133983031999946, 31.008116679000068 ], [ -7.134284710999964, 31.014077214000054 ], [ -7.134865671999933, 31.01688267000003 ], [ -7.135474359999932, 31.01977559900007 ], [ -7.136534752999978, 31.022597388000065 ], [ -7.137984978999953, 31.024658314000078 ], [ -7.139162967999937, 31.029446846000042 ], [ -7.140438914999947, 31.034000439000067 ], [ -7.141763813999944, 31.03870265200004 ], [ -7.14202116599995, 31.03934451300006 ], [ -7.145327387999941, 31.042529544000047 ], [ -7.148568889999979, 31.046777272000043 ], [ -7.150784357999953, 31.049151989000052 ], [ -7.15183570399995, 31.050276822000058 ], [ -7.159287902999949, 31.054273737000074 ], [ -7.163138538999931, 31.056340987000056 ], [ -7.165310408999972, 31.057406378000053 ], [ -7.168816913999933, 31.058629180000025 ], [ -7.170983744999944, 31.060473066000043 ], [ -7.173668511999949, 31.062606587000062 ], [ -7.17660521199997, 31.065040673000055 ], [ -7.179096398999945, 31.067386857000031 ], [ -7.181372361999934, 31.069547458000045 ], [ -7.183579041999963, 31.071661119000055 ], [ -7.186190066999927, 31.075197488000072 ], [ -7.18800301999994, 31.077754060000075 ], [ -7.189896644999976, 31.080238618000067 ], [ -7.191451263999966, 31.082161976000066 ], [ -7.193008817999953, 31.084226814000033 ], [ -7.194525706999968, 31.08630641600007 ], [ -7.196125728999959, 31.088352076000035 ], [ -7.197731973999964, 31.089854308000042 ], [ -7.199614745999952, 31.091772710000043 ], [ -7.20161767899998, 31.093547725000064 ], [ -7.203490654999939, 31.094970794000062 ], [ -7.204578036999976, 31.09605164900006 ], [ -7.20595300399998, 31.097163565000074 ], [ -7.206913226999973, 31.098033987000065 ], [ -7.208166740999957, 31.099218486000041 ], [ -7.209290925999937, 31.100086410000074 ], [ -7.210950740999976, 31.101087867000047 ], [ -7.212278455999979, 31.101881950000063 ], [ -7.213523519999967, 31.102641879000032 ], [ -7.214910271999941, 31.103515077000054 ], [ -7.215993910999941, 31.104197374000023 ], [ -7.218441053999925, 31.105611628000077 ], [ -7.219551660999969, 31.106326977000037 ], [ -7.22064241299995, 31.10702952500003 ], [ -7.223048001999928, 31.108408894000036 ], [ -7.225751343999946, 31.110314578000043 ], [ -7.227791153999931, 31.111840942000072 ], [ -7.230745628999955, 31.113990435000062 ], [ -7.232659760999979, 31.115377077000062 ], [ -7.233908797999959, 31.116313668000032 ], [ -7.234628586999975, 31.116762864000066 ], [ -7.234980064999945, 31.117010229000073 ], [ -7.235613021999939, 31.117455746000076 ], [ -7.236630581999975, 31.118146940000031 ], [ -7.238237921999939, 31.119166927000038 ], [ -7.244988448999948, 31.12239519700006 ], [ -7.244625562999943, 31.123390095000047 ], [ -7.244093599999928, 31.12618377900003 ], [ -7.244839756999966, 31.127741195000056 ], [ -7.245550948999949, 31.129281238000033 ], [ -7.246711751999953, 31.131975256000032 ], [ -7.237710095999944, 31.134807980000062 ], [ -7.234011520999957, 31.142224331000079 ], [ -7.223762603999944, 31.150100806000069 ], [ -7.217289863999952, 31.155135526000038 ], [ -7.208423773999925, 31.159928120000075 ], [ -7.202737085999956, 31.163253863000079 ], [ -7.198875015999931, 31.163893531000042 ], [ -7.194187518999968, 31.164368059000026 ], [ -7.190837574999932, 31.163090066000052 ], [ -7.189829580999969, 31.163404941000067 ], [ -7.187149981999937, 31.164242018000039 ], [ -7.18503568999995, 31.164547503000051 ], [ -7.182492012999944, 31.164584896000065 ], [ -7.178175557999964, 31.16611167700006 ], [ -7.174376260999964, 31.166990468000051 ], [ -7.173124245999929, 31.168014862000064 ], [ -7.170918312999959, 31.16905319600005 ], [ -7.168367251999939, 31.16872453700006 ], [ -7.166121647999944, 31.167751120000048 ], [ -7.164287447999925, 31.16613144400003 ], [ -7.162336193999977, 31.165570872000046 ], [ -7.158529988999931, 31.164477208000051 ] ] ] } },
{ "type": "Feature", "properties": { "ADM4_FR": "Amerzgane", "ADM4_AR": "امرزكان", "ADM4_PCODE": "MA00300140103032", "ADM4_REF": null, "ADM3_FR": "Amerzgane", "ADM3_AR": "امرزكان", "ADM3_PCODE": "MA0030014010303", "ADM2_FR": "Ouarzazate", "ADM2_AR": "ورزازات", "ADM2_PCODE": "MA003001", "ADM1_FR": "Drâa-Tafilalet", "ADM1_AR": "درعة - تافيلالت", "ADM1_PCODE": "MA003", "ADM0_EN": "Morocco", "ADM0_FR": "Moroc (le)", "ADM0_AR": "المغرب", "ADM0_PCODE": "MA", "date": "2023-09-15", "validOn": "2023-09-25", "validTo": null, "Shape_Leng": 1.5827380719899999, "Shape_Area": 0.083630203336499995, "AREA_SQKM": 885.72840562800002, "Cases": 22 }, "geometry": { "type": "Polygon", "coordinates": [ [ [ -7.197731973999964, 31.089854308000042 ], [ -7.196125728999959, 31.088352076000035 ], [ -7.194525706999968, 31.08630641600007 ], [ -7.193008817999953, 31.084226814000033 ], [ -7.191451263999966, 31.082161976000066 ], [ -7.189896644999976, 31.080238618000067 ], [ -7.18800301999994, 31.077754060000075 ], [ -7.186190066999927, 31.075197488000072 ], [ -7.183579041999963, 31.071661119000055 ], [ -7.181372361999934, 31.069547458000045 ], [ -7.179096398999945, 31.067386857000031 ], [ -7.17660521199997, 31.065040673000055 ], [ -7.173668511999949, 31.062606587000062 ], [ -7.170983744999944, 31.060473066000043 ], [ -7.168816913999933, 31.058629180000025 ], [ -7.165310408999972, 31.057406378000053 ], [ -7.163138538999931, 31.056340987000056 ], [ -7.159287902999949, 31.054273737000074 ], [ -7.15183570399995, 31.050276822000058 ], [ -7.150784357999953, 31.049151989000052 ], [ -7.148568889999979, 31.046777272000043 ], [ -7.145327387999941, 31.042529544000047 ], [ -7.14202116599995, 31.03934451300006 ], [ -7.141763813999944, 31.03870265200004 ], [ -7.140438914999947, 31.034000439000067 ], [ -7.139162967999937, 31.029446846000042 ], [ -7.137984978999953, 31.024658314000078 ], [ -7.136534752999978, 31.022597388000065 ], [ -7.135474359999932, 31.01977559900007 ], [ -7.134865671999933, 31.01688267000003 ], [ -7.134284710999964, 31.014077214000054 ], [ -7.133983031999946, 31.008116679000068 ], [ -7.134327887999973, 31.007053107000047 ], [ -7.134436321999942, 31.006308448000027 ], [ -7.134786327999961, 31.005348028000071 ], [ -7.135030858999926, 31.004676990000064 ], [ -7.135993556999949, 31.003327265000053 ], [ -7.137122942999952, 31.002146852000067 ], [ -7.137862422999945, 31.001430030000051 ], [ -7.139005773999941, 31.000402068000028 ], [ -7.138339402999975, 31.000244591000069 ], [ -7.140050664999933, 30.998415483000031 ], [ -7.139487195999948, 30.996238500000061 ], [ -7.139289557999973, 30.995420315000047 ], [ -7.139138515999946, 30.994771158000049 ], [ -7.139087429999961, 30.994278059000067 ], [ -7.139044197999965, 30.993760979000058 ], [ -7.139032304999944, 30.993434284000045 ], [ -7.139055026999927, 30.993033160000039 ], [ -7.139087592999942, 30.992712991000076 ], [ -7.139145325999948, 30.992404398000076 ], [ -7.139394401999937, 30.991823478000072 ], [ -7.139527783999938, 30.99141839400005 ], [ -7.139637038999979, 30.990765500000066 ], [ -7.139617491999957, 30.990329193000036 ], [ -7.139646378999942, 30.989961363000077 ], [ -7.139643256999932, 30.989299376000076 ], [ -7.139723276999973, 30.988752830000067 ], [ -7.139626587999942, 30.988481096000044 ], [ -7.139389213999948, 30.98825785300005 ], [ -7.139109444999974, 30.987919431000023 ], [ -7.138930467999955, 30.987417724000068 ], [ -7.138813890999927, 30.987010239000028 ], [ -7.138688210999931, 30.986525357000062 ], [ -7.13860654299998, 30.986168681000038 ], [ -7.138513572999955, 30.985745942000051 ], [ -7.13840205899993, 30.984784193000053 ], [ -7.138471773999981, 30.984359027000039 ], [ -7.138477612999964, 30.983946218000028 ], [ -7.13824466799997, 30.983212370000047 ], [ -7.13812102199995, 30.982852439000055 ], [ -7.138195067999959, 30.982502919000069 ], [ -7.138278693999951, 30.982103290000055 ], [ -7.138431819999937, 30.981571466000048 ], [ -7.138498050999942, 30.981274684000027 ], [ -7.138712280999925, 30.980610758000068 ], [ -7.138844656999936, 30.980296331000034 ], [ -7.139205950999951, 30.979506233000052 ], [ -7.139363799999956, 30.979079311000078 ], [ -7.139503255999955, 30.978690426000071 ], [ -7.139711195999951, 30.978071137000029 ], [ -7.139581613999951, 30.977456287000052 ], [ -7.139350300999979, 30.976592402000051 ], [ -7.139320003999956, 30.976313711000046 ], [ -7.139260372999956, 30.975971745000038 ], [ -7.139227447999929, 30.97553728500003 ], [ -7.139279577999957, 30.975190303000034 ], [ -7.139912065999965, 30.974643547000028 ], [ -7.140292709999926, 30.974283189000062 ], [ -7.140503835999937, 30.974104200000056 ], [ -7.140638016999958, 30.973705650000056 ], [ -7.140830208999944, 30.973264524000058 ], [ -7.141072476999966, 30.972906153000054 ], [ -7.141360551999981, 30.972591864000037 ], [ -7.141851605999932, 30.972564065000029 ], [ -7.142235544999949, 30.972372432000043 ], [ -7.14223055399998, 30.972114857000065 ], [ -7.142169424999963, 30.971654373000035 ], [ -7.142179263999935, 30.971261996000067 ], [ -7.142232876999969, 30.970992817000024 ], [ -7.142276414999969, 30.970559796000032 ], [ -7.142359708999948, 30.970215633000066 ], [ -7.142500278999933, 30.969969080000055 ], [ -7.142750982999928, 30.96969109500003 ], [ -7.143045645999962, 30.969358834000047 ], [ -7.143299128999956, 30.969045039000036 ], [ -7.143521229999976, 30.968719787000055 ], [ -7.143647944999941, 30.96847342500007 ], [ -7.143773898999939, 30.968185304000031 ], [ -7.143851715999972, 30.967915796000057 ], [ -7.144022323999934, 30.967433216000074 ], [ -7.14420733399993, 30.966980255000067 ], [ -7.144365985999968, 30.966596247000041 ], [ -7.144624411999928, 30.966359898000064 ], [ -7.14505281299995, 30.966143496000029 ], [ -7.145417239999972, 30.96584153200007 ], [ -7.145703590999972, 30.965616733000047 ], [ -7.146008823999978, 30.965296222000063 ], [ -7.146218221999959, 30.965030755000043 ], [ -7.146351638999931, 30.964772364000055 ], [ -7.146613313999978, 30.964182099000027 ], [ -7.146791604999976, 30.963669 ], [ -7.147066351999968, 30.963272051000047 ], [ -7.146235280999974, 30.961780069000042 ], [ -7.145505725999953, 30.960561939000058 ], [ -7.144991329999925, 30.959734375000039 ], [ -7.144607546999964, 30.959215057000051 ], [ -7.14419718399995, 30.958752551000032 ], [ -7.14376612999996, 30.958224374000054 ], [ -7.14342443299995, 30.957733064000024 ], [ -7.143150210999977, 30.95729803200004 ], [ -7.142784144999951, 30.956692579000048 ], [ -7.142350199999953, 30.956011721000039 ], [ -7.141692228999943, 30.955200542000057 ], [ -7.141164566999976, 30.954253827000059 ], [ -7.140729866999948, 30.953534829000034 ], [ -7.140270119999968, 30.952663508000057 ], [ -7.139625515999967, 30.951394053000058 ], [ -7.139076158999956, 30.950384335000024 ], [ -7.141294238999933, 30.948151829000039 ], [ -7.142301913999972, 30.947708719000047 ], [ -7.142542307999975, 30.947543019000079 ], [ -7.143131306999976, 30.947086025000033 ], [ -7.143404529999941, 30.946900791000076 ], [ -7.145608740999933, 30.939020120000066 ], [ -7.146440559999974, 30.936045841000066 ], [ -7.146480493999945, 30.934984823000036 ], [ -7.146960909999962, 30.93392564800007 ], [ -7.147067943999957, 30.932889663000026 ], [ -7.147346447999951, 30.931840755000053 ], [ -7.147592580999969, 30.93083518800006 ], [ -7.147822966999968, 30.92987284000003 ], [ -7.148414399999979, 30.927712253000038 ], [ -7.149180562999959, 30.924948732000075 ], [ -7.158424604999936, 30.910134486000061 ], [ -7.161978727999951, 30.904437338000037 ], [ -7.161267751999958, 30.870237945000042 ], [ -7.161375373999931, 30.869377580000048 ], [ -7.161499897999931, 30.858783766000045 ], [ -7.161540100999957, 30.855931818000045 ], [ -7.161782984999945, 30.834151225000028 ], [ -7.161871296999948, 30.832424127000024 ], [ -7.161615304999941, 30.828314455000054 ], [ -7.163667995999958, 30.829085028000065 ], [ -7.164798718999975, 30.829465232000075 ], [ -7.16916049799994, 30.832802375000028 ], [ -7.171642020999968, 30.834147647000066 ], [ -7.175348737999968, 30.835368602000074 ], [ -7.177071019999971, 30.835555874000079 ], [ -7.180871151999952, 30.835287396000069 ], [ -7.184400582999956, 30.833747471000038 ], [ -7.187943273999963, 30.832536148000031 ], [ -7.192622777999929, 30.831268944000044 ], [ -7.195892439999966, 30.831220426000073 ], [ -7.200366689999953, 30.831020756000044 ], [ -7.204047185999968, 30.831038761000059 ], [ -7.208164017999934, 30.830928630000074 ], [ -7.220563643999981, 30.831295384000043 ], [ -7.232410242999947, 30.833068410000067 ], [ -7.24616833999994, 30.835728708000033 ], [ -7.253002811999977, 30.837328570000068 ], [ -7.262117099999955, 30.839902628000061 ], [ -7.27113621999996, 30.843043041000044 ], [ -7.272731582999938, 30.843652276000057 ], [ -7.278299784999945, 30.845778439000071 ], [ -7.27914102699998, 30.84608481600003 ], [ -7.279589359999932, 30.846248080000066 ], [ -7.296106477999956, 30.851156548000063 ], [ -7.311472812999966, 30.85782292500005 ], [ -7.322399495999946, 30.863495225000065 ], [ -7.329965969999932, 30.867030827000065 ], [ -7.33740936099997, 30.870525428000064 ], [ -7.340423190999957, 30.873055550000061 ], [ -7.339597111999979, 30.875166819000071 ], [ -7.33676034399997, 30.88031385000005 ], [ -7.334167425999965, 30.885393153000052 ], [ -7.33240323299998, 30.889034980000076 ], [ -7.331250568999963, 30.892560765000042 ], [ -7.330957418999958, 30.896072801000059 ], [ -7.331645842999933, 30.898577227000033 ], [ -7.332954378999943, 30.900398580000058 ], [ -7.336229193999941, 30.904151202000037 ], [ -7.339156909999929, 30.908887145000051 ], [ -7.340435504999959, 30.91120492500005 ], [ -7.341758750999929, 30.914164124000024 ], [ -7.342860197999926, 30.913453626000035 ], [ -7.344103641999936, 30.913374050000073 ], [ -7.345016800999929, 30.914015419000066 ], [ -7.345655933999979, 30.914780524000037 ], [ -7.345741850999957, 30.915554515000053 ], [ -7.345761193999977, 30.916448841000033 ], [ -7.345774089999964, 30.917045069000039 ], [ -7.346338927999966, 30.917572779000068 ], [ -7.347309651999979, 30.917676457000027 ], [ -7.348897650999959, 30.917531602000054 ], [ -7.350885037999944, 30.916664556000057 ], [ -7.352534359999936, 30.916160810000065 ], [ -7.353914844999963, 30.916019235000078 ], [ -7.35669132299995, 30.916451561000031 ], [ -7.359617881999952, 30.917418137000027 ], [ -7.361370128999965, 30.918463332000044 ], [ -7.362085090999926, 30.919525323000073 ], [ -7.361703973999965, 30.92108223300005 ], [ -7.362006586999939, 30.922270205000075 ], [ -7.363064796999936, 30.92320733400004 ], [ -7.365243861999943, 30.924782350000044 ], [ -7.366094643999929, 30.925722823000058 ], [ -7.366888014999972, 30.927201055000069 ], [ -7.367537851999941, 30.928442984000071 ], [ -7.368247747999931, 30.929266475000077 ], [ -7.36846544499997, 30.929610242000024 ], [ -7.368921965999959, 30.930040831000042 ], [ -7.369515757999977, 30.93029957300007 ], [ -7.370247838999944, 30.930556054000078 ], [ -7.371185476999926, 30.930719692000025 ], [ -7.371738133999941, 30.930680885000072 ], [ -7.372256880999942, 30.93067243400003 ], [ -7.372922457999948, 30.931049279000035 ], [ -7.373376579999956, 30.931250627000054 ], [ -7.373728308999944, 30.931513295000059 ], [ -7.374213766999958, 30.931565023000076 ], [ -7.374900837999974, 30.931345063000037 ], [ -7.37548155199994, 30.931007539000063 ], [ -7.376313461999928, 30.931083414000057 ], [ -7.37687398099996, 30.931402308000031 ], [ -7.377504331999944, 30.931749864000039 ], [ -7.37864884499993, 30.931880295000042 ], [ -7.379337218999979, 30.93171990500008 ], [ -7.380305558999964, 30.931704066000066 ], [ -7.380892121999977, 30.931634817000031 ], [ -7.381373636999967, 30.931507683000063 ], [ -7.382031382999969, 30.931526718000043 ], [ -7.382834656999933, 30.931871414000057 ], [ -7.383375575999935, 30.932187201000033 ], [ -7.383675769999968, 30.932210425000051 ], [ -7.384755366999968, 30.932221389000063 ], [ -7.38554328999993, 30.931807623000054 ], [ -7.386082231999978, 30.93139797200007 ], [ -7.386384663999934, 30.930806130000065 ], [ -7.386435925999933, 30.930118175000075 ], [ -7.386339655999961, 30.929518546000054 ], [ -7.386477032999949, 30.928972327000054 ], [ -7.386732180999957, 30.928495756000075 ], [ -7.387102250999931, 30.927960047000056 ], [ -7.387644008999928, 30.927679177000073 ], [ -7.388271929999974, 30.927540038000075 ], [ -7.389118450999945, 30.927526129000057 ], [ -7.389830948999929, 30.927457167000057 ], [ -7.390391485999942, 30.927276176000078 ], [ -7.390981140999941, 30.926908625000067 ], [ -7.391510063999931, 30.926799716000062 ], [ -7.392211998999926, 30.927002867000056 ], [ -7.392682150999974, 30.927238485000032 ], [ -7.393269446999966, 30.927515084000049 ], [ -7.393676706999941, 30.92790922000006 ], [ -7.393952113999944, 30.928348405000065 ], [ -7.394145477999928, 30.928831934000073 ], [ -7.393939545999956, 30.929279092000058 ], [ -7.393854512999951, 30.92993894600005 ], [ -7.393948620999936, 30.930438405000075 ], [ -7.394155744999978, 30.930792846000031 ], [ -7.394398293999927, 30.931246938000072 ], [ -7.394889843999977, 30.931696891000058 ], [ -7.395600354999942, 30.932286389000069 ], [ -7.396071813999981, 30.93257922500004 ], [ -7.396589271999972, 30.932699553000077 ], [ -7.39696016299996, 30.932951087000049 ], [ -7.397616157999948, 30.933326742000077 ], [ -7.398038767999935, 30.933663325000055 ], [ -7.398606959999938, 30.933825720000073 ], [ -7.39922119299996, 30.933815577000075 ], [ -7.399899221999931, 30.93368984500006 ], [ -7.40051213199996, 30.933622472000025 ], [ -7.401071773999945, 30.933398526000076 ], [ -7.401479430999927, 30.933062514000028 ], [ -7.401949059999936, 30.932525119000047 ], [ -7.402333443999964, 30.931888924000077 ], [ -7.402773010999965, 30.93149513700007 ], [ -7.403252183999939, 30.93138700600008 ], [ -7.404026937999959, 30.931130859000064 ], [ -7.404686450999975, 30.930919537000079 ], [ -7.405112933999931, 30.930683403000046 ], [ -7.405803720999927, 30.930385686000079 ], [ -7.406544951999933, 30.930115748000048 ], [ -7.407218472999944, 30.929789648000053 ], [ -7.407789539999953, 30.929336410000076 ], [ -7.408400226999959, 30.929168833000062 ], [ -7.408951151999929, 30.929302840000048 ], [ -7.409524491999946, 30.929694133000055 ], [ -7.409931513999936, 30.930073854000057 ], [ -7.410536415999957, 30.930393036000055 ], [ -7.411008865999975, 30.930728746000057 ], [ -7.411511682999958, 30.930935130000023 ], [ -7.412080522999929, 30.931126077000044 ], [ -7.412868376999938, 30.931456501000071 ], [ -7.413486714999976, 30.931632324000077 ], [ -7.413940370999967, 30.931868134000069 ], [ -7.414629902999934, 30.932257471000071 ], [ -7.415355241999976, 30.932760703000042 ], [ -7.415929593999977, 30.933194899000057 ], [ -7.416468790999943, 30.933543808000024 ], [ -7.417006066999932, 30.933806841000035 ], [ -7.417572729999961, 30.933897598000044 ], [ -7.41822299699993, 30.934015585000054 ], [ -7.418718140999943, 30.933878501000038 ], [ -7.41907656199993, 30.93357188300007 ], [ -7.419765075999976, 30.933173916000044 ], [ -7.420316953999929, 30.932606449000048 ], [ -7.420621100999938, 30.932100324000032 ], [ -7.421025465999946, 30.931621222000047 ], [ -7.421649502999969, 30.931310155000062 ], [ -7.422112347999928, 30.931216554000059 ], [ -7.422808552999925, 30.931161964000069 ], [ -7.423455917999945, 30.931151144000069 ], [ -7.424005308999938, 30.931213533000061 ], [ -7.424755190999974, 30.931329818000052 ], [ -7.425542126999972, 30.931617262000032 ], [ -7.426296848999925, 30.93194819100006 ], [ -7.426700082999957, 30.932156173000067 ], [ -7.427058985999963, 30.93260822600007 ], [ -7.427540871999952, 30.933358851000037 ], [ -7.427817105999964, 30.933826612000075 ], [ -7.427923641999939, 30.934378327000047 ], [ -7.428198738999981, 30.934793619000061 ], [ -7.428541471999949, 30.93526502900005 ], [ -7.429145118999941, 30.935522095000067 ], [ -7.429966198999978, 30.935603764000064 ], [ -7.431052013999931, 30.935642838000035 ], [ -7.432024187999957, 30.935550145000036 ], [ -7.43296817099997, 30.935190763000037 ], [ -7.43402281799996, 30.934829484000034 ], [ -7.435078759999953, 30.93452542600005 ], [ -7.435786572999973, 30.934494463000078 ], [ -7.436254819999931, 30.934639275000052 ], [ -7.436636274999955, 30.934861887000068 ], [ -7.436997308999935, 30.935161181000069 ], [ -7.437579266999933, 30.935437704000037 ], [ -7.438179912999942, 30.935561183000061 ], [ -7.438670745999957, 30.935724695000033 ], [ -7.43914074099996, 30.935945808000042 ], [ -7.439769987999966, 30.936355115000026 ], [ -7.440265154999963, 30.936709428000029 ], [ -7.440869710999948, 30.937004607000063 ], [ -7.441332788999944, 30.936920457000042 ], [ -7.441881364999972, 30.936701235000044 ], [ -7.442513700999939, 30.936270658000069 ], [ -7.443259747999946, 30.935971792000032 ], [ -7.444455854999944, 30.935989781000046 ], [ -7.445519109999964, 30.936009974000058 ], [ -7.446805490999964, 30.936102762000075 ], [ -7.448467232999974, 30.936150992000023 ], [ -7.450374207999971, 30.936271394000073 ], [ -7.451943072999939, 30.936130277000075 ], [ -7.453488523999965, 30.935932284000046 ], [ -7.45468329199997, 30.935892956000032 ], [ -7.456167095999945, 30.935905909000041 ], [ -7.457798005999962, 30.935572824000076 ], [ -7.459716211999933, 30.935215732000074 ], [ -7.461608272999968, 30.934687269000051 ], [ -7.462796934999972, 30.934380701000066 ], [ -7.463684417999957, 30.934461010000064 ], [ -7.464354113999946, 30.934697716000073 ], [ -7.46508321999994, 30.93462803500006 ], [ -7.465689788999953, 30.934045085000037 ], [ -7.466006470999957, 30.933371650000026 ], [ -7.466122150999979, 30.932625297000072 ], [ -7.466350729999931, 30.93197245500005 ], [ -7.466890006999961, 30.93135249900007 ], [ -7.467567309999936, 30.930959220000034 ], [ -7.468580602999964, 30.930731930000036 ], [ -7.469619503999979, 30.93065692600004 ], [ -7.470709668999973, 30.93088640600007 ], [ -7.471734328999958, 30.931155147000027 ], [ -7.472414072999925, 30.931216603000053 ], [ -7.472726789999967, 30.930985474000067 ], [ -7.47295440399995, 30.930294479000054 ], [ -7.473074460999953, 30.929738890000067 ], [ -7.47305819099995, 30.92903298400006 ], [ -7.473401290999959, 30.928549951000036 ], [ -7.473816532999933, 30.928313801000058 ], [ -7.474337994999928, 30.927884962000064 ], [ -7.474483220999957, 30.927462562000073 ], [ -7.474556787999973, 30.926812369000061 ], [ -7.474741446999928, 30.926179360000049 ], [ -7.474928751999926, 30.925660802000039 ], [ -7.475273148999975, 30.925234995000039 ], [ -7.475994693999951, 30.924840903000074 ], [ -7.47671883199996, 30.924561259000029 ], [ -7.477597426999978, 30.924259899000049 ], [ -7.478411876999928, 30.924055042000077 ], [ -7.478801415999953, 30.923666634000028 ], [ -7.479170133999958, 30.923335834000056 ], [ -7.479651677999925, 30.92309853200004 ], [ -7.479954456999963, 30.922787915000072 ], [ -7.48058739499993, 30.922395319000032 ], [ -7.481374825999978, 30.921980973000075 ], [ -7.482008643999961, 30.921626502000038 ], [ -7.482618099999968, 30.921177054000054 ], [ -7.482916444999944, 30.920675670000037 ], [ -7.483191761999933, 30.920136496000055 ], [ -7.483140019999951, 30.919812914000033 ], [ -7.483039570999949, 30.919299340000066 ], [ -7.483163485999967, 30.918915454000057 ], [ -7.48348882099998, 30.918623574000037 ], [ -7.483881366999981, 30.918368690000079 ], [ -7.484543471999928, 30.918280947000028 ], [ -7.485273764999931, 30.918268366000063 ], [ -7.486116435999975, 30.918330184000069 ], [ -7.486557235999953, 30.918246245000034 ], [ -7.486771898999962, 30.917956227000047 ], [ -7.487069282999926, 30.917416693000064 ], [ -7.487459641999976, 30.917066399000078 ], [ -7.487962868999944, 30.916809594000028 ], [ -7.488782944999969, 30.916852694000056 ], [ -7.489495517999956, 30.917031266000038 ], [ -7.490428463999933, 30.917167843000072 ], [ -7.490979458999959, 30.917062887000043 ], [ -7.491459205999945, 30.916749221000032 ], [ -7.49171365199993, 30.916267670000025 ], [ -7.49227568799995, 30.915685364000069 ], [ -7.492972235999957, 30.915177070000027 ], [ -7.493030211999951, 30.914813446000039 ], [ -7.492865966999943, 30.914415474000066 ], [ -7.493012900999929, 30.914069371000039 ], [ -7.49384443799994, 30.913654182000073 ], [ -7.494590124999945, 30.913354961000039 ], [ -7.495425201999979, 30.913092380000023 ], [ -7.496308510999938, 30.913000742000065 ], [ -7.497130377999952, 30.913120130000038 ], [ -7.497729581999977, 30.913186085000063 ], [ -7.498624049999933, 30.913571390000072 ], [ -7.499319818999936, 30.913979225000048 ], [ -7.499918584999932, 30.914026088000071 ], [ -7.500445224999964, 30.913826068000049 ], [ -7.500849148999976, 30.913112874000035 ], [ -7.501454491999937, 30.91249158100004 ], [ -7.502240805999975, 30.912038963000043 ], [ -7.503032958999938, 30.911834319000036 ], [ -7.503895935999935, 30.911819318000028 ], [ -7.504892982999934, 30.91185923200004 ], [ -7.507280077999951, 30.911703191000072 ], [ -7.509733089999941, 30.911526823000031 ], [ -7.512089070999934, 30.910989511000025 ], [ -7.513446143999943, 30.910335940000039 ], [ -7.514200875999961, 30.909482981000053 ], [ -7.514402832999963, 30.908658737000053 ], [ -7.514303710999968, 30.907760050000036 ], [ -7.514244564999956, 30.907009579000032 ], [ -7.51514635999996, 30.906528597000033 ], [ -7.516335151999954, 30.905899430000034 ], [ -7.517316488999938, 30.905273883000064 ], [ -7.517922777999956, 30.904583309000031 ], [ -7.518527364999954, 30.903821187000062 ], [ -7.52081936299993, 30.90245694500004 ], [ -7.522704855999962, 30.901457611000069 ], [ -7.523936882999976, 30.900836927000057 ], [ -7.532613240999979, 30.89964453500005 ], [ -7.533955153999955, 30.899461037000037 ], [ -7.535059648999948, 30.899309988000027 ], [ -7.55971410199993, 30.895935486000042 ], [ -7.612717918999977, 30.872056351000026 ], [ -7.615545192999946, 30.870781606000037 ], [ -7.62193035599995, 30.868682146000026 ], [ -7.623749295999971, 30.867971127000033 ], [ -7.625545607999925, 30.867241431000025 ], [ -7.62664992699996, 30.866715335000038 ], [ -7.625093463999974, 30.868886607000036 ], [ -7.62483349799993, 30.869559416000072 ], [ -7.62340542499993, 30.872210046000077 ], [ -7.620854967999946, 30.876455926000062 ], [ -7.620164945999932, 30.877637638000067 ], [ -7.618374809999978, 30.881320749000054 ], [ -7.61570140699996, 30.886212930000056 ], [ -7.613867349999964, 30.890373983000075 ], [ -7.612789333999956, 30.892660242000034 ], [ -7.612029077999978, 30.893881275000069 ], [ -7.610932236999929, 30.895220151000046 ], [ -7.610279329999969, 30.895671090000064 ], [ -7.610326087999965, 30.896936317000041 ], [ -7.610737707999931, 30.89961284900005 ], [ -7.611231274999966, 30.900552984000058 ], [ -7.606068315999948, 30.911380589000032 ], [ -7.605882363999967, 30.91177050400006 ], [ -7.605604697999979, 30.912352745000078 ], [ -7.602483020999955, 30.918897949000041 ], [ -7.597931377999942, 30.934194598000033 ], [ -7.594126243999938, 30.951303340000038 ], [ -7.594349782999927, 30.952706693000039 ], [ -7.598283484999968, 30.977396375000069 ], [ -7.58694081699997, 31.003161895000062 ], [ -7.603596939999932, 31.037405430000035 ], [ -7.602025622999975, 31.038410617000068 ], [ -7.599376125999981, 31.040471056000058 ], [ -7.597284061999972, 31.041515151000056 ], [ -7.594451049999975, 31.042572631000041 ], [ -7.586778383999956, 31.044906598000068 ], [ -7.580754388999935, 31.045381018000057 ], [ -7.578205349999962, 31.045060996000075 ], [ -7.574302564999925, 31.045679903000064 ], [ -7.567144585999927, 31.047511596000049 ], [ -7.567555535999929, 31.046044222000035 ], [ -7.560632001999977, 31.041622540000049 ], [ -7.554092491999938, 31.037587332000044 ], [ -7.546425033999981, 31.033285516000035 ], [ -7.530100974999925, 31.029999535000059 ], [ -7.521040853999978, 31.028454948000046 ], [ -7.519152564999956, 31.027921822000053 ], [ -7.515975121999929, 31.027118427000062 ], [ -7.509442475999947, 31.025013405000038 ], [ -7.501640504999955, 31.021927945000073 ], [ -7.494164732999934, 31.018550098000048 ], [ -7.489033857999971, 31.015918724000073 ], [ -7.486863940999967, 31.015526668000064 ], [ -7.484688103999929, 31.016071114000056 ], [ -7.479509499999949, 31.019739019000042 ], [ -7.458171371999981, 31.03155580400005 ], [ -7.455852623999931, 31.033146014000067 ], [ -7.456442035999942, 31.034686859000033 ], [ -7.458138491999932, 31.035779224000066 ], [ -7.457337041999949, 31.037081256000079 ], [ -7.454639645999976, 31.039083474000051 ], [ -7.450015234999967, 31.042859983000028 ], [ -7.446695057999932, 31.045516806000023 ], [ -7.439499529999978, 31.050815585000066 ], [ -7.437816943999962, 31.051774429000034 ], [ -7.427216320999946, 31.060971063000068 ], [ -7.422213362999969, 31.065886179000074 ], [ -7.414987323999981, 31.073665470000037 ], [ -7.411320717999956, 31.077609315000075 ], [ -7.41052990399993, 31.07889642400005 ], [ -7.409539801999927, 31.080434565000076 ], [ -7.408470684999941, 31.08210850100005 ], [ -7.407881483999972, 31.083250673000066 ], [ -7.407126842999958, 31.084324849000041 ], [ -7.406738468999947, 31.085286764000045 ], [ -7.405615944999965, 31.088242650000041 ], [ -7.404736039999932, 31.091052930000046 ], [ -7.40411017699995, 31.092393898000068 ], [ -7.402862237999955, 31.097085890000074 ], [ -7.402314197999942, 31.100081798000076 ], [ -7.40139232699994, 31.104697599000076 ], [ -7.401198804999979, 31.107050672000071 ], [ -7.401068876999943, 31.114095274000078 ], [ -7.400898344999973, 31.115348682000047 ], [ -7.399993966999943, 31.115019268000026 ], [ -7.399607900999968, 31.114868174000037 ], [ -7.39930560199997, 31.11474428300005 ], [ -7.397962500999938, 31.114208103000067 ], [ -7.396970348999957, 31.113737718000039 ], [ -7.39618190799996, 31.113450068000077 ], [ -7.395527455999968, 31.113203125000041 ], [ -7.394589968999981, 31.112946538000074 ], [ -7.392947232999973, 31.112400906000062 ], [ -7.392191433999926, 31.11208405800005 ], [ -7.390507534999927, 31.111181183000042 ], [ -7.388752665999959, 31.110078987000065 ], [ -7.387890156999958, 31.109448945000054 ], [ -7.387026729999945, 31.10885045200007 ], [ -7.386287269999968, 31.107995834000064 ], [ -7.386219648999941, 31.10759295400004 ], [ -7.386080917999948, 31.107337551000057 ], [ -7.385873735999951, 31.106997354000043 ], [ -7.385580853999954, 31.106544055000029 ], [ -7.385166808999941, 31.105819883000038 ], [ -7.384713866999959, 31.105207783000026 ], [ -7.384112151999943, 31.104330034000043 ], [ -7.383837201999938, 31.103933686000062 ], [ -7.383435396999971, 31.103066988000023 ], [ -7.383015375999946, 31.102129006000041 ], [ -7.38266914899998, 31.101519073000077 ], [ -7.382426831999965, 31.101093562000074 ], [ -7.382092829999976, 31.100283009000066 ], [ -7.381950647999929, 31.099870200000055 ], [ -7.381633894999936, 31.09908798500004 ], [ -7.381475075999958, 31.098675405000051 ], [ -7.381386228999929, 31.098419189000026 ], [ -7.381264449999946, 31.098177801000077 ], [ -7.38115553199998, 31.097764441000038 ], [ -7.380963767999958, 31.097366730000033 ], [ -7.38075314799994, 31.096869127000048 ], [ -7.380394451999962, 31.096445478000078 ], [ -7.380109166999944, 31.096082723000052 ], [ -7.379859809999971, 31.095838651000065 ], [ -7.379394217999959, 31.09559809600006 ], [ -7.378897096999935, 31.095434435000072 ], [ -7.378585615999953, 31.095391792000044 ], [ -7.377998876999925, 31.095439524000028 ], [ -7.377557525999975, 31.095542167000076 ], [ -7.376883738999936, 31.095667695000031 ], [ -7.376342583999929, 31.095771960000036 ], [ -7.375568646999966, 31.095880015000034 ], [ -7.37493754299993, 31.095928455000035 ], [ -7.374462048999931, 31.095993455000041 ], [ -7.374165029999972, 31.096103302000074 ], [ -7.373925336999946, 31.096298055000034 ], [ -7.373552056999927, 31.096724068000071 ], [ -7.373294260999955, 31.097358148000069 ], [ -7.372774683999978, 31.098445096000034 ], [ -7.372211400999959, 31.099561330000029 ], [ -7.371501227999943, 31.101061740000034 ], [ -7.371266123999931, 31.101466406000043 ], [ -7.370258928999931, 31.103682185000025 ], [ -7.369629023999948, 31.104521463000026 ], [ -7.366991316999929, 31.106208881000043 ], [ -7.363971258999925, 31.10682408200006 ], [ -7.357791100999975, 31.10727791000005 ], [ -7.356061131999979, 31.107095281000056 ], [ -7.354010966999965, 31.106878824000034 ], [ -7.350800116999949, 31.106265174000043 ], [ -7.347302089999971, 31.104147873000045 ], [ -7.344934157999944, 31.102699534000067 ], [ -7.343624589999934, 31.100505865000059 ], [ -7.342813179999951, 31.096675277000031 ], [ -7.342448587999968, 31.095982700000036 ], [ -7.342182054999967, 31.095727055000054 ], [ -7.341910796999969, 31.095475079000039 ], [ -7.341634883999973, 31.095226837000041 ], [ -7.341354384999931, 31.094982392000077 ], [ -7.341069371999936, 31.094741805000069 ], [ -7.340779916999963, 31.094505138000045 ], [ -7.340486093999971, 31.094272452000041 ], [ -7.340187976999971, 31.094043804000023 ], [ -7.339885642999946, 31.093819254000039 ], [ -7.339579166999954, 31.093598858000064 ], [ -7.339268627999957, 31.093382672000075 ], [ -7.338954104999971, 31.093170752000049 ], [ -7.338621818999968, 31.092954212000052 ], [ -7.338285355999972, 31.092742454000074 ], [ -7.337944810999943, 31.092535535000025 ], [ -7.337600279999947, 31.092333514000075 ], [ -7.337251856999956, 31.09213644700003 ], [ -7.336899639999956, 31.091944389000048 ], [ -7.336543726999935, 31.091757394000069 ], [ -7.336184217999971, 31.091575513000066 ], [ -7.335821211999928, 31.091398798000057 ], [ -7.335454811999966, 31.091227298000035 ], [ -7.335085117999938, 31.091061060000072 ], [ -7.334712234999927, 31.090900132000058 ], [ -7.33433626599998, 31.09074455700005 ], [ -7.333957315999953, 31.090594380000027 ], [ -7.33357548999993, 31.090449642000067 ], [ -7.333190895999962, 31.090310384000077 ], [ -7.332803639999952, 31.090176644000053 ], [ -7.33241382999995, 31.090048460000048 ], [ -7.332021574999942, 31.089925868000023 ], [ -7.331626984999957, 31.089808901000026 ], [ -7.33123016899998, 31.089697593000039 ], [ -7.330831237999973, 31.089591974000029 ], [ -7.330430302999957, 31.089492074000077 ], [ -7.330027475999941, 31.089397921000057 ], [ -7.32962286999998, 31.089309541000034 ], [ -7.32921659699997, 31.08922695900003 ], [ -7.327614898999968, 31.089004293000073 ], [ -7.327288712999973, 31.088996441000063 ], [ -7.324878081999941, 31.089557686000035 ], [ -7.314999394999973, 31.090252798000051 ], [ -7.314223994999963, 31.090165924000075 ], [ -7.311082752999937, 31.090203858000052 ], [ -7.308412283999928, 31.090436812000064 ], [ -7.300669722999942, 31.090910171000075 ], [ -7.300271812999938, 31.090934478000065 ], [ -7.298709662999954, 31.090809833000037 ], [ -7.297515009999927, 31.090691355000047 ], [ -7.290251981999972, 31.088281940000059 ], [ -7.288785239999982, 31.088925439000036 ], [ -7.287332383999967, 31.08971157600007 ], [ -7.285961647999954, 31.090448657000024 ], [ -7.284564671999931, 31.091257754000026 ], [ -7.28215619499997, 31.092750567000053 ], [ -7.280928182999958, 31.093521198000076 ], [ -7.280436793999968, 31.093886696000027 ], [ -7.279970865999928, 31.094144461000042 ], [ -7.279628625999976, 31.094352552000032 ], [ -7.279312905999973, 31.094500612000047 ], [ -7.278680158999975, 31.094737095000028 ], [ -7.278239654999936, 31.094887085000039 ], [ -7.27762101999997, 31.095135239000058 ], [ -7.276863281999965, 31.09536171700006 ], [ -7.275915539999971, 31.095781976000069 ], [ -7.274747525999942, 31.096277229000066 ], [ -7.272944739999957, 31.096913504000042 ], [ -7.271114165999961, 31.097550182000077 ], [ -7.269518263999942, 31.098246693000078 ], [ -7.267487192999965, 31.099133079000069 ], [ -7.263097574999961, 31.10138372800003 ], [ -7.260889708999969, 31.102550951000069 ], [ -7.258179545999951, 31.104238799000029 ], [ -7.255708868999932, 31.106113814000025 ], [ -7.25382054399995, 31.107323736000069 ], [ -7.249708246999944, 31.110285412000053 ], [ -7.248351016999948, 31.111033828000075 ], [ -7.247189882999976, 31.11390272400007 ], [ -7.245893273999968, 31.118276804000061 ], [ -7.245384954999963, 31.121207333000029 ], [ -7.245203170999957, 31.121806589000073 ], [ -7.244988448999948, 31.12239519700006 ], [ -7.238237921999939, 31.119166927000038 ], [ -7.236630581999975, 31.118146940000031 ], [ -7.235613021999939, 31.117455746000076 ], [ -7.234980064999945, 31.117010229000073 ], [ -7.234628586999975, 31.116762864000066 ], [ -7.233908797999959, 31.116313668000032 ], [ -7.232659760999979, 31.115377077000062 ], [ -7.230745628999955, 31.113990435000062 ], [ -7.227791153999931, 31.111840942000072 ], [ -7.225751343999946, 31.110314578000043 ], [ -7.223048001999928, 31.108408894000036 ], [ -7.22064241299995, 31.10702952500003 ], [ -7.219551660999969, 31.106326977000037 ], [ -7.218441053999925, 31.105611628000077 ], [ -7.215993910999941, 31.104197374000023 ], [ -7.214910271999941, 31.103515077000054 ], [ -7.213523519999967, 31.102641879000032 ], [ -7.212278455999979, 31.101881950000063 ], [ -7.210950740999976, 31.101087867000047 ], [ -7.209290925999937, 31.100086410000074 ], [ -7.208166740999957, 31.099218486000041 ], [ -7.206913226999973, 31.098033987000065 ], [ -7.20595300399998, 31.097163565000074 ], [ -7.204578036999976, 31.09605164900006 ], [ -7.203490654999939, 31.094970794000062 ], [ -7.20161767899998, 31.093547725000064 ], [ -7.199614745999952, 31.091772710000043 ], [ -7.197731973999964, 31.089854308000042 ] ] ] } },
{ "type": "Feature", "properties": { "ADM4_FR": "Ghassate", "ADM4_AR": "غسات", "ADM4_PCODE": "MA00300140107012", "ADM4_REF": null, "ADM3_FR": "Ghassate", "ADM3_AR": "غسات", "ADM3_PCODE": "MA0030014010701", "ADM2_FR": "Ouarzazate", "ADM2_AR": "ورزازات", "ADM2_PCODE": "MA003001", "ADM1_FR": "Drâa-Tafilalet", "ADM1_AR": "درعة - تافيلالت", "ADM1_PCODE": "MA003", "ADM0_EN": "Morocco", "ADM0_FR": "Moroc (le)", "ADM0_AR": "المغرب", "ADM0_PCODE": "MA", "date": "2023-09-15", "validOn": "2023-09-25", "validTo": null, "Shape_Leng": 1.55942965, "Shape_Area": 0.10017259952099999, "AREA_SQKM": 1058.78282251, "Cases": 94 }, "geometry": { "type": "Polygon", "coordinates": [ [ [ -6.657447704999981, 31.230156783000041 ], [ -6.656320825999956, 31.225043418000041 ], [ -6.656039113999952, 31.221641592000026 ], [ -6.656015412999977, 31.221012362000067 ], [ -6.656023047999952, 31.220687072000032 ], [ -6.656010403999971, 31.213188855000055 ], [ -6.656020831999967, 31.212886413000035 ], [ -6.656159571999979, 31.211493189000066 ], [ -6.656246884999973, 31.210628263000046 ], [ -6.656538295999951, 31.207754227000066 ], [ -6.656619721999959, 31.206947730000024 ], [ -6.656834094999965, 31.204768579000074 ], [ -6.657714134999935, 31.204079849000038 ], [ -6.659781994999946, 31.202506105000055 ], [ -6.676362499999925, 31.197737933000042 ], [ -6.680796629999975, 31.18645112300004 ], [ -6.695341237999969, 31.185486343000036 ], [ -6.70298041999996, 31.181411806000028 ], [ -6.704733552999926, 31.180452263000063 ], [ -6.704933898999968, 31.180189849000044 ], [ -6.706590910999978, 31.178007587000025 ], [ -6.708472536999977, 31.170678102000068 ], [ -6.708930198999951, 31.165548342000079 ], [ -6.709928800999933, 31.154353295000078 ], [ -6.710680879999927, 31.145465558000069 ], [ -6.711029421999967, 31.141470263000031 ], [ -6.714063090999957, 31.139941713000042 ], [ -6.721694956999954, 31.136095812000065 ], [ -6.721694626999977, 31.134889258000044 ], [ -6.72154639699994, 31.134523427000033 ], [ -6.721569123999927, 31.134265197000047 ], [ -6.721779693999963, 31.133967657000028 ], [ -6.722094159999926, 31.133627537000052 ], [ -6.72242967699998, 31.133421392000059 ], [ -6.722680303999937, 31.133239125000046 ], [ -6.722819375999961, 31.13296359800006 ], [ -6.722786585999927, 31.132604862000051 ], [ -6.722695148999946, 31.132320894000031 ], [ -6.722487226999931, 31.132039121000048 ], [ -6.722337093999954, 31.131761149000056 ], [ -6.722370308999928, 31.131427379000058 ], [ -6.722436948999928, 31.131126640000048 ], [ -6.722507556999972, 31.13085955400004 ], [ -6.722473047999927, 31.13057324600004 ], [ -6.722232924999958, 31.130350053000029 ], [ -6.721924678999926, 31.13012303000005 ], [ -6.721650434999958, 31.129790377000063 ], [ -6.721450544999925, 31.129413515000067 ], [ -6.72136201099994, 31.129109846000063 ], [ -6.721312562999969, 31.12883591800005 ], [ -6.721302801999968, 31.128502420000075 ], [ -6.72142299799998, 31.128213022000068 ], [ -6.721733446999963, 31.127942589000043 ], [ -6.722042165999937, 31.127742993000027 ], [ -6.722495882999965, 31.127596756000059 ], [ -6.722884704999956, 31.127516752000076 ], [ -6.723227579999957, 31.127400088000059 ], [ -6.723656234999964, 31.127263147000065 ], [ -6.724046039999962, 31.127038055000071 ], [ -6.724423748999925, 31.126711884000031 ], [ -6.724450985999965, 31.126358128000049 ], [ -6.724320787999943, 31.126059572000031 ], [ -6.72420412699995, 31.125824925000074 ], [ -6.724127118999945, 31.12546837900004 ], [ -6.723933668999962, 31.125115759000039 ], [ -6.723831538999946, 31.124866069000063 ], [ -6.723819239999955, 31.124513556000068 ], [ -6.724032568999974, 31.124064346000068 ], [ -6.724190380999971, 31.123811510000053 ], [ -6.724375942999927, 31.123505412000043 ], [ -6.724474726999972, 31.123077617000035 ], [ -6.724509144999956, 31.122695969000063 ], [ -6.724564466999936, 31.122263247000035 ], [ -6.724572250999927, 31.121922596000047 ], [ -6.724591445999977, 31.121649511000044 ], [ -6.724612325999942, 31.121348381000075 ], [ -6.724584270999969, 31.121092207000061 ], [ -6.724497370999927, 31.120794339000042 ], [ -6.724483203999966, 31.120490916000051 ], [ -6.724482507999937, 31.120209396000064 ], [ -6.724554180999974, 31.11992291100006 ], [ -6.72469568799994, 31.119668491000027 ], [ -6.724859068999933, 31.119394424000063 ], [ -6.725012283999945, 31.119090055000072 ], [ -6.725086959999942, 31.118746891000058 ], [ -6.725041297999951, 31.118307611000034 ], [ -6.724862579999979, 31.117936292000024 ], [ -6.724751818999948, 31.117600611000057 ], [ -6.724724622999929, 31.117306563000056 ], [ -6.724719227999969, 31.116940999000064 ], [ -6.724830112999939, 31.116563837000058 ], [ -6.72507582399993, 31.116279235000036 ], [ -6.725230074999956, 31.116020480000032 ], [ -6.725450657999943, 31.115677505000065 ], [ -6.725720506999949, 31.115235083000073 ], [ -6.72591870499997, 31.114932502000045 ], [ -6.726098172999968, 31.114670194000041 ], [ -6.72623688799996, 31.114287557000068 ], [ -6.726288432999979, 31.11396372400003 ], [ -6.726350172999958, 31.113678843000059 ], [ -6.726405800999942, 31.113414902000045 ], [ -6.726518617999943, 31.113073704000044 ], [ -6.726708182999971, 31.112684988000069 ], [ -6.726796863999937, 31.112387434000027 ], [ -6.72673237999993, 31.112058618000049 ], [ -6.72654353799993, 31.111757986000043 ], [ -6.726304845999948, 31.111519777000069 ], [ -6.726022365999938, 31.11124955300005 ], [ -6.72577283399994, 31.111110926000038 ], [ -6.72533730899994, 31.110980896000058 ], [ -6.725074384999971, 31.110710096000048 ], [ -6.725063077999948, 31.110331832000043 ], [ -6.72510211599996, 31.109910623000076 ], [ -6.72495399099995, 31.109628882000038 ], [ -6.724605790999931, 31.10944231600007 ], [ -6.724336006999977, 31.109292570000036 ], [ -6.723628894999933, 31.10881958300007 ], [ -6.723331922999932, 31.108282142000064 ], [ -6.723237573999938, 31.107971525000039 ], [ -6.723205984999936, 31.107695967000041 ], [ -6.723175487999981, 31.107342315000039 ], [ -6.723170233999952, 31.107048384000052 ], [ -6.723253299999953, 31.106700946000046 ], [ -6.723407376999944, 31.106235041000048 ], [ -6.723466132999931, 31.105794873000036 ], [ -6.723607777999973, 31.10550539500008 ], [ -6.723704374999954, 31.105232465000029 ], [ -6.723766094999974, 31.104960321000078 ], [ -6.723885263999932, 31.104721337000058 ], [ -6.724016001999928, 31.104420794000077 ], [ -6.724233092999953, 31.104054002000055 ], [ -6.724568690999945, 31.103755696000064 ], [ -6.724851266999963, 31.103528954000069 ], [ -6.725078322999934, 31.103273482000077 ], [ -6.725419501999966, 31.102942855000038 ], [ -6.725689681999938, 31.102663904000053 ], [ -6.725881689999937, 31.102405038000029 ], [ -6.726063613999941, 31.102145086000064 ], [ -6.726224363999961, 31.101883280000038 ], [ -6.726308315999972, 31.101631271000031 ], [ -6.72631877799995, 31.101283728000055 ], [ -6.726199617999953, 31.101005014000066 ], [ -6.726076215999967, 31.100769568000032 ], [ -6.725980786999969, 31.100415231000056 ], [ -6.725871515999927, 31.100061612000047 ], [ -6.725842515999943, 31.099681149000048 ], [ -6.725840712999968, 31.099418138000033 ], [ -6.72593780699998, 31.099165675000052 ], [ -6.726134366999929, 31.098834518000047 ], [ -6.726299122999933, 31.098497002000045 ], [ -6.726295132999951, 31.098226863000036 ], [ -6.726291327999945, 31.09796924300008 ], [ -6.726216160999968, 31.097644039000045 ], [ -6.726016872999935, 31.097337490000029 ], [ -6.725620082999967, 31.097011245000033 ], [ -6.725307456999928, 31.09675893800005 ], [ -6.725105108999969, 31.096493518000045 ], [ -6.724800951999953, 31.096225751000077 ], [ -6.724541342999942, 31.095946322000032 ], [ -6.724317664999944, 31.095619090000071 ], [ -6.724076414999956, 31.095262077000029 ], [ -6.723902205999934, 31.094941006000056 ], [ -6.723701773999949, 31.094602793000035 ], [ -6.723492028999942, 31.094338916000027 ], [ -6.723271518999979, 31.094107369000028 ], [ -6.723004296999932, 31.093887075000055 ], [ -6.722796141999936, 31.09357174400003 ], [ -6.722563286999957, 31.093219550000072 ], [ -6.722397970999964, 31.092971308000074 ], [ -6.722225477999928, 31.092730290000077 ], [ -6.721993687999941, 31.092486337000025 ], [ -6.72173726099993, 31.09224467100006 ], [ -6.721507992999932, 31.091978105000067 ], [ -6.721343518999959, 31.091750870000055 ], [ -6.721157778999952, 31.091420757000037 ], [ -6.720971340999938, 31.091043337000031 ], [ -6.720750601999953, 31.090737871000044 ], [ -6.720513000999972, 31.090451042000041 ], [ -6.720265069999925, 31.090169244000037 ], [ -6.719981921999931, 31.089842207000061 ], [ -6.719779690999928, 31.089538436000055 ], [ -6.719580182999948, 31.089262376000079 ], [ -6.71938851799996, 31.088953567000033 ], [ -6.719243581999933, 31.088711360000048 ], [ -6.719109572999969, 31.088434126000038 ], [ -6.718905543999938, 31.088132617000042 ], [ -6.718548745999954, 31.087548279000032 ], [ -6.718342419999942, 31.087157818000037 ], [ -6.718245539999941, 31.086830030000044 ], [ -6.718122081999979, 31.086457405000033 ], [ -6.717984669999964, 31.08609076700003 ], [ -6.717806985999971, 31.08574154300004 ], [ -6.717601952999928, 31.085369814000046 ], [ -6.717423468999925, 31.085001591000037 ], [ -6.717347255999925, 31.084695770000053 ], [ -6.717164896999975, 31.084382838000067 ], [ -6.717011657999933, 31.083998028000053 ], [ -6.716971502999968, 31.083705465000037 ], [ -6.71689803199996, 31.083445026000049 ], [ -6.716770585999939, 31.083118082000055 ], [ -6.716681962999928, 31.082816652000076 ], [ -6.716597453999952, 31.08247669900004 ], [ -6.716565141999979, 31.082150513000045 ], [ -6.71652217299993, 31.08184456400005 ], [ -6.716523224999946, 31.081419369000059 ], [ -6.716639636999957, 31.080958039000052 ], [ -6.716711404999955, 31.080606337000063 ], [ -6.716924033999931, 31.08018510900007 ], [ -6.717134661999978, 31.079840173000036 ], [ -6.71731906499997, 31.07951431500004 ], [ -6.71748273999998, 31.07912202600005 ], [ -6.717594384999927, 31.078761381000049 ], [ -6.717595296999946, 31.078397930000051 ], [ -6.71749712299993, 31.078083182000057 ], [ -6.717323347999979, 31.077856931000042 ], [ -6.717077451999955, 31.077639973000032 ], [ -6.716789517999928, 31.077532615000052 ], [ -6.716526622999936, 31.077396800000031 ], [ -6.716237946999968, 31.077274683000041 ], [ -6.715959440999939, 31.077136798000026 ], [ -6.715676019999933, 31.076876394000067 ], [ -6.715344970999979, 31.076699273000031 ], [ -6.714973426999961, 31.076560613000026 ], [ -6.714589948999958, 31.076316519000045 ], [ -6.714239117999966, 31.076066237000077 ], [ -6.713984037999978, 31.075894548000065 ], [ -6.713690902999929, 31.075680333000037 ], [ -6.713294196999925, 31.075348240000039 ], [ -6.712949071999958, 31.075096562000056 ], [ -6.712628851999966, 31.074806585000033 ], [ -6.712380662999976, 31.074608878000049 ], [ -6.712171913999953, 31.074407151000059 ], [ -6.711831975999928, 31.074153620000061 ], [ -6.711533677999967, 31.073833888000024 ], [ -6.711299925999981, 31.073485726000058 ], [ -6.711121187999936, 31.073238943000035 ], [ -6.710918083999957, 31.072925332000068 ], [ -6.710773002999929, 31.07259855500007 ], [ -6.710675396999932, 31.072355384000048 ], [ -6.710611966999977, 31.072105131000058 ], [ -6.710506414999941, 31.071851749000075 ], [ -6.710397412999953, 31.07157558800003 ], [ -6.710267274999978, 31.071195537000051 ], [ -6.710140442999943, 31.070774087000075 ], [ -6.710017848999939, 31.070386240000062 ], [ -6.70994753399998, 31.070012931000065 ], [ -6.709682701999952, 31.068963808000035 ], [ -6.70954631099994, 31.068163687000037 ], [ -6.709492531999956, 31.067326893000029 ], [ -6.709589791999974, 31.066581498000062 ], [ -6.710194403999935, 31.065852082000049 ], [ -6.710586129999967, 31.065346853000051 ], [ -6.710745049999957, 31.064844149000066 ], [ -6.710786379999945, 31.064256842000077 ], [ -6.710733846999972, 31.063505903000078 ], [ -6.710583460999942, 31.062884879000023 ], [ -6.71046492399995, 31.06217044300007 ], [ -6.710825545999967, 31.061243260000026 ], [ -6.711386777999962, 31.060392687000046 ], [ -6.711957678999966, 31.059635011000069 ], [ -6.712527896999973, 31.059224937000067 ], [ -6.713082163999957, 31.058642309000049 ], [ -6.713762239999937, 31.057962173000078 ], [ -6.714508102999957, 31.057231241000068 ], [ -6.715154911999946, 31.056551464000052 ], [ -6.715894631999959, 31.055970864000074 ], [ -6.716493576999937, 31.055427587000054 ], [ -6.71701818799994, 31.054920896000056 ], [ -6.717593729999976, 31.054485186000079 ], [ -6.718069849999949, 31.054072057000042 ], [ -6.721496528999978, 31.049096389000056 ], [ -6.722253483999964, 31.048000287000036 ], [ -6.722784125999965, 31.046777795000025 ], [ -6.72290174099993, 31.046296981000069 ], [ -6.722937401999957, 31.04589579900005 ], [ -6.72301187599993, 31.04530813100007 ], [ -6.723003655999946, 31.044749947000071 ], [ -6.723019407999971, 31.044127138000079 ], [ -6.722888723999972, 31.04364146000006 ], [ -6.722773239999981, 31.043212384000071 ], [ -6.722640104999925, 31.042717613000036 ], [ -6.722326264999936, 31.04210075900005 ], [ -6.722001166999974, 31.041662967000036 ], [ -6.721766127999956, 31.041491614000051 ], [ -6.720791670999972, 31.040779126000075 ], [ -6.719816562999938, 31.040064489000031 ], [ -6.719115076999969, 31.039463814000044 ], [ -6.718332407999981, 31.038995167000053 ], [ -6.71783487099998, 31.038129826000045 ], [ -6.717669733999969, 31.037260876000062 ], [ -6.717617507999933, 31.036533805000033 ], [ -6.717608587999962, 31.035925555000063 ], [ -6.71796577799995, 31.034776549000071 ], [ -6.718628602999956, 31.03370979400006 ], [ -6.719252798999946, 31.032806320000077 ], [ -6.719703082999956, 31.03207038100004 ], [ -6.720189890999961, 31.031531710000024 ], [ -6.720585557999925, 31.03112184500003 ], [ -6.721213002999946, 31.030458940000074 ], [ -6.721619396999927, 31.029834233000031 ], [ -6.722093073999929, 31.028813104000051 ], [ -6.722178818999964, 31.028219705000026 ], [ -6.722348083999975, 31.027583771000025 ], [ -6.722508318999928, 31.02717646900004 ], [ -6.722735495999927, 31.02674591300007 ], [ -6.723337845999936, 31.026129662000073 ], [ -6.723977680999951, 31.025371178000057 ], [ -6.724578933999965, 31.024815911000076 ], [ -6.725429478999956, 31.024257907000049 ], [ -6.726169, 31.023689191000074 ], [ -6.726960777999977, 31.022905170000058 ], [ -6.727672411999947, 31.022133987000075 ], [ -6.728210651999973, 31.021441009000057 ], [ -6.728813019999961, 31.020589881000035 ], [ -6.728984577999938, 31.019829378000054 ], [ -6.729632135999964, 31.01866287200005 ], [ -6.730296615999976, 31.018641249000041 ], [ -6.731372272999977, 31.018328848000067 ], [ -6.732230436999942, 31.017918628000075 ], [ -6.732919438999943, 31.017309872000055 ], [ -6.733662968999965, 31.017015391000029 ], [ -6.734421632999954, 31.016620580000051 ], [ -6.734898398999974, 31.016271789000029 ], [ -6.735271006999938, 31.015623552000079 ], [ -6.735434469999973, 31.014319202000024 ], [ -6.735453237999934, 31.013345657000059 ], [ -6.735521008999967, 31.012314330000038 ], [ -6.735808600999974, 31.011538211000072 ], [ -6.735766013999978, 31.010908845000074 ], [ -6.735693397999967, 31.010494573000074 ], [ -6.735649920999947, 31.009807969000065 ], [ -6.735805666999966, 31.009104882000031 ], [ -6.736343553999973, 31.008397581000054 ], [ -6.736067929999933, 31.007742163000046 ], [ -6.73573793099996, 31.007207157000039 ], [ -6.736174184999925, 31.006852620000075 ], [ -6.736467335999976, 31.006664226000055 ], [ -6.73351889099996, 30.999884866000059 ], [ -6.733721179999975, 30.999518830000056 ], [ -6.733856055999979, 30.999278804000028 ], [ -6.733851454999979, 30.998968700000034 ], [ -6.734177733999957, 30.998559558000068 ], [ -6.734466678999979, 30.99843708700007 ], [ -6.734826305999945, 30.99840927300005 ], [ -6.735464627999932, 30.998268033000045 ], [ -6.73591621199995, 30.998140822000039 ], [ -6.736197827999945, 30.997988603000067 ], [ -6.736492104999968, 30.998041900000032 ], [ -6.737132395999936, 30.99789168600006 ], [ -6.738478058999931, 30.997504665000065 ], [ -6.739080284999943, 30.997303636000026 ], [ -6.742250707999972, 30.996773425000072 ], [ -6.747173066999949, 30.995950034000032 ], [ -6.748782250999966, 30.995680829000037 ], [ -6.76109089199997, 30.993774907000045 ], [ -6.767566783999939, 30.992794447000051 ], [ -6.76980851899998, 30.992454943000041 ], [ -6.770219290999933, 30.992392719000065 ], [ -6.771638777999954, 30.992177737000077 ], [ -6.777868937999926, 30.991233886000032 ], [ -6.777974735999976, 30.991942687000062 ], [ -6.778108250999935, 30.992341060000058 ], [ -6.778301466999949, 30.992731733000028 ], [ -6.77850600499994, 30.993049631000076 ], [ -6.778682765999974, 30.993272070000046 ], [ -6.778999818999978, 30.993595819000063 ], [ -6.779289546999962, 30.993837651000035 ], [ -6.779605463999928, 30.994050722000054 ], [ -6.780051947999937, 30.994290270000079 ], [ -6.780372745999955, 30.994425050000075 ], [ -6.780663722999975, 30.994522365000023 ], [ -6.781280651999964, 30.994600265000031 ], [ -6.78163449799996, 30.994384498000045 ], [ -6.781912580999972, 30.994160969000063 ], [ -6.78224684199995, 30.99385183000004 ], [ -6.782562710999969, 30.993507043000079 ], [ -6.782674778999933, 30.993368806000035 ], [ -6.782781495999927, 30.993227491000027 ], [ -6.782882744999938, 30.99308325100003 ], [ -6.782978419999949, 30.992936240000063 ], [ -6.783068415999935, 30.992786617000036 ], [ -6.783152635999954, 30.992634543000065 ], [ -6.783230989999936, 30.992480182000065 ], [ -6.783118443999967, 30.990458359000058 ], [ -6.783377149999978, 30.99028215900006 ], [ -6.784357866999926, 30.989614202000041 ], [ -6.785617871999932, 30.989414762000024 ], [ -6.78711530399994, 30.989192175000028 ], [ -6.794449604999954, 30.989016329000037 ], [ -6.803319357999953, 30.988834872000041 ], [ -6.820542023999963, 30.988480668000079 ], [ -6.848884046999956, 30.987892472000055 ], [ -6.854953630999944, 30.98776564800005 ], [ -6.865193348999981, 30.987550988000066 ], [ -6.870187265999959, 30.987446003000059 ], [ -6.88896075599996, 30.987049404000061 ], [ -6.88960616199995, 30.987035726000045 ], [ -6.891272230999959, 30.986941626000032 ], [ -6.891761641999949, 30.986914192000029 ], [ -6.892582011999934, 30.986887715000023 ], [ -6.893681923999964, 30.986882689000026 ], [ -6.895085964999964, 30.986878071000035 ], [ -6.895447431999969, 30.986877015000061 ], [ -6.927445214999977, 30.985185435000062 ], [ -6.928007006999962, 30.985655512000051 ], [ -6.928277830999946, 30.985997908000058 ], [ -6.928434427999946, 30.986365792000072 ], [ -6.928440510999962, 30.986723587000029 ], [ -6.928587055999969, 30.987198865000039 ], [ -6.928731572999936, 30.987554877000036 ], [ -6.929016556999954, 30.988028408000048 ], [ -6.929299473999947, 30.988382716000046 ], [ -6.929720829999951, 30.988735232000067 ], [ -6.930005821999941, 30.989208760000054 ], [ -6.930153393999944, 30.989743670000053 ], [ -6.930439365999973, 30.990276831000074 ], [ -6.930792571999973, 30.990689850000024 ], [ -6.93100729899993, 30.991104655000072 ], [ -6.931434809999928, 30.991814926000075 ], [ -6.93171977999998, 30.992288451000036 ], [ -6.931868383999927, 30.992882992000034 ], [ -6.932010891999937, 30.993119772000057 ], [ -6.932366127999956, 30.993652054000052 ], [ -6.932723401999965, 30.994303600000023 ], [ -6.933010420999949, 30.994896389000075 ], [ -6.933431871999971, 30.995248893000053 ], [ -6.933714818999931, 30.995603149000033 ], [ -6.934140346999925, 30.996194181000078 ], [ -6.934424326999931, 30.996608094000067 ], [ -6.934848836999947, 30.997139510000068 ], [ -6.935485059999962, 30.997906770000043 ], [ -6.935980804999929, 30.998556554000061 ], [ -6.93626581999996, 30.99903007000006 ], [ -6.936416504999954, 30.999743873000057 ], [ -6.936699526999973, 31.000098123000043 ], [ -6.936848177999934, 31.000692660000027 ], [ -6.93713932299994, 31.001523973000076 ], [ -6.93742541499995, 31.002057103000027 ], [ -6.937575091999975, 31.002711255000065 ], [ -6.937717589999977, 31.002948030000027 ], [ -6.93799858899996, 31.003183054000033 ], [ -6.938422087999925, 31.003654809000068 ], [ -6.938847675999966, 31.004245828000023 ], [ -6.93927322899998, 31.004836846000046 ], [ -6.939833161999957, 31.005187571000079 ], [ -6.940050049999968, 31.005721593000032 ], [ -6.940264854999953, 31.006136348000041 ], [ -6.940409450999937, 31.006492351000077 ], [ -6.940553024999929, 31.006788756000049 ], [ -6.940700688999925, 31.007323657000029 ], [ -6.941126267999948, 31.007914670000048 ], [ -6.94141547299995, 31.008626709000055 ], [ -6.941561056999944, 31.009042344000079 ], [ -6.94156616999993, 31.009340474000055 ], [ -6.941855382999961, 31.010052513000062 ], [ -6.941861520999964, 31.010410295000042 ], [ -6.941869704999931, 31.010887307000075 ], [ -6.942012268999974, 31.011124085000063 ], [ -6.942429686999958, 31.011238063000064 ], [ -6.942849152999941, 31.011471271000062 ], [ -6.943549670999971, 31.011939519000066 ], [ -6.944105608999962, 31.012051692000057 ], [ -6.944384561999925, 31.012167428000055 ], [ -6.944804037999972, 31.012400666000076 ], [ -6.94522560799993, 31.012753132000057 ], [ -6.945372283999973, 31.013228396000045 ], [ -6.945518919999927, 31.013703661000079 ], [ -6.945667650999951, 31.014298192000069 ], [ -6.946236901999953, 31.015185571000075 ], [ -6.946243057999936, 31.015543354000044 ], [ -6.946457955999961, 31.015958100000034 ], [ -6.947093385999949, 31.016665709000051 ], [ -6.947588290999931, 31.017255818000024 ], [ -6.947936546999927, 31.017370663000065 ], [ -6.948217574999944, 31.017605622000076 ], [ -6.948779677999937, 31.018075574000079 ], [ -6.94919923499998, 31.018308803000025 ], [ -6.949555165999925, 31.01887085900006 ], [ -6.953383993999978, 31.02221813500006 ], [ -6.954810016999943, 31.024585572000035 ], [ -6.95554372099997, 31.026961886000038 ], [ -6.957311001999926, 31.029026689000034 ], [ -6.960478785999953, 31.03196808000007 ], [ -6.962969833999978, 31.035812794000037 ], [ -6.967182013999945, 31.03903877700003 ], [ -6.970014637999952, 31.042580752000049 ], [ -6.972180992999938, 31.047622396000065 ], [ -6.972227952999958, 31.050305759000025 ], [ -6.974358048999932, 31.053260285000079 ], [ -6.974410302999956, 31.056241830000033 ], [ -6.974452108999969, 31.058627065000053 ], [ -6.974829782999961, 31.060411458000033 ], [ -6.975910647999967, 31.062783200000069 ], [ -6.975896845999955, 31.065682107000043 ], [ -6.976359000999935, 31.068589821000046 ], [ -6.978323355999976, 31.071280988000069 ], [ -6.98495960799994, 31.070383221000043 ], [ -6.984966423999936, 31.070769462000044 ], [ -6.98497223499993, 31.071098801000062 ], [ -6.985317420999934, 31.071810035000055 ], [ -6.986241218999965, 31.073897442000032 ], [ -6.986489044999928, 31.075373381000077 ], [ -6.986854444999949, 31.077229527000043 ], [ -6.987393748999978, 31.078448021000042 ], [ -6.987547374999963, 31.078795077000052 ], [ -6.988787843999944, 31.07997173900003 ], [ -6.989298541999972, 31.080633037000041 ], [ -6.989647124999976, 31.081535098000074 ], [ -6.990325782999946, 31.082289628000069 ], [ -6.99233643599996, 31.08312214700004 ], [ -6.992406243999937, 31.083932383000047 ], [ -6.993324448999942, 31.085685829000056 ], [ -6.994455913999957, 31.086959302000025 ], [ -6.994633232999945, 31.087577286000055 ], [ -6.994982751999942, 31.088527004000071 ], [ -6.995276879999949, 31.089477448000025 ], [ -6.995402965999972, 31.090334703000053 ], [ -6.995009670999934, 31.091842899000028 ], [ -6.994774187999951, 31.09239476700003 ], [ -6.994838948999927, 31.092918796000049 ], [ -6.994901169999935, 31.093299698000067 ], [ -6.995469077999928, 31.094055705000073 ], [ -6.996030613999949, 31.093928794000078 ], [ -6.996514441999977, 31.093658475000041 ], [ -6.996811031999925, 31.093381707000049 ], [ -6.996993660999976, 31.09312877800005 ], [ -6.99725945199998, 31.092874745000074 ], [ -6.997627911999928, 31.092547823000075 ], [ -6.997766091999949, 31.092134458000032 ], [ -6.997823051999944, 31.091829496000059 ], [ -6.997900797999932, 31.091524296000046 ], [ -6.997956319999957, 31.091138841000031 ], [ -6.998104595999962, 31.090707449000035 ], [ -6.998453187999928, 31.090434449000043 ], [ -6.998993497999948, 31.090418377000049 ], [ -6.999426283999981, 31.090493196000068 ], [ -6.999707052999952, 31.090675507000071 ], [ -7.000029292999955, 31.090932575000068 ], [ -7.000450676999947, 31.09109701400007 ], [ -7.000792085999933, 31.091339981000033 ], [ -7.000897725999948, 31.09168158600005 ], [ -7.000861569999927, 31.09198625700003 ], [ -7.00068215999994, 31.092418065000061 ], [ -7.000449940999943, 31.092805853000073 ], [ -7.000123385999927, 31.093150145000038 ], [ -6.999777316999939, 31.093566256000031 ], [ -6.999481483999944, 31.093883322000067 ], [ -6.999277414999938, 31.094100714000035 ], [ -6.999073978999945, 31.094353921000049 ], [ -6.998829476999958, 31.09463448200006 ], [ -6.998625564999941, 31.094860857000072 ], [ -6.99833896399997, 31.095115128000032 ], [ -6.998095250999938, 31.095440445000065 ], [ -6.997870065999962, 31.095640217000039 ], [ -6.997561755999925, 31.095841127000028 ], [ -6.99733656899997, 31.096040935000076 ], [ -6.997133434999967, 31.096311999000079 ], [ -6.997118371999932, 31.096634284000061 ], [ -6.997124098999961, 31.096956299000055 ], [ -6.997132213999976, 31.097412484000074 ], [ -6.997171832999925, 31.097886139000025 ], [ -6.997189548999927, 31.098297461000072 ], [ -6.997195913999974, 31.098655257000075 ], [ -6.997181564999948, 31.099017791000051 ], [ -6.99701194499994, 31.099418157000059 ], [ -6.996799545999977, 31.099751995000076 ], [ -6.996637670999974, 31.100004655000077 ], [ -6.996413601999961, 31.100267043000031 ], [ -6.99602574599993, 31.100674753000078 ], [ -6.995762634999949, 31.101080827000033 ], [ -6.995666486999937, 31.101520497000024 ], [ -6.995673480999926, 31.101914057000045 ], [ -6.995679864999943, 31.102273274000027 ], [ -6.995687310999926, 31.102692267000066 ], [ -6.995693828999947, 31.103058986000065 ], [ -6.995699550999973, 31.103380988000026 ], [ -6.995704638999939, 31.103667236000035 ], [ -6.995710360999965, 31.103989234000039 ], [ -6.995799893999958, 31.104345957000078 ], [ -6.995889082999952, 31.104684749000057 ], [ -6.99607119999996, 31.104986548000056 ], [ -6.996232866999947, 31.105306509000059 ], [ -6.99645770799998, 31.105670360000033 ], [ -6.996640602999946, 31.106016886000077 ], [ -6.996729817999949, 31.106355697000026 ], [ -6.996819671999958, 31.10673027100006 ], [ -6.99688681799995, 31.106997813000078 ], [ -6.997139836999963, 31.107191286000045 ], [ -6.997337935999951, 31.107515260000071 ], [ -6.997652823999942, 31.107971874000043 ], [ -6.997782037999968, 31.10822070200004 ], [ -6.997911210999973, 31.108469487000036 ], [ -6.998000755999954, 31.108826169000054 ], [ -6.998006328999963, 31.109139260000063 ], [ -6.998012218999975, 31.109470221000038 ], [ -6.997999660999938, 31.109933267000031 ], [ -6.997846310999932, 31.110371570000041 ], [ -6.997575816999927, 31.110656946000063 ], [ -6.997413923999943, 31.110909609000032 ], [ -6.997211125999968, 31.111198567000031 ], [ -6.997008276999964, 31.111487560000057 ], [ -6.996847015999947, 31.111775963000071 ], [ -6.996716482999943, 31.112037152000028 ], [ -6.996564851999949, 31.112280702000078 ], [ -6.996352401999957, 31.112614542000074 ], [ -6.996036321999952, 31.112967633000039 ], [ -6.995874436999941, 31.113220298000044 ], [ -6.995641348999925, 31.113563331000023 ], [ -6.995355339999946, 31.113853396000025 ], [ -6.995236710999961, 31.11419941500003 ], [ -6.995068140999933, 31.11466239400005 ], [ -6.994908620999979, 31.115049208000073 ], [ -6.994876727999952, 31.115595379000069 ], [ -6.994883719999962, 31.115988978000075 ], [ -6.994892618999927, 31.116489887000057 ], [ -6.994897703999925, 31.116776099000049 ], [ -6.994970471999977, 31.11713880700006 ], [ -6.995118998999942, 31.117524745000026 ], [ -6.995249172999934, 31.117827213000055 ], [ -6.995358242999941, 31.118112102000055 ], [ -6.995490939999968, 31.11855769400006 ], [ -6.995642847999932, 31.118913564000025 ], [ -6.995772070999976, 31.119162394000057 ], [ -6.996049409999955, 31.119552395000028 ], [ -6.996243528999969, 31.119943497000065 ], [ -6.996331161999933, 31.120192875000043 ], [ -6.996502620999934, 31.120476905000032 ], [ -6.996611370999972, 31.120743898000057 ], [ -6.99663837199995, 31.121092459000067 ], [ -6.99655630899997, 31.121441288000028 ], [ -6.996361066999953, 31.121874508000076 ], [ -6.996243607999929, 31.122287608000079 ], [ -6.996165875999964, 31.122592843000064 ], [ -6.99613000599993, 31.122915395000064 ], [ -6.996093499999972, 31.123202156000048 ], [ -6.996016678999979, 31.12356107200003 ], [ -6.995962236999958, 31.124009131000037 ], [ -6.995948753999926, 31.124420855000039 ], [ -6.995933049999962, 31.124707386000068 ], [ -6.995875111999965, 31.12495864400006 ], [ -6.995838287999959, 31.125227553000059 ], [ -6.995802096999967, 31.125532209000028 ], [ -6.99560244099996, 31.126000071000078 ], [ -6.995651645999942, 31.126428893000025 ], [ -6.995826904999944, 31.126927633000037 ], [ -6.996051165999972, 31.12725570300006 ], [ -6.996378417999949, 31.127528767000058 ], [ -6.996777226999939, 31.127729277000071 ], [ -6.99723807099997, 31.127911109000024 ], [ -6.997637642999962, 31.128156342000068 ], [ -6.997934541999939, 31.128474542000049 ], [ -6.998269806999929, 31.128613287000064 ], [ -6.998649266999962, 31.12889457600005 ], [ -6.998987083999964, 31.129176448000067 ], [ -6.999261283999942, 31.129387533000056 ], [ -6.999662779999937, 31.129740109000068 ], [ -7.000840776999951, 31.130476130000034 ], [ -7.001197539999964, 31.130650370000069 ], [ -7.00165984399996, 31.130912659000046 ], [ -7.00204780599995, 31.131086488000051 ], [ -7.002311253999949, 31.131279855000059 ], [ -7.002681602999928, 31.131632830000058 ], [ -7.002948582999977, 31.132022962000065 ], [ -7.003089519999946, 31.132343208000066 ], [ -7.003208388999951, 31.132592136000028 ], [ -7.003380530999948, 31.132911971000055 ], [ -7.003779571999928, 31.133416675000035 ], [ -7.003810846999954, 31.133711496000046 ], [ -7.003818198999966, 31.134122969000032 ], [ -7.003825551999967, 31.134534443000064 ], [ -7.003789385999937, 31.134839107000062 ], [ -7.003754496999932, 31.135215347000042 ], [ -7.00376216899997, 31.135644713000033 ], [ -7.003767602999972, 31.135948823000035 ], [ -7.003731125999934, 31.136235632000023 ], [ -7.003695436999976, 31.136567126000045 ], [ -7.003433549999954, 31.137044776000039 ], [ -7.003273227999955, 31.137386888000037 ], [ -7.003028425999958, 31.137658532000046 ], [ -7.002824282999939, 31.137875974000053 ], [ -7.002538216999938, 31.138166039000055 ], [ -7.002355805999969, 31.138436875000025 ], [ -7.002194559999964, 31.138725292000061 ], [ -7.001951901999973, 31.139117704000057 ], [ -7.001700281999945, 31.139590739000027 ], [ -7.001509904999978, 31.139995880000072 ], [ -7.001329563999946, 31.140382972000054 ], [ -7.00109849599994, 31.140842322000026 ], [ -7.001036223999961, 31.141433640000059 ], [ -7.001045000999966, 31.141925627000035 ], [ -7.001052499999957, 31.142346030000056 ], [ -7.001101923999954, 31.142783795000071 ], [ -7.001233111999966, 31.143139932000054 ], [ -7.001332143999946, 31.143442827000058 ], [ -7.001619667999933, 31.143814818000067 ], [ -7.00179113799993, 31.144098839000037 ], [ -7.001985057999946, 31.144472079000025 ], [ -7.00217897999994, 31.144845285000031 ], [ -7.002350503999935, 31.145129310000073 ], [ -7.002563583999972, 31.145412816000032 ], [ -7.002693503999978, 31.145697391000056 ], [ -7.002885194999976, 31.145945394000023 ], [ -7.003119080999966, 31.146228587000053 ], [ -7.003291250999951, 31.146548433000078 ], [ -7.003504386999964, 31.146831900000052 ], [ -7.003780519999964, 31.147150370000077 ], [ -7.004038459999947, 31.147612198000047 ], [ -7.004148862999955, 31.147968611000067 ], [ -7.004303432999961, 31.148467620000076 ], [ -7.004372518999958, 31.148842491000039 ], [ -7.00444067799998, 31.149163667000039 ], [ -7.004466918999981, 31.149467544000061 ], [ -7.00455524299997, 31.149752664000061 ], [ -7.004626291999955, 31.150234860000069 ], [ -7.004656691999969, 31.150771285000076 ], [ -7.00454179299993, 31.151327521000042 ], [ -7.004401948999941, 31.151651488000027 ], [ -7.004261465999946, 31.15193963400003 ], [ -7.004268501999945, 31.152333204000058 ], [ -7.004274898999938, 31.15269102700006 ], [ -7.004280015999939, 31.152977252000028 ], [ -7.004286092999962, 31.153317160000029 ], [ -7.004294087999938, 31.153764422000052 ], [ -7.004301124999927, 31.154157992000023 ], [ -7.00437248999998, 31.15465808600004 ], [ -7.004588161999948, 31.155084687000056 ], [ -7.004781798999943, 31.155440029000033 ], [ -7.004993671999955, 31.155651933000058 ], [ -7.005163904999961, 31.155864432000044 ], [ -7.005503172999965, 31.156217815000048 ], [ -7.005819372999952, 31.156446267000035 ], [ -7.006449858999929, 31.156795792000025 ], [ -7.006931220999945, 31.15695048300006 ], [ -7.007265003999976, 31.156999744000075 ], [ -7.007641087999957, 31.15708423600006 ], [ -7.008059851999974, 31.157230765000065 ], [ -7.008478945999968, 31.15739521900008 ], [ -7.008855987999937, 31.157533384000033 ], [ -7.009169933999942, 31.157636590000038 ], [ -7.009631782999975, 31.157863071000065 ], [ -7.010030579999977, 31.15805462700007 ], [ -7.010491441999932, 31.158227468000064 ], [ -7.010993462999977, 31.15837287800008 ], [ -7.011411942999928, 31.158501534000038 ], [ -7.011789594999925, 31.158675475000052 ], [ -7.012220085999957, 31.158893411000065 ], [ -7.012671707999971, 31.159128999000075 ], [ -7.012968077999972, 31.159411354000042 ], [ -7.013201434999928, 31.159658785000033 ], [ -7.013393178999934, 31.159906732000024 ], [ -7.013605051999946, 31.160118665000027 ], [ -7.013818886999957, 31.160437902000069 ], [ -7.01398919199994, 31.16065038000005 ], [ -7.014243338999961, 31.160897521000038 ], [ -7.014779620999946, 31.161212485000078 ], [ -7.015250936999962, 31.16138516500007 ], [ -7.015793439999925, 31.161467404000064 ], [ -7.016294984999945, 31.161585971000079 ], [ -7.016755918999934, 31.161758789000032 ], [ -7.017144161999965, 31.161941518000049 ], [ -7.017390337999927, 31.162322952000068 ], [ -7.017554902999962, 31.162794951000024 ], [ -7.01761449299994, 31.163214668000023 ], [ -7.017619491999938, 31.16349198000006 ], [ -7.017582562999962, 31.16375191800006 ], [ -7.017587723999952, 31.164038180000034 ], [ -7.017688602999954, 31.164439449000042 ], [ -7.01785093899997, 31.164786212000024 ], [ -7.018044970999938, 31.165159428000038 ], [ -7.018197665999935, 31.165551058000062 ], [ -7.01843218199997, 31.165861082000049 ], [ -7.018706031999955, 31.166045313000041 ], [ -7.019061331999978, 31.166130053000074 ], [ -7.019417580999971, 31.166268460000026 ], [ -7.019858389999968, 31.166477290000046 ], [ -7.020474691999937, 31.166898537000066 ], [ -7.021201855999948, 31.167121447000056 ], [ -7.021869262999928, 31.167202004000046 ], [ -7.02249339399998, 31.167193661000056 ], [ -7.023148771999956, 31.167184896000037 ], [ -7.023940826999933, 31.167254833000072 ], [ -7.024536197999964, 31.167381082000077 ], [ -7.025115982999978, 31.167507497000031 ], [ -7.02560245799998, 31.167653091000034 ], [ -7.02604357499996, 31.167879826000046 ], [ -7.026319574999945, 31.16818031300005 ], [ -7.026408638999953, 31.168501203000062 ], [ -7.026457066999967, 31.168876362000049 ], [ -7.026465173999952, 31.16932360800007 ], [ -7.026471497999978, 31.169672467000055 ], [ -7.026480091999929, 31.170146551000073 ], [ -7.026445609999939, 31.170540694000067 ], [ -7.026409181999952, 31.170827478000035 ], [ -7.026208245999953, 31.171223875000067 ], [ -7.02590328399998, 31.171621627000036 ], [ -7.02555151699994, 31.171733715000073 ], [ -7.025115571999947, 31.171793237000031 ], [ -7.024719255999969, 31.171744861000036 ], [ -7.02430249799994, 31.171714646000055 ], [ -7.023843154999952, 31.171631314000024 ], [ -7.02326026399993, 31.171621219000031 ], [ -7.022636073999934, 31.171629567000025 ], [ -7.022095724999929, 31.171672577000038 ], [ -7.021556063999981, 31.171751375000042 ], [ -7.020768036999925, 31.17190503300003 ], [ -7.019979001999957, 31.172005044000059 ], [ -7.019314817999941, 31.172103384000025 ], [ -7.018940273999931, 31.172108382000033 ], [ -7.018440934999944, 31.17211504200003 ], [ -7.017765530999952, 31.172168789000068 ], [ -7.017318690999957, 31.172201590000043 ], [ -7.016859054999941, 31.172391133000076 ], [ -7.016745625999931, 31.172737108000035 ], [ -7.016791917999967, 31.172995975000049 ], [ -7.016838686999961, 31.173281648000057 ], [ -7.016845295999929, 31.173648400000047 ], [ -7.016893200999959, 31.173996707000072 ], [ -7.017043996999973, 31.174280991000046 ], [ -7.017376866999939, 31.174562885000057 ], [ -7.017822870999964, 31.174771652000061 ], [ -7.018314748999956, 31.174926153000058 ], [ -7.018659357999979, 31.174993140000026 ], [ -7.019034832999978, 31.175041818000068 ], [ -7.01953617199996, 31.175142501000039 ], [ -7.019911333999971, 31.175173287000064 ], [ -7.020348265999928, 31.175167454000075 ], [ -7.020879818999958, 31.175214003000065 ], [ -7.021369126999957, 31.175225363000038 ], [ -7.021848974999955, 31.17529053800007 ], [ -7.022245586999929, 31.175356816000033 ], [ -7.022790446999977, 31.175564277000035 ], [ -7.023231959999976, 31.175808878000055 ], [ -7.023643513999957, 31.176125493000029 ], [ -7.024032659999932, 31.176352893000058 ], [ -7.024348654999926, 31.176563413000054 ], [ -7.024705625999957, 31.176737572000036 ], [ -7.024961464999933, 31.177074145000063 ], [ -7.025091825999937, 31.177376607000042 ], [ -7.025159117999976, 31.17764412300005 ], [ -7.025207543999954, 31.178019256000027 ], [ -7.02523709999997, 31.178502007000077 ], [ -7.025264388999972, 31.178859545000023 ], [ -7.02531184299994, 31.179180994000035 ], [ -7.025318324999944, 31.179538783000055 ], [ -7.02532610399993, 31.179968167000027 ], [ -7.025331937999965, 31.180290184000057 ], [ -7.025337123999975, 31.180576425000027 ], [ -7.025342958999943, 31.180898453000054 ], [ -7.025368954999976, 31.181184417000054 ], [ -7.025477498999976, 31.181433488000039 ], [ -7.025639246999958, 31.181744475000073 ], [ -7.025824071999978, 31.182180404000064 ], [ -7.025965823999968, 31.182536404000075 ], [ -7.026177950999966, 31.182757257000048 ], [ -7.026706375999936, 31.18291567600005 ], [ -7.027216273999954, 31.183199646000048 ], [ -7.027635682999971, 31.183372939000037 ], [ -7.028139979999935, 31.183634616000063 ], [ -7.028644928999938, 31.18393203200003 ], [ -7.028981105999947, 31.184106473000043 ], [ -7.029274722999958, 31.184227802000066 ], [ -7.029756572999929, 31.184400294000056 ], [ -7.030111288999933, 31.184449177000033 ], [ -7.030529754999975, 31.184568827000078 ], [ -7.030905297999936, 31.184617471000024 ], [ -7.031239570999958, 31.184684558000072 ], [ -7.031573143999935, 31.184715868000069 ], [ -7.031948691999958, 31.184764506000079 ], [ -7.032640286999936, 31.185023603000047 ], [ -7.032996326999978, 31.185144083000068 ], [ -7.033414452999978, 31.185245831000032 ], [ -7.033915505999971, 31.185328567000056 ], [ -7.034293346999959, 31.185502400000075 ], [ -7.034505345999946, 31.185714297000061 ], [ -7.034717670999953, 31.18594408000007 ], [ -7.034846773999959, 31.186174946000051 ], [ -7.035018316999981, 31.186450025000056 ], [ -7.035191143999953, 31.186796626000046 ], [ -7.035416975999965, 31.187196221000079 ], [ -7.035724776999928, 31.187523123000062 ], [ -7.036040489999948, 31.187715685000057 ], [ -7.036211876999971, 31.187981809000064 ], [ -7.03642455399995, 31.188229447000026 ], [ -7.036682085999928, 31.188655466000057 ], [ -7.036905666999928, 31.188929807000079 ], [ -7.037353891999942, 31.188968501000033 ], [ -7.037811722999948, 31.188962324000045 ], [ -7.038436659999945, 31.188989684000035 ], [ -7.038852891999966, 31.188984064000067 ], [ -7.03935232799995, 31.188977320000049 ], [ -7.03968526999995, 31.188972823000029 ], [ -7.040247160999968, 31.188965231000054 ], [ -7.040788242999952, 31.188957917000039 ], [ -7.041142651999962, 31.18898891200007 ], [ -7.041685019999932, 31.189053165000075 ], [ -7.042061921999959, 31.189173337000057 ], [ -7.042439437999974, 31.189329251000061 ], [ -7.042826887999979, 31.189458230000071 ], [ -7.043320041999948, 31.189675254000065 ], [ -7.043760644999963, 31.189866102000053 ], [ -7.044294606999927, 31.190037828000072 ], [ -7.044889668999929, 31.190137140000047 ], [ -7.045224933999975, 31.190257870000039 ], [ -7.045591243999979, 31.190369188000034 ], [ -7.046167945999969, 31.19060296400005 ], [ -7.046526677999964, 31.190866515000039 ], [ -7.046803102999945, 31.191184873000054 ], [ -7.047165449999966, 31.191645210000047 ], [ -7.047484183999927, 31.191998760000047 ], [ -7.047946959999933, 31.192260918000045 ], [ -7.048491982999963, 31.192468232000067 ], [ -7.048869856999943, 31.192642054000032 ], [ -7.04924792199995, 31.192824826000049 ], [ -7.049838039999941, 31.193219428000077 ], [ -7.050196419999963, 31.193465080000067 ], [ -7.050555171999974, 31.193728623000027 ], [ -7.050843010999927, 31.194100503000072 ], [ -7.051111075999927, 31.194526319000033 ], [ -7.051408672999969, 31.194862276000038 ], [ -7.051685507999935, 31.195010625000066 ], [ -7.051994046999937, 31.194997479000051 ], [ -7.052390130999981, 31.195027878000076 ], [ -7.052746541999966, 31.195166154000049 ], [ -7.053103664999981, 31.195340250000072 ], [ -7.053713798999979, 31.195689823000066 ], [ -7.054135296999959, 31.19597040900004 ], [ -7.054663995999931, 31.196419515000059 ], [ -7.055358217999981, 31.196812673000068 ], [ -7.055777440999975, 31.196968017000074 ], [ -7.05619665699993, 31.19712336300006 ], [ -7.056503100999976, 31.197231020000061 ], [ -7.05682762899994, 31.197472633000075 ], [ -7.057082676999926, 31.197755482000048 ], [ -7.057368905999965, 31.198037878000036 ], [ -7.057617025999946, 31.198508693000065 ], [ -7.057867595999937, 31.198831872000028 ], [ -7.058312935999936, 31.198991289000048 ], [ -7.058586446999925, 31.199148617000048 ], [ -7.059308069999929, 31.199108679000062 ], [ -7.056333829999971, 31.20380241600003 ], [ -7.056181934999927, 31.203855228000066 ], [ -7.056032663999929, 31.203913258000057 ], [ -7.055886262999934, 31.203976410000053 ], [ -7.055742970999972, 31.204044580000073 ], [ -7.055603024999925, 31.20411765700004 ], [ -7.05546665199995, 31.204195521000031 ], [ -7.05533407799993, 31.204278044000034 ], [ -7.055205518999969, 31.204365091000057 ], [ -7.055081185999938, 31.204456519000075 ], [ -7.054961283999944, 31.204552179000075 ], [ -7.054846008999959, 31.204651912000031 ], [ -7.054735549999975, 31.204755556000066 ], [ -7.054630087999954, 31.204862940000055 ], [ -7.05452979599994, 31.20497388900003 ], [ -7.054434838999953, 31.20508822000005 ], [ -7.054345372999933, 31.205205745000058 ], [ -7.054261542999939, 31.205326273000026 ], [ -7.054059904999974, 31.205670117000068 ], [ -7.053935954999929, 31.205950734000055 ], [ -7.053798787999938, 31.206393907000063 ], [ -7.053733361999946, 31.206831998000041 ], [ -7.053733017999946, 31.207273683000039 ], [ -7.053569976999938, 31.207259033000071 ], [ -7.053406345999974, 31.20725045100005 ], [ -7.05324243299998, 31.207247953000035 ], [ -7.053078548999963, 31.20725154400003 ], [ -7.052915000999974, 31.207261218000042 ], [ -7.052752097999928, 31.207276955000054 ], [ -7.052590147999979, 31.207298727000079 ], [ -7.05242945599997, 31.207326493000039 ], [ -7.052270323999949, 31.20736019900005 ], [ -7.05211305399996, 31.207399782000039 ], [ -7.051957941999945, 31.207445169000039 ], [ -7.05180527899995, 31.207496272000071 ], [ -7.05165535499998, 31.207552996000061 ], [ -7.051508450999961, 31.207615234000059 ], [ -7.051364844999966, 31.207682868000063 ], [ -7.051224807999972, 31.207755771000052 ], [ -7.051088602999926, 31.207833805000064 ], [ -7.05095648799994, 31.207916823000062 ], [ -7.050828711999941, 31.208004669000047 ], [ -7.050705515999937, 31.20809717700007 ], [ -7.050587130999929, 31.208194172000049 ], [ -7.050473781999926, 31.208295472000032 ], [ -7.050365681999949, 31.20840088500006 ], [ -7.050263034999944, 31.208510213000068 ], [ -7.050166033999972, 31.208623249000027 ], [ -7.050074862999963, 31.20873978000003 ], [ -7.04998969299993, 31.208859587000063 ], [ -7.049910684999929, 31.208982443000025 ], [ -7.049837987999979, 31.209108117000028 ], [ -7.049771738999937, 31.209236372000078 ], [ -7.000825843999962, 31.217912738000052 ], [ -6.994257087999927, 31.219311468000058 ], [ -6.988875870999948, 31.219879398000046 ], [ -6.998588542999926, 31.227032153000039 ], [ -6.999197117999927, 31.229070017000026 ], [ -7.000107610999976, 31.232118774000071 ], [ -6.999643904999971, 31.23725472600006 ], [ -7.000883409999972, 31.240578776000063 ], [ -7.00359984499994, 31.244957030000023 ], [ -7.003513037999937, 31.245543335000036 ], [ -7.002980373999947, 31.249140729000032 ], [ -7.00306799599997, 31.252687267000056 ], [ -7.005806105999966, 31.255724565000037 ], [ -7.01081630799996, 31.260191625000061 ], [ -7.012775530999932, 31.264878033000059 ], [ -7.011963150999975, 31.26411334200003 ], [ -7.011648057999935, 31.26396840700005 ], [ -7.011262994999981, 31.263794549000067 ], [ -7.011016281999957, 31.263589051000054 ], [ -7.010645624999938, 31.263250980000066 ], [ -7.010205561999953, 31.262913831000049 ], [ -7.009748930999933, 31.262621609000064 ], [ -7.009344929999941, 31.262358555000048 ], [ -7.008976691999976, 31.262154641000052 ], [ -7.008572711999932, 31.261891564000052 ], [ -7.008100329999934, 31.261689048000051 ], [ -7.007853613999941, 31.261483540000029 ], [ -7.007675244999973, 31.261217477000059 ], [ -7.007103641999947, 31.260730292000062 ], [ -7.006650418999925, 31.260580697000023 ], [ -7.006285986999956, 31.260452004000058 ], [ -7.005937051999979, 31.260290781000037 ], [ -7.005689018999931, 31.259909537000055 ], [ -7.00556630799997, 31.259622328000034 ], [ -7.005286941999941, 31.259435243000041 ], [ -7.005027427999948, 31.25927125000004 ], [ -7.004817442999979, 31.258996955000043 ], [ -7.004589705999933, 31.258597618000067 ], [ -7.004232082999977, 31.258285597000054 ], [ -7.003910522999945, 31.258088224000062 ], [ -7.003612845999953, 31.257944819000045 ], [ -7.003209825999932, 31.257919128000026 ], [ -7.002771924999934, 31.25792371600005 ], [ -7.002281063999931, 31.257836632000078 ], [ -7.001915098999973, 31.257692235000036 ], [ -7.001548641999932, 31.257663067000067 ], [ -7.001212198999951, 31.257778444000053 ], [ -7.00089208299994, 31.257836354000062 ], [ -7.00060089699997, 31.25799767500007 ], [ -7.000262397999961, 31.258056408000073 ], [ -6.999736064999979, 31.258152751000068 ], [ -6.999539641999945, 31.257949979000045 ], [ -6.999396384999955, 31.258403891000057 ], [ -6.999954412999955, 31.25854569300003 ], [ -6.999994740999966, 31.258858303000068 ], [ -6.999932495999929, 31.259261759000026 ], [ -6.99983422899993, 31.259591134000061 ], [ -6.999596532999931, 31.259892539000077 ], [ -6.999795721999931, 31.260352192000028 ], [ -6.999613560999933, 31.260846709000077 ], [ -6.999949989999948, 31.261215089000075 ], [ -7.000250616999949, 31.261524289000079 ], [ -7.000363832999938, 31.262029838000046 ], [ -6.999806315999933, 31.261917873000073 ], [ -6.999320311999952, 31.261924273000034 ], [ -6.998796940999966, 31.261778871000047 ], [ -6.998525929999971, 31.262158407000072 ], [ -6.998149680999973, 31.262476535000076 ], [ -6.99812136099996, 31.262834798000029 ], [ -6.997812672999942, 31.26304762500007 ], [ -6.997193696999943, 31.263383847000057 ], [ -6.996920219999936, 31.263626059000046 ], [ -6.996371193999948, 31.263991164000061 ], [ -6.995891597999957, 31.264355391000038 ], [ -6.995269944999961, 31.264542487000028 ], [ -6.994818667999937, 31.264548412000067 ], [ -6.994120688999942, 31.26434880000005 ], [ -6.99340191899995, 31.263955592000059 ], [ -6.992929319999973, 31.26373811600007 ], [ -6.992511191999938, 31.263654098000075 ], [ -6.992178208999974, 31.263479536000034 ], [ -6.991808989999981, 31.263215947000049 ], [ -6.991526505999957, 31.262951225000052 ], [ -6.991278226999952, 31.262656203000063 ], [ -6.991031016999955, 31.262420861000066 ], [ -6.990783270999941, 31.262155682000071 ], [ -6.990232969999965, 31.261961559000042 ], [ -6.98973394199993, 31.261722030000044 ], [ -6.988251625999965, 31.264783424000029 ], [ -6.985808196999926, 31.267976799000053 ], [ -6.985012767999933, 31.268871617000059 ], [ -6.984551566999926, 31.269390469000029 ], [ -6.984037832999945, 31.269968381000069 ], [ -6.98405048099994, 31.270684032000077 ], [ -6.984909066999933, 31.271319769000058 ], [ -6.985317115999976, 31.271621906000064 ], [ -6.985887337999941, 31.272449559000052 ], [ -6.985655478999945, 31.27276994500005 ], [ -6.985277210999925, 31.273292647000062 ], [ -6.985296198999947, 31.274366107000048 ], [ -6.979613624999956, 31.281968057000029 ], [ -6.993901656999981, 31.292049901000041 ], [ -6.996525138999971, 31.308501686000056 ], [ -6.994747310999969, 31.310105768000028 ], [ -6.991844122999964, 31.314244885000051 ], [ -6.988610492999953, 31.318186125000068 ], [ -6.986986821999949, 31.319409950000079 ], [ -6.985255958999971, 31.320864162000078 ], [ -6.983174067999926, 31.322590176000062 ], [ -6.982016421999958, 31.323769661000028 ], [ -6.980886663999968, 31.325273282000069 ], [ -6.979912854999952, 31.326793922000036 ], [ -6.979071035999937, 31.328236490000052 ], [ -6.970587012999943, 31.328547872000058 ], [ -6.969910793999929, 31.333710212000028 ], [ -6.965534119999973, 31.337775278000038 ], [ -6.96724203399998, 31.339269056000035 ], [ -6.969503410999948, 31.339895217000048 ], [ -6.970245233999947, 31.34010061500004 ], [ -6.974400662999926, 31.342432941000027 ], [ -6.973652575999949, 31.344160610000074 ], [ -6.972580991999962, 31.346465129000023 ], [ -6.978174360999958, 31.348828931000071 ], [ -6.964367165999931, 31.347459548000074 ], [ -6.960106583999959, 31.347158099000069 ], [ -6.946996428999967, 31.346229600000072 ], [ -6.942251675999955, 31.346774592000031 ], [ -6.940461327999969, 31.34698019800004 ], [ -6.934965875999978, 31.347611088000065 ], [ -6.928719201999968, 31.348327922000067 ], [ -6.919590036999978, 31.348593589000075 ], [ -6.916195108999943, 31.34869219400008 ], [ -6.906566157999976, 31.348619136000025 ], [ -6.90583225599994, 31.34861353000008 ], [ -6.894838009999944, 31.347046258000034 ], [ -6.888924534999944, 31.346202817000062 ], [ -6.888414879999971, 31.346217185000057 ], [ -6.883438045999981, 31.346357394000051 ], [ -6.878296258999967, 31.346502051000073 ], [ -6.875749730999928, 31.346573613000032 ], [ -6.874554545999956, 31.346607177000067 ], [ -6.874190035999959, 31.346617404000028 ], [ -6.863101214999972, 31.346928240000068 ], [ -6.851577420999945, 31.347250179000071 ], [ -6.83795639799996, 31.347881447000077 ], [ -6.837145600999975, 31.347918968000045 ], [ -6.836368911999955, 31.347954920000063 ], [ -6.835676042999978, 31.347986993000063 ], [ -6.821097798999972, 31.348660662000043 ], [ -6.818432990999952, 31.34878361400007 ], [ -6.813054101999967, 31.349031631000059 ], [ -6.810617307999962, 31.349143895000054 ], [ -6.79972001699997, 31.349645376000069 ], [ -6.786819328999968, 31.353619391000052 ], [ -6.780610520999971, 31.355531378000023 ], [ -6.779721964999965, 31.355804976000059 ], [ -6.775615930999948, 31.357069163000062 ], [ -6.773664183999927, 31.358142914000041 ], [ -6.767385492999949, 31.361596705000068 ], [ -6.765859119999959, 31.362463977000061 ], [ -6.765422308999973, 31.336038472000041 ], [ -6.765140436999957, 31.326951708000024 ], [ -6.757417733999944, 31.31747802700005 ], [ -6.75436829299997, 31.315439812000079 ], [ -6.752227921999975, 31.314009079000073 ], [ -6.750120730999981, 31.311612374000049 ], [ -6.747128384999939, 31.308208522000029 ], [ -6.743756871999949, 31.306041495000045 ], [ -6.740327596999975, 31.302707834000046 ], [ -6.73843293799996, 31.300524529000029 ], [ -6.738000378999971, 31.299649234000071 ], [ -6.737866852999957, 31.299306305000073 ], [ -6.737627862999943, 31.298244518000047 ], [ -6.736868993999963, 31.296849896000026 ], [ -6.73588192699998, 31.295338911000044 ], [ -6.73549354599993, 31.295272477000026 ], [ -6.734658837999973, 31.29503631700004 ], [ -6.734094300999971, 31.294859888000076 ], [ -6.732958875999941, 31.294504418000031 ], [ -6.723211039999967, 31.29434959200006 ], [ -6.710763303999954, 31.292432451000025 ], [ -6.708386200999939, 31.289413154000044 ], [ -6.707885432999944, 31.287058033000051 ], [ -6.711294267999961, 31.282317144000046 ], [ -6.717822491999925, 31.278732934000061 ], [ -6.720069982999973, 31.277526279000028 ], [ -6.722344093999936, 31.276316361000056 ], [ -6.722889072999976, 31.274102902000038 ], [ -6.722133360999976, 31.271881072000042 ], [ -6.717681028999948, 31.270364946000029 ], [ -6.710221240999942, 31.266743735000034 ], [ -6.707779577999929, 31.265557301000058 ], [ -6.707314313999973, 31.265812014000062 ], [ -6.707187103999956, 31.26580963300006 ], [ -6.707059897999955, 31.265812207000067 ], [ -6.706932961999939, 31.265819732000068 ], [ -6.706806557999926, 31.265832191000072 ], [ -6.706680949999964, 31.26584955800007 ], [ -6.706556396999929, 31.265871797000045 ], [ -6.706433158999971, 31.265898863000075 ], [ -6.706311490999951, 31.265930699000023 ], [ -6.706191644999933, 31.26596723800003 ], [ -6.706037015999925, 31.265996476000055 ], [ -6.705881240999929, 31.266020868000055 ], [ -6.705724527999962, 31.266040382000028 ], [ -6.705567084999927, 31.266054992000079 ], [ -6.705409123999971, 31.266064679000067 ], [ -6.705250853999928, 31.266069429000027 ], [ -6.705092486999945, 31.266069237000067 ], [ -6.70493423399995, 31.26606410200003 ], [ -6.704776304999939, 31.266054031000067 ], [ -6.703552739999964, 31.266167305000067 ], [ -6.70344278999994, 31.266191021000054 ], [ -6.703331307999974, 31.266208764000055 ], [ -6.703218739999954, 31.266220463000025 ], [ -6.703105531999938, 31.266226073000041 ], [ -6.702992136999967, 31.266225571000064 ], [ -6.702879002999964, 31.266218958000024 ], [ -6.702766582999971, 31.266206261000036 ], [ -6.702655322999931, 31.266187531000071 ], [ -6.702545665999935, 31.266162842000028 ], [ -6.702438047999976, 31.266132292000066 ], [ -6.702332897999952, 31.26609600300003 ], [ -6.702230632999942, 31.266054120000035 ], [ -6.702131661999942, 31.266006808000043 ], [ -6.702036377999946, 31.265954256000043 ], [ -6.701945158999933, 31.265896674000032 ], [ -6.701858368999979, 31.265834291000033 ], [ -6.701776353999946, 31.265767354000047 ], [ -6.701699438999981, 31.265696130000038 ], [ -6.701627931999951, 31.265620902000023 ], [ -6.701562114999945, 31.265541970000072 ], [ -6.701078243999973, 31.265447163000033 ], [ -6.700671500999931, 31.265578073000029 ], [ -6.700573339999949, 31.265640603000065 ], [ -6.700471143999948, 31.265698214000054 ], [ -6.700365246999979, 31.265750718000049 ], [ -6.700256000999957, 31.265797941000073 ], [ -6.700143762999971, 31.265839727000071 ], [ -6.700028905999943, 31.265875939000068 ], [ -6.699911806999978, 31.265906457000028 ], [ -6.699792850999927, 31.265931181000042 ], [ -6.699672431999943, 31.265950029000066 ], [ -6.699550945999931, 31.265962939000076 ], [ -6.699428792999981, 31.26596986900006 ], [ -6.699306376999971, 31.265970795000044 ], [ -6.699184099999968, 31.26596571500005 ], [ -6.699062364999975, 31.265954646000068 ], [ -6.698941574999935, 31.26593762400006 ], [ -6.698845457999937, 31.265895191000027 ], [ -6.698746601999972, 31.265857638000057 ], [ -6.698645344999932, 31.265825092000057 ], [ -6.698542033999956, 31.265797666000026 ], [ -6.69843702299994, 31.26577545400005 ], [ -6.698330670999951, 31.265758531000074 ], [ -6.698223342999938, 31.265746955000054 ], [ -6.698115405999943, 31.265740766000079 ], [ -6.698007230999963, 31.265739986000028 ], [ -6.697899187999951, 31.265744617000053 ], [ -6.697791646999974, 31.265754643000037 ], [ -6.697684975999948, 31.265770029000066 ], [ -6.697579540999925, 31.265790724000055 ], [ -6.697475702999952, 31.265816656000027 ], [ -6.69737381799996, 31.265847736000069 ], [ -6.697274233999963, 31.265883858000052 ], [ -6.697128111999973, 31.265923942000029 ], [ -6.696980248999978, 31.265959052000028 ], [ -6.696830875999979, 31.265989133000062 ], [ -6.696680227999934, 31.26601413800006 ], [ -6.696528539999974, 31.266034028000036 ], [ -6.696376049999969, 31.266048771000044 ], [ -6.69622299599996, 31.266058345000033 ], [ -6.696069619999946, 31.266062734000059 ], [ -6.695916159999967, 31.266061932000071 ], [ -6.695762857999966, 31.266055940000058 ], [ -6.695609952999973, 31.266044767000039 ], [ -6.695458754999947, 31.266049158000044 ], [ -6.695307874999969, 31.266058630000032 ], [ -6.695157547999941, 31.266073166000069 ], [ -6.695008006999956, 31.266092746000027 ], [ -6.69485948199997, 31.266117337000026 ], [ -6.694712203999927, 31.266146904000038 ], [ -6.694566399999928, 31.266181399000061 ], [ -6.694422295999971, 31.266220769000029 ], [ -6.694280115999959, 31.266264953000075 ], [ -6.694140077999975, 31.266313884000056 ], [ -6.693800435999947, 31.26631935100005 ], [ -6.692882405999967, 31.265791818000025 ], [ -6.691392582999981, 31.265595158000053 ], [ -6.690867628999968, 31.265520275000029 ], [ -6.690090381999937, 31.265372271000047 ], [ -6.688253457999963, 31.265245135000043 ], [ -6.684921710999959, 31.264629039000056 ], [ -6.68031125899995, 31.262709335000068 ], [ -6.678342327999928, 31.261489536000056 ], [ -6.67766856999998, 31.261047307000069 ], [ -6.675318933999961, 31.260931369000048 ], [ -6.670463508999944, 31.258716332000063 ], [ -6.66929016499995, 31.256179322000037 ], [ -6.668980445999978, 31.255406003000076 ], [ -6.669143595999969, 31.253003313000079 ], [ -6.669205416999944, 31.252648348000037 ], [ -6.671528253999952, 31.249934106000069 ], [ -6.672141809999971, 31.249234235000074 ], [ -6.67234934499993, 31.24904242100007 ], [ -6.67330082899997, 31.248311774000058 ], [ -6.673976864999929, 31.247794818000045 ], [ -6.674206658999935, 31.247619150000048 ], [ -6.674416210999937, 31.247438234000072 ], [ -6.675325447999967, 31.246424632000071 ], [ -6.67556467199995, 31.246157167000035 ], [ -6.676543632999937, 31.245058419000031 ], [ -6.67663248599996, 31.242687280000041 ], [ -6.674393653999971, 31.24021093600004 ], [ -6.672990631999937, 31.239404082000078 ], [ -6.67205998299994, 31.23885477400006 ], [ -6.666767636999964, 31.237636816000077 ], [ -6.661434163999957, 31.237744003000046 ], [ -6.658894445999977, 31.234537087000035 ], [ -6.658225339999944, 31.233685405000074 ], [ -6.657447704999981, 31.230156783000041 ] ] ] } },
{ "type": "Feature", "properties": { "ADM4_FR": "Idelsane", "ADM4_AR": "ادلسان", "ADM4_PCODE": "MA00300140107032", "ADM4_REF": null, "ADM3_FR": "Idelsane", "ADM3_AR": "ادلسان", "ADM3_PCODE": "MA0030014010703", "ADM2_FR": "Ouarzazate", "ADM2_AR": "ورزازات", "ADM2_PCODE": "MA003001", "ADM1_FR": "Drâa-Tafilalet", "ADM1_AR": "درعة - تافيلالت", "ADM1_PCODE": "MA003", "ADM0_EN": "Morocco", "ADM0_FR": "Moroc (le)", "ADM0_AR": "المغرب", "ADM0_PCODE": "MA", "date": "2023-09-15", "validOn": "2023-09-25", "validTo": null, "Shape_Leng": 1.0341108319500001, "Shape_Area": 0.040309404877, "AREA_SQKM": 427.07501182, "Cases": 244 }, "geometry": { "type": "Polygon", "coordinates": [ [ [ -6.584291119999932, 31.042699805000041 ], [ -6.58385154399997, 31.042614202000038 ], [ -6.583496213999979, 31.042504840000049 ], [ -6.583156891999977, 31.042362702000048 ], [ -6.582851873999971, 31.042303903000061 ], [ -6.582482457999959, 31.042164987000035 ], [ -6.582196994999947, 31.041988697000079 ], [ -6.581959280999968, 31.041770479000036 ], [ -6.581984163999948, 31.041368011000031 ], [ -6.582065416999967, 31.040235132000078 ], [ -6.582219321999958, 31.038772424000058 ], [ -6.582474386999934, 31.037099999000077 ], [ -6.582983559999946, 31.036319692000063 ], [ -6.583382221999955, 31.035033533000046 ], [ -6.581297293999967, 31.034919561000038 ], [ -6.576901609999936, 31.034679168000025 ], [ -6.571771186999968, 31.035426623000035 ], [ -6.561994391999974, 31.033695954000052 ], [ -6.555554380999979, 31.032555477000074 ], [ -6.548659076999968, 31.031529231000036 ], [ -6.542937499999937, 31.030291101000046 ], [ -6.543249727999978, 31.026244422000048 ], [ -6.544423649999942, 31.011026099000048 ], [ -6.544322668999939, 31.006782443000077 ], [ -6.542759970999953, 30.997835662000057 ], [ -6.542213113999935, 30.997082242000033 ], [ -6.536762412999963, 30.989571850000061 ], [ -6.524545106999938, 30.973857341000041 ], [ -6.520751255999926, 30.96854266500003 ], [ -6.515911262999964, 30.961761453000065 ], [ -6.50945491799996, 30.95410954700003 ], [ -6.502801407999925, 30.949503012000037 ], [ -6.497822304999943, 30.946910202000026 ], [ -6.49129505999997, 30.944795624000051 ], [ -6.483061966999969, 30.941862324000056 ], [ -6.478016877999949, 30.938900126000078 ], [ -6.472305776999974, 30.930975174000025 ], [ -6.464974312999971, 30.927117447000057 ], [ -6.449902259999931, 30.923195913000029 ], [ -6.440450923999947, 30.919616628000028 ], [ -6.415290715999959, 30.909109055000044 ], [ -6.39981752999995, 30.90260876800005 ], [ -6.390326240999968, 30.894228203000068 ], [ -6.389254724999944, 30.893281931000047 ], [ -6.387830812999937, 30.89105591200007 ], [ -6.389383646999931, 30.883867285000065 ], [ -6.391347221999979, 30.878625187000068 ], [ -6.457898420999925, 30.867483855000046 ], [ -6.57022853999996, 30.848589462000064 ], [ -6.583444078999946, 30.844513198000072 ], [ -6.584033716999954, 30.845463540000026 ], [ -6.584962120999933, 30.846072099000025 ], [ -6.585539625999957, 30.846450640000057 ], [ -6.586210607999931, 30.847016549000045 ], [ -6.587967219999939, 30.848144294000065 ], [ -6.588805985999954, 30.848851675000049 ], [ -6.590232852999975, 30.850125720000051 ], [ -6.591157396999961, 30.851046939000071 ], [ -6.593080029999953, 30.852172942000038 ], [ -6.594996060999961, 30.852798088000043 ], [ -6.597244845999967, 30.853491474000066 ], [ -6.597788197999932, 30.853808105000041 ], [ -6.598675643999968, 30.854496845000028 ], [ -6.599265291999927, 30.855170841000074 ], [ -6.599689020999961, 30.855846488000054 ], [ -6.600081305999936, 30.857273816000031 ], [ -6.600637578999965, 30.858556417000045 ], [ -6.601311601999953, 30.859336924000047 ], [ -6.601985636999927, 30.860117384000034 ], [ -6.60365741499993, 30.861066837000067 ], [ -6.605530316999932, 30.861549116000049 ], [ -6.607320781999931, 30.862068012000066 ], [ -6.60878046199997, 30.862661678000052 ], [ -6.610023171999956, 30.862541941000075 ], [ -6.611097099999938, 30.862209137000036 ], [ -6.612495579999973, 30.861336397000059 ], [ -6.613980354999967, 30.860713230000044 ], [ -6.61542263399997, 30.860018894000063 ], [ -6.61653511999998, 30.859470999000052 ], [ -6.617825059999973, 30.859780030000024 ], [ -6.619866287999969, 30.860439307000036 ], [ -6.62040718999998, 30.861012479000067 ], [ -6.62110249899996, 30.861731407000036 ], [ -6.621585791999962, 30.862105604000078 ], [ -6.622510538999961, 30.862738389000071 ], [ -6.625918059999947, 30.863204834000044 ], [ -6.627324704999978, 30.862940121000065 ], [ -6.628484936999939, 30.862856779000026 ], [ -6.629646632999936, 30.862880754000059 ], [ -6.630318495999973, 30.863482205000025 ], [ -6.630743474999974, 30.864229264000073 ], [ -6.630798649999974, 30.86523057200003 ], [ -6.631099744999972, 30.866014705000055 ], [ -6.631603774999974, 30.866474723000067 ], [ -6.632608962999939, 30.867180126000051 ], [ -6.63319890799994, 30.867853962000027 ], [ -6.633282472999952, 30.867940775000079 ], [ -6.63337112399995, 30.868023786000037 ], [ -6.633464627999956, 30.868102778000036 ], [ -6.633562736999977, 30.86817754100008 ], [ -6.633665192999956, 30.868247878000034 ], [ -6.633771723999928, 30.868313603000047 ], [ -6.633882049999954, 30.868374542000026 ], [ -6.633995876999961, 30.868430534000026 ], [ -6.634112906999974, 30.868481432000067 ], [ -6.634232828999927, 30.868527100000051 ], [ -6.63435532699998, 30.868567418000055 ], [ -6.634480075999932, 30.868602280000061 ], [ -6.634606747999953, 30.868631593000032 ], [ -6.634735006999961, 30.868655281000031 ], [ -6.634864514999947, 30.868673279000063 ], [ -6.634994929999948, 30.868685542000037 ], [ -6.635125905999928, 30.868692036000027 ], [ -6.635257097999954, 30.868692745000033 ], [ -6.635388158999945, 30.868687665000039 ], [ -6.635518742999977, 30.868676812000047 ], [ -6.635648504999949, 30.868660213000055 ], [ -6.635777100999974, 30.868637913000043 ], [ -6.635904192999931, 30.86860997000008 ], [ -6.636029443999973, 30.868576458000064 ], [ -6.636767637999981, 30.867960628000048 ], [ -6.638297769999951, 30.867622952000033 ], [ -6.638914949999958, 30.867258797000034 ], [ -6.639156869999965, 30.866755384000044 ], [ -6.639940942999942, 30.866461121000043 ], [ -6.641061702999934, 30.86652119200005 ], [ -6.641809222999939, 30.866585092000037 ], [ -6.64390911199996, 30.868459901000051 ], [ -6.646801542999981, 30.870648569000025 ], [ -6.648481929999946, 30.87216982700005 ], [ -6.649738627999966, 30.873051411000063 ], [ -6.650655556999936, 30.873363950000055 ], [ -6.651749904999974, 30.87449764400003 ], [ -6.653085000999965, 30.878026200000079 ], [ -6.652974503999928, 30.879029223000032 ], [ -6.651754014999938, 30.88075937800005 ], [ -6.650867793999964, 30.882664947000023 ], [ -6.650505911999971, 30.883491682000056 ], [ -6.650477199999955, 30.884501441000054 ], [ -6.650288322999927, 30.885748182000043 ], [ -6.650383218999934, 30.886605947000078 ], [ -6.650102809999964, 30.887324489000036 ], [ -6.649288524999974, 30.888442134000059 ], [ -6.64838827899996, 30.889345952000042 ], [ -6.647735449999971, 30.890139903000033 ], [ -6.647411525999928, 30.890715750000027 ], [ -6.647429874999943, 30.892039465000039 ], [ -6.647854139999936, 30.892714958000056 ], [ -6.648695281999949, 30.893529278000074 ], [ -6.649659867999958, 30.89427071700004 ], [ -6.650659540999925, 30.894546658000024 ], [ -6.65182563299993, 30.894856626000035 ], [ -6.652043671999934, 30.894930685000077 ], [ -6.652264204999938, 30.894999089000066 ], [ -6.652487032999943, 30.895061776000034 ], [ -6.652711955999962, 30.895118689000071 ], [ -6.652938769999935, 30.895169778000025 ], [ -6.653167270999973, 30.89521499600005 ], [ -6.653397250999944, 30.89525430100008 ], [ -6.653628503999926, 30.895287660000065 ], [ -6.653860820999967, 30.89531504100006 ], [ -6.654093991999957, 30.895336421000025 ], [ -6.65432780499998, 30.895351779000066 ], [ -6.654562050999971, 30.895361101000049 ], [ -6.654796517999955, 30.895364380000046 ], [ -6.655030993999958, 30.895361612000045 ], [ -6.655265266999947, 30.895352800000069 ], [ -6.655499124999949, 30.895337952000034 ], [ -6.655732357999966, 30.89531708100003 ], [ -6.658265547999974, 30.895469690000027 ], [ -6.659176775999981, 30.89535285900007 ], [ -6.659512234999966, 30.895144285000072 ], [ -6.659627256999954, 30.895063511000046 ], [ -6.659737947999929, 30.894978397000045 ], [ -6.659844084999975, 30.89488911400008 ], [ -6.659945453999967, 30.894795841000075 ], [ -6.660041852999939, 30.894698764000054 ], [ -6.660133087999952, 30.894598080000037 ], [ -6.660218975999953, 30.894493990000058 ], [ -6.660299343999952, 30.894386703000066 ], [ -6.660374030999947, 30.894276434000062 ], [ -6.660442886999931, 30.894163406000075 ], [ -6.660505772999954, 30.894047844000056 ], [ -6.660562564999964, 30.893929980000053 ], [ -6.660613146999935, 30.893810052000049 ], [ -6.660657418999961, 30.893688299000075 ], [ -6.660695289999978, 30.893564967000032 ], [ -6.660726685999975, 30.893440303000034 ], [ -6.661499876999926, 30.892358783000077 ], [ -6.662353478999933, 30.891097510000066 ], [ -6.66296473899996, 30.890303913000025 ], [ -6.663282533999961, 30.889298709000059 ], [ -6.663728798999955, 30.888578403000054 ], [ -6.663843634999978, 30.888486042000068 ], [ -6.663963009999975, 30.888398020000068 ], [ -6.664086700999974, 30.888314503000061 ], [ -6.664214477999963, 30.888235646000055 ], [ -6.664346102999957, 30.888161597000078 ], [ -6.664481329999944, 30.888092492000055 ], [ -6.664619906999974, 30.888028461000033 ], [ -6.664761575999933, 30.88796962300006 ], [ -6.664906072999941, 30.887916088000054 ], [ -6.665053126999965, 30.887867956000036 ], [ -6.665202464999936, 30.887825316000033 ], [ -6.665353809999942, 30.887788249000039 ], [ -6.665500553999948, 30.887758043000076 ], [ -6.665648632999932, 30.887733094000055 ], [ -6.665797790999932, 30.887713444000042 ], [ -6.665947771999981, 30.887699127000076 ], [ -6.666098315999932, 30.887690167000073 ], [ -6.666249163999964, 30.887686581000025 ], [ -6.666400055999929, 30.887688374000049 ], [ -6.666550729999926, 30.887695544000053 ], [ -6.666700927999955, 30.88770807700007 ], [ -6.666850388999933, 30.887725953000029 ], [ -6.666998855999964, 30.887749140000039 ], [ -6.667146072999969, 30.887777598000071 ], [ -6.667291785999964, 30.887811279000061 ], [ -6.667435742999942, 30.887850124000067 ], [ -6.667577696999956, 30.887894067000047 ], [ -6.668321034999963, 30.888172649000069 ], [ -6.668756250999934, 30.888324637000039 ], [ -6.669413476999978, 30.888341600000047 ], [ -6.669949337999981, 30.888370175000034 ], [ -6.670423834999951, 30.888596481000036 ], [ -6.670847780999964, 30.888668901000074 ], [ -6.671220307999931, 30.88870591400007 ], [ -6.671802587999935, 30.888807114000031 ], [ -6.672094007999931, 30.888875616000064 ], [ -6.672386392999954, 30.889015679000067 ], [ -6.672972221999942, 30.889367322000055 ], [ -6.673263640999949, 30.889435821000063 ], [ -6.673618767999926, 30.889611008000031 ], [ -6.674014413999942, 30.889714195000067 ], [ -6.674577228999965, 30.889905045000035 ], [ -6.674808657999961, 30.890135207000071 ], [ -6.67489569199995, 30.890420544000051 ], [ -6.675026736999939, 30.890884318000076 ], [ -6.675157285999944, 30.891312339000024 ], [ -6.675328814999943, 30.891704123000068 ], [ -6.675499787999968, 30.892060127000036 ], [ -6.675586318999933, 30.892309701000045 ], [ -6.675756836999938, 30.89262992700003 ], [ -6.675843867999959, 30.892915282000047 ], [ -6.675930906999952, 30.893200602000036 ], [ -6.676100363999979, 30.893449306000036 ], [ -6.676210683999955, 30.893913303000033 ], [ -6.676443438999968, 30.894232888000033 ], [ -6.677130502999944, 30.894404541000029 ], [ -6.678044212999964, 30.89446646600004 ], [ -6.678553436999948, 30.894532653000056 ], [ -6.678899755999964, 30.894815233000031 ], [ -6.67925620699998, 30.895079846000044 ], [ -6.67967514999998, 30.89536165100003 ], [ -6.679991621999932, 30.895734042000072 ], [ -6.680122451999978, 30.896179927000048 ], [ -6.680127286999948, 30.896519787000045 ], [ -6.680135939999957, 30.89712799800003 ], [ -6.680139238999971, 30.897461247000024 ], [ -6.68008132999995, 30.897970157000032 ], [ -6.679755410999974, 30.898621126000023 ], [ -6.679511412999943, 30.89929187000007 ], [ -6.67979332699997, 30.899661609000077 ], [ -6.680353288999981, 30.900132811000049 ], [ -6.680569440999932, 30.900741788000062 ], [ -6.680783015999964, 30.901171905000069 ], [ -6.68106514699997, 30.901556546000052 ], [ -6.681276, 30.901792875000069 ], [ -6.68148851899997, 30.902148434000026 ], [ -6.681907685999931, 30.902442162000057 ], [ -6.682290544999944, 30.902617032000023 ], [ -6.682604291999951, 30.902792628000043 ], [ -6.68295257699998, 30.902967819000025 ], [ -6.683300046999932, 30.903083417000062 ], [ -6.683716635999929, 30.903198279000037 ], [ -6.684166101999949, 30.903193510000051 ], [ -6.684651015999975, 30.903248008000048 ], [ -6.685100503999934, 30.903243235000048 ], [ -6.685515390999967, 30.903238828000042 ], [ -6.685893568999973, 30.903085707000059 ], [ -6.686268380999934, 30.902694092000047 ], [ -6.68674815299994, 30.902390791000073 ], [ -6.687107026999968, 30.902187496000067 ], [ -6.687521620999973, 30.901637915000038 ], [ -6.688276723999934, 30.901242233000062 ], [ -6.689067654999974, 30.90093564600005 ], [ -6.689756579999937, 30.900749379000047 ], [ -6.690550107999968, 30.900621637000029 ], [ -6.691206989999955, 30.900614630000064 ], [ -6.69191213199997, 30.900785210000038 ], [ -6.692601049999951, 30.900598970000033 ], [ -6.693152515999941, 30.900473797000075 ], [ -6.693703980999942, 30.900348620000045 ], [ -6.694321161999937, 30.899984212000049 ], [ -6.694836781999925, 30.899769951000053 ], [ -6.695423221999931, 30.899674212000036 ], [ -6.695899561999965, 30.89913238400004 ], [ -6.696296049999944, 30.898622015000058 ], [ -6.696447573999933, 30.898137155000029 ], [ -6.696698025999979, 30.897723173000031 ], [ -6.697626767999964, 30.897385210000039 ], [ -6.698175667999976, 30.897081115000049 ], [ -6.699380094999981, 30.89668057800003 ], [ -6.700100973999952, 30.896314991000054 ], [ -6.700890527999945, 30.895918860000052 ], [ -6.701918647999946, 30.896031812000047 ], [ -6.702564510999935, 30.896138602000065 ], [ -6.702874821999956, 30.896075653000025 ], [ -6.703220526999928, 30.896071930000062 ], [ -6.70384282699996, 30.896065226000076 ], [ -6.704516990999934, 30.896057960000064 ], [ -6.705190289999962, 30.895991062000064 ], [ -6.705879575999973, 30.89583452100004 ], [ -6.70660040599995, 30.895468932000028 ], [ -6.707080507999933, 30.895195362000038 ], [ -6.707527332999973, 30.895011615000044 ], [ -6.708009634999939, 30.894887158000074 ], [ -6.708524307999937, 30.894613208000067 ], [ -6.708971991999931, 30.894489084000043 ], [ -6.709486223999932, 30.894185353000069 ], [ -6.709863495999969, 30.893972525000038 ], [ -6.710290979999968, 30.89360374000006 ], [ -6.710634630999948, 30.893456875000027 ], [ -6.710965108999972, 30.893357871000035 ], [ -6.711322931999973, 30.893234713000027 ], [ -6.711679330999971, 30.893016180000075 ], [ -6.712119386999973, 30.892844412000045 ], [ -6.712449207999953, 30.892697696000027 ], [ -6.713125064999929, 30.892571104000069 ], [ -6.713590168999929, 30.892220158000043 ], [ -6.71398856199994, 30.892036911000048 ], [ -6.714485365999963, 30.891959977000056 ], [ -6.714843493999979, 30.891860663000045 ], [ -6.715145992999965, 30.891738094000061 ], [ -6.71558813799993, 30.891709430000049 ], [ -6.716029575999926, 30.891633063000029 ], [ -6.716444108999951, 30.891604696000059 ], [ -6.716775262999931, 30.891553377000037 ], [ -6.717173497999966, 30.891358217000061 ], [ -6.717628787999956, 30.891281708000065 ], [ -6.717959598999926, 30.891206532000069 ], [ -6.718291141999941, 30.891179062000049 ], [ -6.719192585999963, 30.891157701000054 ], [ -6.719709823999949, 30.89106259700003 ], [ -6.72033165199997, 30.891025994000074 ], [ -6.720743456999969, 30.890812792000077 ], [ -6.721121962999973, 30.890689379000037 ], [ -6.721605935999946, 30.890684093000061 ], [ -6.721986238999932, 30.890679938000062 ], [ -6.72276719499996, 30.89106937400004 ], [ -6.723117696999964, 30.891393545000028 ], [ -6.723643263999975, 30.891864890000079 ], [ -6.724097104999942, 30.892158110000025 ], [ -6.724790188999975, 30.89268282300003 ], [ -6.724818807999952, 30.893040002000077 ], [ -6.725126897999928, 30.893299028000058 ], [ -6.725544898999942, 30.893509162000043 ], [ -6.726045214999942, 30.893670634000046 ], [ -6.72637954399994, 30.893833967000035 ], [ -6.726960340999938, 30.89382759800003 ], [ -6.727347563999956, 30.893823351000037 ], [ -6.72833628099994, 30.893572752000068 ], [ -6.72869567999993, 30.893331464000028 ], [ -6.729149056999972, 30.89312370500005 ], [ -6.729629346999957, 30.892867976000048 ], [ -6.730290993999972, 30.892717563000076 ], [ -6.730622152999956, 30.892666206000058 ], [ -6.731174617999955, 30.892612414000041 ], [ -6.731535545999975, 30.892703873000073 ], [ -6.731923427999959, 30.892747313000029 ], [ -6.732366672999945, 30.892790148000074 ], [ -6.73273043599994, 30.893072378000056 ], [ -6.733203088999971, 30.893685262000076 ], [ -6.733633211999972, 30.894021398000064 ], [ -6.733950522999976, 30.894435351000027 ], [ -6.734445568999945, 30.895175368000025 ], [ -6.734660084999973, 30.895650097000043 ], [ -6.734802803999969, 30.895946687000048 ], [ -6.735121474999971, 30.896450104000053 ], [ -6.735456769999928, 30.896908604000032 ], [ -6.73584987199996, 30.89717620600004 ], [ -6.73635313799997, 30.898569515000077 ], [ -6.737305633999938, 30.902051 ], [ -6.737561921999941, 30.904182143000071 ], [ -6.734950199999957, 30.910225170000047 ], [ -6.730971360999945, 30.91531124200003 ], [ -6.715666146999979, 30.915484076000041 ], [ -6.713752200999977, 30.923455399000034 ], [ -6.709035814999936, 30.928967576000048 ], [ -6.707552447999944, 30.930701009000074 ], [ -6.706326937999961, 30.933207753000033 ], [ -6.709378586999946, 30.93977579500006 ], [ -6.709494707999966, 30.940383285000053 ], [ -6.709604231999947, 30.940991672000052 ], [ -6.70970714799995, 30.941600903000051 ], [ -6.709803447999946, 30.94221092500004 ], [ -6.709893123999962, 30.942821686000059 ], [ -6.709976166999979, 30.943433133000042 ], [ -6.710052569999959, 30.944045212000049 ], [ -6.710122327999954, 30.944657870000071 ], [ -6.710176800999932, 30.945184844000039 ], [ -6.710226034999948, 30.945712195000056 ], [ -6.710270025999932, 30.946239883000032 ], [ -6.710304447999931, 30.94667918500005 ], [ -6.71032852299993, 30.947017892000076 ], [ -6.710359500999971, 30.947550923000051 ], [ -6.710386913999969, 30.948049257000037 ], [ -6.71040798699994, 30.94854781600003 ], [ -6.71043616999998, 30.949382822000075 ], [ -6.710447157999965, 30.949939655000037 ], [ -6.710452679999946, 30.950496545000078 ], [ -6.710452735999979, 30.951053451000064 ], [ -6.710447324999961, 30.951610335000055 ], [ -6.710436449999975, 30.952167157000076 ], [ -6.710420108999926, 30.952723877000039 ], [ -6.71039830999996, 30.953280468000059 ], [ -6.710392075999948, 30.953639654000028 ], [ -6.710400309999955, 30.954017983000028 ], [ -6.710432839999953, 30.954509047000045 ], [ -6.710460286999933, 30.954777761000059 ], [ -6.710494651999966, 30.955045888000029 ], [ -6.710535916999959, 30.955313297000032 ], [ -6.710584061999953, 30.955579859000068 ], [ -6.710639063999963, 30.955845442000054 ], [ -6.710700894999945, 30.956109918000038 ], [ -6.710769524999932, 30.95637315700003 ], [ -6.710844921999978, 30.956635030000029 ], [ -6.710927046999927, 30.956895410000072 ], [ -6.711015861999954, 30.957154169000034 ], [ -6.711111321999965, 30.957411182000044 ], [ -6.711213380999936, 30.957666323000069 ], [ -6.711321989999931, 30.957919466000078 ], [ -6.711437094999951, 30.958170489000054 ], [ -6.711558638999975, 30.958419270000036 ], [ -6.711686563999933, 30.958665685000028 ], [ -6.71182080799997, 30.958909616000028 ], [ -6.711961303999942, 30.959150943000054 ], [ -6.712107983999942, 30.959389549000036 ], [ -6.712260775999937, 30.959625316000029 ], [ -6.712419605999969, 30.959858130000043 ], [ -6.712584395999954, 30.960087877000035 ], [ -6.712755065999943, 30.960314445000051 ], [ -6.71293153299996, 30.960537724000062 ], [ -6.71311370899997, 30.960757603000047 ], [ -6.713301506999926, 30.960973977000037 ], [ -6.713494834999949, 30.961186739000027 ], [ -6.715518355999961, 30.966826147000063 ], [ -6.715640023999981, 30.967525231000025 ], [ -6.716232372999968, 30.967879392000043 ], [ -6.716385019999962, 30.968040860000031 ], [ -6.716532340999947, 30.968205924000074 ], [ -6.716674220999948, 30.96837445500006 ], [ -6.716810549999934, 30.968546323000055 ], [ -6.716941220999956, 30.968721391000031 ], [ -6.717066130999967, 30.968899524000051 ], [ -6.717185183999959, 30.969080581000071 ], [ -6.71729828499997, 30.969264422000037 ], [ -6.717405345999964, 30.969450903000052 ], [ -6.717506283999967, 30.969639877000077 ], [ -6.717601019999961, 30.969831197000076 ], [ -6.717689478999944, 30.970024713000043 ], [ -6.717771592999952, 30.970220274000042 ], [ -6.717847296999935, 30.97041772700004 ], [ -6.717916531999947, 30.970616918000076 ], [ -6.717979243999935, 30.970817690000047 ], [ -6.718035383999961, 30.971019887000068 ], [ -6.718084906999934, 30.971223350000059 ], [ -6.71812777599996, 30.971427921000043 ], [ -6.718163956999945, 30.971633439000072 ], [ -6.718239257999926, 30.971821747000035 ], [ -6.718321085999946, 30.972008041000038 ], [ -6.718409369999961, 30.972192156000062 ], [ -6.718504028999973, 30.972373927000035 ], [ -6.718604979999952, 30.972553191000031 ], [ -6.718712131999951, 30.972729789000027 ], [ -6.718825389999949, 30.972903564000035 ], [ -6.718944651999948, 30.973074359000066 ], [ -6.71906981199993, 30.973242022000079 ], [ -6.719200757999943, 30.973406405000048 ], [ -6.719337373999963, 30.973567359000072 ], [ -6.719479536999927, 30.973724742000059 ], [ -6.719627119999927, 30.973878413000079 ], [ -6.719779992999975, 30.974028234000059 ], [ -6.719938016999947, 30.974174073000029 ], [ -6.720101052999951, 30.974315798000077 ], [ -6.720268953999948, 30.974453284000049 ], [ -6.720441570999981, 30.974586407000061 ], [ -6.720618749999971, 30.974715049000054 ], [ -6.720800331999953, 30.97483909400006 ], [ -6.724075958999947, 30.975377524000066 ], [ -6.724572628999965, 30.976383448000036 ], [ -6.724958541999968, 30.97673708700006 ], [ -6.725551647999964, 30.977058620000037 ], [ -6.726007612999979, 30.977471101000049 ], [ -6.726359832999947, 30.97788470900008 ], [ -6.72667566399997, 30.978179471000033 ], [ -6.726853518999974, 30.978505502000075 ], [ -6.726617013999942, 30.978895765000061 ], [ -6.726344121999944, 30.979167130000064 ], [ -6.725795296999934, 30.979501163000066 ], [ -6.725521562999973, 30.979712895000034 ], [ -6.725802770999962, 30.980008032000057 ], [ -6.72622069099998, 30.980182355000068 ], [ -6.726849288999972, 30.980563133000032 ], [ -6.727269372999956, 30.980886554000051 ], [ -6.727586985999949, 30.981300538000028 ], [ -6.727940498999942, 30.981803622000029 ], [ -6.728329091999967, 30.982336114000077 ], [ -6.728747468999927, 30.982540261000054 ], [ -6.729304236999951, 30.982742889000065 ], [ -6.730001202999972, 30.983063261000041 ], [ -6.730386283999962, 30.983357247000072 ], [ -6.730562830999929, 30.983593846000076 ], [ -6.730923881999956, 30.984603755000023 ], [ -6.731113719999939, 30.985734826000055 ], [ -6.731154044999926, 30.986122055000067 ], [ -6.731374507999931, 30.986984412000027 ], [ -6.731245342999955, 30.987612037000076 ], [ -6.730905421999978, 30.98803328300005 ], [ -6.730667584999935, 30.988334085000076 ], [ -6.730152914999962, 30.988637918000052 ], [ -6.729429645999971, 30.988884434000056 ], [ -6.72850361199994, 30.989461196000036 ], [ -6.727816720999954, 30.989826556000025 ], [ -6.727440434999949, 30.990128868000056 ], [ -6.727134040999942, 30.990475167000056 ], [ -6.726855954999962, 30.990883436000047 ], [ -6.726212560999954, 30.99136496400007 ], [ -6.725802544999965, 30.991727281000067 ], [ -6.72521945099993, 30.992091490000064 ], [ -6.724774399999944, 30.99242438400006 ], [ -6.724327986999981, 30.99266784100007 ], [ -6.724126461999958, 30.993087514000024 ], [ -6.724134366999976, 30.993624191000038 ], [ -6.72413875899997, 30.993922367000039 ], [ -6.724080509999965, 30.994668498000067 ], [ -6.724016997999968, 30.995056824000073 ], [ -6.724160279999978, 30.99538328400007 ], [ -6.724166428999979, 30.995800729000052 ], [ -6.724483193999959, 30.996155094000073 ], [ -6.724694389999968, 30.996391361000065 ], [ -6.724906898999961, 30.996717020000062 ], [ -6.724838705999957, 30.99720086700006 ], [ -6.724935122999966, 30.997635201000037 ], [ -6.725166734999959, 30.99784734900004 ], [ -6.725600035999946, 30.998122938000051 ], [ -6.72606226399995, 30.998481672000025 ], [ -6.726382466999951, 30.998597456000027 ], [ -6.726730504999978, 30.998724862000074 ], [ -6.727234316999954, 30.999083133000056 ], [ -6.727684291999935, 30.999549359000071 ], [ -6.727840471999968, 30.999810083000057 ], [ -6.727956168999981, 31.000142786000026 ], [ -6.72798807099997, 31.000428728000031 ], [ -6.728387153999961, 31.000728502000072 ], [ -6.728804692999972, 31.000873035000041 ], [ -6.729199833999928, 31.00090448900005 ], [ -6.729568557999926, 31.001025674000061 ], [ -6.729908228999932, 31.001051748000066 ], [ -6.730309188999968, 31.001011599000037 ], [ -6.730709972999932, 31.000959479000073 ], [ -6.731068020999942, 31.000824327000032 ], [ -6.731320774999972, 31.000594899000077 ], [ -6.731627802999981, 31.000287377000063 ], [ -6.732207692999964, 31.000173638000035 ], [ -6.732634837999967, 31.000031761000059 ], [ -6.733146733999945, 31.000002272000074 ], [ -6.73351889099996, 30.999884866000059 ], [ -6.736467335999976, 31.006664226000055 ], [ -6.736174184999925, 31.006852620000075 ], [ -6.73573793099996, 31.007207157000039 ], [ -6.736067929999933, 31.007742163000046 ], [ -6.736343553999973, 31.008397581000054 ], [ -6.735805666999966, 31.009104882000031 ], [ -6.735649920999947, 31.009807969000065 ], [ -6.735693397999967, 31.010494573000074 ], [ -6.735766013999978, 31.010908845000074 ], [ -6.735808600999974, 31.011538211000072 ], [ -6.735521008999967, 31.012314330000038 ], [ -6.735453237999934, 31.013345657000059 ], [ -6.735434469999973, 31.014319202000024 ], [ -6.735271006999938, 31.015623552000079 ], [ -6.734898398999974, 31.016271789000029 ], [ -6.734421632999954, 31.016620580000051 ], [ -6.733662968999965, 31.017015391000029 ], [ -6.732919438999943, 31.017309872000055 ], [ -6.732230436999942, 31.017918628000075 ], [ -6.731372272999977, 31.018328848000067 ], [ -6.730296615999976, 31.018641249000041 ], [ -6.729632135999964, 31.01866287200005 ], [ -6.728984577999938, 31.019829378000054 ], [ -6.728813019999961, 31.020589881000035 ], [ -6.728210651999973, 31.021441009000057 ], [ -6.727672411999947, 31.022133987000075 ], [ -6.726960777999977, 31.022905170000058 ], [ -6.726169, 31.023689191000074 ], [ -6.725429478999956, 31.024257907000049 ], [ -6.724578933999965, 31.024815911000076 ], [ -6.723977680999951, 31.025371178000057 ], [ -6.723337845999936, 31.026129662000073 ], [ -6.722735495999927, 31.02674591300007 ], [ -6.722508318999928, 31.02717646900004 ], [ -6.722348083999975, 31.027583771000025 ], [ -6.722178818999964, 31.028219705000026 ], [ -6.722093073999929, 31.028813104000051 ], [ -6.721619396999927, 31.029834233000031 ], [ -6.721213002999946, 31.030458940000074 ], [ -6.720585557999925, 31.03112184500003 ], [ -6.720189890999961, 31.031531710000024 ], [ -6.719703082999956, 31.03207038100004 ], [ -6.719252798999946, 31.032806320000077 ], [ -6.718628602999956, 31.03370979400006 ], [ -6.71796577799995, 31.034776549000071 ], [ -6.717608587999962, 31.035925555000063 ], [ -6.717617507999933, 31.036533805000033 ], [ -6.717669733999969, 31.037260876000062 ], [ -6.71783487099998, 31.038129826000045 ], [ -6.718332407999981, 31.038995167000053 ], [ -6.65738598799993, 31.038023231000068 ], [ -6.636185163999926, 31.037677823000024 ], [ -6.635680307999962, 31.037785185000075 ], [ -6.635173830999975, 31.037886785000069 ], [ -6.634665821999931, 31.037982606000071 ], [ -6.63415637099996, 31.038072631000034 ], [ -6.633645567999963, 31.038156844000071 ], [ -6.633133502999954, 31.038235229000065 ], [ -6.632620266999936, 31.038307774000032 ], [ -6.632105950999971, 31.038374465000061 ], [ -6.63159064499996, 31.038435291000042 ], [ -6.631074440999953, 31.038490241000034 ], [ -6.630557429999953, 31.038539305000029 ], [ -6.630039702999966, 31.038582475000055 ], [ -6.629521351999927, 31.038619742000037 ], [ -6.629002467999953, 31.038651101000028 ], [ -6.628483143999972, 31.038676546000033 ], [ -6.62796347099993, 31.038696071000061 ], [ -6.627443539999945, 31.038709675000064 ], [ -6.626923444999932, 31.038717354000028 ], [ -6.626403275999962, 31.038719107000077 ], [ -6.625883125999962, 31.038714934000041 ], [ -6.625363086999926, 31.038704835000033 ], [ -6.624843250999959, 31.038688813000078 ], [ -6.624323708999952, 31.038666870000043 ], [ -6.623804552999957, 31.038639009000065 ], [ -6.623285875999954, 31.03860523700007 ], [ -6.62276776899995, 31.038565558000073 ], [ -6.622250322999946, 31.038519981000036 ], [ -6.621733630999927, 31.038468512000065 ], [ -6.617034451999928, 31.03822699400007 ], [ -6.612334936999957, 31.037990343000047 ], [ -6.611769163999952, 31.038000738000051 ], [ -6.611203285999977, 31.03800529800003 ], [ -6.610637384999961, 31.038004024000031 ], [ -6.610071542999947, 31.037996916000054 ], [ -6.60950584099993, 31.037983974000042 ], [ -6.608940361999942, 31.037965201000077 ], [ -6.608375187999968, 31.037940598000034 ], [ -6.607810399999948, 31.037910171000078 ], [ -6.607246080999971, 31.037873923000063 ], [ -6.606682310999929, 31.03783185900005 ], [ -6.606119172999968, 31.037783986000079 ], [ -6.605877710999948, 31.037681724000038 ], [ -6.605639124999925, 31.037574621000033 ], [ -6.605403548999959, 31.037462733000041 ], [ -6.605171111999937, 31.037346125000056 ], [ -6.604941943999961, 31.037224860000038 ], [ -6.604716169999961, 31.037099007000052 ], [ -6.604493916999957, 31.036968633000072 ], [ -6.604275307999956, 31.036833812000054 ], [ -6.604060463999929, 31.036694619000059 ], [ -6.603849503999925, 31.036551130000078 ], [ -6.603642544999957, 31.036403426000049 ], [ -6.603582180999979, 31.036358240000027 ], [ -6.603439700999957, 31.036251587000038 ], [ -6.603241084999979, 31.036095699000043 ], [ -6.603046807999931, 31.035935846000029 ], [ -6.602982957999927, 31.035835569000028 ], [ -6.602914143999953, 31.035737733000076 ], [ -6.602840482999966, 31.035642523000035 ], [ -6.602762129999974, 31.035550104000038 ], [ -6.602679232999947, 31.035460643000079 ], [ -6.602591919999952, 31.035374320000074 ], [ -6.60250036399998, 31.035291288000053 ], [ -6.602404733999947, 31.035211699000058 ], [ -6.601714270999935, 31.034782212000039 ], [ -6.601587267999946, 31.034726009000053 ], [ -6.601457333999974, 31.034674965000079 ], [ -6.60132476299998, 31.034629168000038 ], [ -6.60118984099995, 31.034588725000049 ], [ -6.60105286199996, 31.034553724000034 ], [ -6.600914124999974, 31.034524243000078 ], [ -6.60077393499995, 31.034500336000065 ], [ -6.600632591999954, 31.034482081000078 ], [ -6.600456030999965, 31.034426687000064 ], [ -6.600277480999978, 31.034376191000035 ], [ -6.60009712599998, 31.034330649000026 ], [ -6.599915152999927, 31.034290105000025 ], [ -6.599731750999979, 31.034254603000079 ], [ -6.599547109999946, 31.034224179000034 ], [ -6.599361420999969, 31.034198865000064 ], [ -6.599174877999928, 31.034178687000065 ], [ -6.598987672999954, 31.034163665000051 ], [ -6.598800000999972, 31.03415381700006 ], [ -6.598612055999979, 31.034149150000076 ], [ -6.598017364999976, 31.034308495000062 ], [ -6.597483935999946, 31.034989310000071 ], [ -6.597190318999935, 31.035583964000068 ], [ -6.596804928999973, 31.036278800000048 ], [ -6.596693697999967, 31.036605617000077 ], [ -6.596654616999956, 31.036871510000026 ], [ -6.596608045999972, 31.037243419000049 ], [ -6.596567849999929, 31.037564425000028 ], [ -6.596477409999977, 31.037949266000055 ], [ -6.59634430899996, 31.03828210100005 ], [ -6.596181122999951, 31.038542616000029 ], [ -6.596129566999934, 31.038902526000072 ], [ -6.595990443999938, 31.039147699000068 ], [ -6.595716772999936, 31.039365884000063 ], [ -6.595441724999944, 31.039680838000038 ], [ -6.59454164899995, 31.040088469000068 ], [ -6.594313304999957, 31.040287454000065 ], [ -6.593915470999946, 31.040458577000038 ], [ -6.593504974999973, 31.040611262000027 ], [ -6.593071145999943, 31.040841154000077 ], [ -6.592783098999973, 31.040991464000058 ], [ -6.592556211999977, 31.04128466800006 ], [ -6.592278411999928, 31.04162972000006 ], [ -6.591561032999948, 31.042087997000067 ], [ -6.591216404999955, 31.042128541000068 ], [ -6.590569764999941, 31.042050116000041 ], [ -6.590098979999937, 31.042011049000052 ], [ -6.589625300999955, 31.042222819000074 ], [ -6.589256409999962, 31.042481623000072 ], [ -6.588555134999979, 31.042629910000073 ], [ -6.58819267399997, 31.042615570000066 ], [ -6.587710028999936, 31.042641175000028 ], [ -6.587227140999971, 31.042663153000035 ], [ -6.586744046999968, 31.04268150200005 ], [ -6.586260783999933, 31.042696220000039 ], [ -6.585689800999944, 31.042709030000026 ], [ -6.585144161999949, 31.042716479000035 ], [ -6.584782526999959, 31.042718790000038 ], [ -6.584291119999932, 31.042699805000041 ] ] ] } },
{ "type": "Feature", "properties": { "ADM4_FR": "Ighrem N'Ougdal", "ADM4_AR": "اغرم نوكدال", "ADM4_PCODE": "MA00300140103072", "ADM4_REF": "Ighrem NOugdal", "ADM3_FR": "Ighrem N'Ougdal", "ADM3_AR": "اغرم نوكدال", "ADM3_PCODE": "MA0030014010307", "ADM2_FR": "Ouarzazate", "ADM2_AR": "ورزازات", "ADM2_PCODE": "MA003001", "ADM1_FR": "Drâa-Tafilalet", "ADM1_AR": "درعة - تافيلالت", "ADM1_PCODE": "MA003", "ADM0_EN": "Morocco", "ADM0_FR": "Moroc (le)", "ADM0_AR": "المغرب", "ADM0_PCODE": "MA", "date": "2023-09-15", "validOn": "2023-09-25", "validTo": null, "Shape_Leng": 1.00964902612, "Shape_Area": 0.041270018451300003, "AREA_SQKM": 436.15336782499998, "Cases": 3 }, "geometry": { "type": "Polygon", "coordinates": [ [ [ -7.360783995999952, 31.250056194000024 ], [ -7.356892617999961, 31.243557082000052 ], [ -7.352988806999974, 31.23646154000005 ], [ -7.351063094999972, 31.234106401000076 ], [ -7.349353452999935, 31.23210563400005 ], [ -7.347139568999978, 31.22877817400007 ], [ -7.345561498999928, 31.226917016000073 ], [ -7.340482602999941, 31.223180526000078 ], [ -7.332436365999968, 31.218370001000039 ], [ -7.331833213999971, 31.218009357000028 ], [ -7.329871142999934, 31.217145793000043 ], [ -7.327050886999928, 31.215102767000076 ], [ -7.325632463999966, 31.213693600000056 ], [ -7.322491396999965, 31.209627407000028 ], [ -7.320964371999935, 31.207125269000073 ], [ -7.319272576999936, 31.20345842100005 ], [ -7.318946037999979, 31.202892961000032 ], [ -7.318448530999945, 31.202037160000032 ], [ -7.317690459999938, 31.200987342000076 ], [ -7.316948067999931, 31.200020787000028 ], [ -7.316056671999945, 31.199223620000055 ], [ -7.315293188999931, 31.198567558000036 ], [ -7.313952724999979, 31.19753884000005 ], [ -7.312883504999945, 31.196863729000029 ], [ -7.312305772999935, 31.196455276000052 ], [ -7.310645444999977, 31.19473959000004 ], [ -7.308671568999955, 31.192635131000031 ], [ -7.307170791999965, 31.191239 ], [ -7.306311013999959, 31.189964058000044 ], [ -7.304672583999945, 31.187961615000063 ], [ -7.303428465999957, 31.18622742000008 ], [ -7.301461478999954, 31.183776745000046 ], [ -7.299324853999963, 31.18117363600004 ], [ -7.298770739999952, 31.180561931000057 ], [ -7.298271108999927, 31.179901645000029 ], [ -7.297550792999971, 31.179304467000065 ], [ -7.296675622999942, 31.178602363000039 ], [ -7.295660786999974, 31.177854679000063 ], [ -7.294927135999956, 31.177281550000032 ], [ -7.293570583999951, 31.176121636000062 ], [ -7.293369838999979, 31.175814602000059 ], [ -7.292779464999967, 31.175453953000044 ], [ -7.29183680999995, 31.17483638300007 ], [ -7.291146080999965, 31.17432218600004 ], [ -7.289756805999957, 31.173580327000025 ], [ -7.289057585999956, 31.173094506000041 ], [ -7.286753382999962, 31.171222001000046 ], [ -7.285667879999949, 31.169694020000065 ], [ -7.285402301999966, 31.16955043300004 ], [ -7.280766853999978, 31.167043895000063 ], [ -7.279136003999952, 31.164615575000028 ], [ -7.272723384999949, 31.160171062000074 ], [ -7.267702847999942, 31.156795272000068 ], [ -7.262996686999941, 31.153323630000045 ], [ -7.258717588999957, 31.150117836000049 ], [ -7.252918085999966, 31.146984338000038 ], [ -7.251144379999971, 31.142951098000026 ], [ -7.249713244999953, 31.139465535000056 ], [ -7.248176865999937, 31.13557600300004 ], [ -7.246711751999953, 31.131975256000032 ], [ -7.245550948999949, 31.129281238000033 ], [ -7.244839756999966, 31.127741195000056 ], [ -7.244093599999928, 31.12618377900003 ], [ -7.244625562999943, 31.123390095000047 ], [ -7.244988448999948, 31.12239519700006 ], [ -7.245203170999957, 31.121806589000073 ], [ -7.245384954999963, 31.121207333000029 ], [ -7.245893273999968, 31.118276804000061 ], [ -7.247189882999976, 31.11390272400007 ], [ -7.248351016999948, 31.111033828000075 ], [ -7.249708246999944, 31.110285412000053 ], [ -7.25382054399995, 31.107323736000069 ], [ -7.255708868999932, 31.106113814000025 ], [ -7.258179545999951, 31.104238799000029 ], [ -7.260889708999969, 31.102550951000069 ], [ -7.263097574999961, 31.10138372800003 ], [ -7.267487192999965, 31.099133079000069 ], [ -7.269518263999942, 31.098246693000078 ], [ -7.271114165999961, 31.097550182000077 ], [ -7.272944739999957, 31.096913504000042 ], [ -7.274747525999942, 31.096277229000066 ], [ -7.275915539999971, 31.095781976000069 ], [ -7.276863281999965, 31.09536171700006 ], [ -7.27762101999997, 31.095135239000058 ], [ -7.278239654999936, 31.094887085000039 ], [ -7.278680158999975, 31.094737095000028 ], [ -7.279312905999973, 31.094500612000047 ], [ -7.279628625999976, 31.094352552000032 ], [ -7.279970865999928, 31.094144461000042 ], [ -7.280436793999968, 31.093886696000027 ], [ -7.280928182999958, 31.093521198000076 ], [ -7.28215619499997, 31.092750567000053 ], [ -7.284564671999931, 31.091257754000026 ], [ -7.285961647999954, 31.090448657000024 ], [ -7.287332383999967, 31.08971157600007 ], [ -7.288785239999982, 31.088925439000036 ], [ -7.290251981999972, 31.088281940000059 ], [ -7.297515009999927, 31.090691355000047 ], [ -7.298709662999954, 31.090809833000037 ], [ -7.300271812999938, 31.090934478000065 ], [ -7.300669722999942, 31.090910171000075 ], [ -7.308412283999928, 31.090436812000064 ], [ -7.311082752999937, 31.090203858000052 ], [ -7.314223994999963, 31.090165924000075 ], [ -7.314999394999973, 31.090252798000051 ], [ -7.324878081999941, 31.089557686000035 ], [ -7.327288712999973, 31.088996441000063 ], [ -7.327614898999968, 31.089004293000073 ], [ -7.32921659699997, 31.08922695900003 ], [ -7.32962286999998, 31.089309541000034 ], [ -7.330027475999941, 31.089397921000057 ], [ -7.330430302999957, 31.089492074000077 ], [ -7.330831237999973, 31.089591974000029 ], [ -7.33123016899998, 31.089697593000039 ], [ -7.331626984999957, 31.089808901000026 ], [ -7.332021574999942, 31.089925868000023 ], [ -7.33241382999995, 31.090048460000048 ], [ -7.332803639999952, 31.090176644000053 ], [ -7.333190895999962, 31.090310384000077 ], [ -7.33357548999993, 31.090449642000067 ], [ -7.333957315999953, 31.090594380000027 ], [ -7.33433626599998, 31.09074455700005 ], [ -7.334712234999927, 31.090900132000058 ], [ -7.335085117999938, 31.091061060000072 ], [ -7.335454811999966, 31.091227298000035 ], [ -7.335821211999928, 31.091398798000057 ], [ -7.336184217999971, 31.091575513000066 ], [ -7.336543726999935, 31.091757394000069 ], [ -7.336899639999956, 31.091944389000048 ], [ -7.337251856999956, 31.09213644700003 ], [ -7.337600279999947, 31.092333514000075 ], [ -7.337944810999943, 31.092535535000025 ], [ -7.338285355999972, 31.092742454000074 ], [ -7.338621818999968, 31.092954212000052 ], [ -7.338954104999971, 31.093170752000049 ], [ -7.339268627999957, 31.093382672000075 ], [ -7.339579166999954, 31.093598858000064 ], [ -7.339885642999946, 31.093819254000039 ], [ -7.340187976999971, 31.094043804000023 ], [ -7.340486093999971, 31.094272452000041 ], [ -7.340779916999963, 31.094505138000045 ], [ -7.341069371999936, 31.094741805000069 ], [ -7.341354384999931, 31.094982392000077 ], [ -7.341634883999973, 31.095226837000041 ], [ -7.341910796999969, 31.095475079000039 ], [ -7.342182054999967, 31.095727055000054 ], [ -7.342448587999968, 31.095982700000036 ], [ -7.342813179999951, 31.096675277000031 ], [ -7.343624589999934, 31.100505865000059 ], [ -7.344934157999944, 31.102699534000067 ], [ -7.347302089999971, 31.104147873000045 ], [ -7.350800116999949, 31.106265174000043 ], [ -7.354010966999965, 31.106878824000034 ], [ -7.356061131999979, 31.107095281000056 ], [ -7.357791100999975, 31.10727791000005 ], [ -7.363971258999925, 31.10682408200006 ], [ -7.366991316999929, 31.106208881000043 ], [ -7.369629023999948, 31.104521463000026 ], [ -7.370258928999931, 31.103682185000025 ], [ -7.371266123999931, 31.101466406000043 ], [ -7.371501227999943, 31.101061740000034 ], [ -7.372211400999959, 31.099561330000029 ], [ -7.372774683999978, 31.098445096000034 ], [ -7.373294260999955, 31.097358148000069 ], [ -7.373552056999927, 31.096724068000071 ], [ -7.373925336999946, 31.096298055000034 ], [ -7.374165029999972, 31.096103302000074 ], [ -7.374462048999931, 31.095993455000041 ], [ -7.37493754299993, 31.095928455000035 ], [ -7.375568646999966, 31.095880015000034 ], [ -7.376342583999929, 31.095771960000036 ], [ -7.376883738999936, 31.095667695000031 ], [ -7.377557525999975, 31.095542167000076 ], [ -7.377998876999925, 31.095439524000028 ], [ -7.378585615999953, 31.095391792000044 ], [ -7.378897096999935, 31.095434435000072 ], [ -7.379394217999959, 31.09559809600006 ], [ -7.379859809999971, 31.095838651000065 ], [ -7.380109166999944, 31.096082723000052 ], [ -7.380394451999962, 31.096445478000078 ], [ -7.38075314799994, 31.096869127000048 ], [ -7.380963767999958, 31.097366730000033 ], [ -7.38115553199998, 31.097764441000038 ], [ -7.381264449999946, 31.098177801000077 ], [ -7.381386228999929, 31.098419189000026 ], [ -7.381475075999958, 31.098675405000051 ], [ -7.381633894999936, 31.09908798500004 ], [ -7.381950647999929, 31.099870200000055 ], [ -7.382092829999976, 31.100283009000066 ], [ -7.382426831999965, 31.101093562000074 ], [ -7.38266914899998, 31.101519073000077 ], [ -7.383015375999946, 31.102129006000041 ], [ -7.383435396999971, 31.103066988000023 ], [ -7.383837201999938, 31.103933686000062 ], [ -7.384112151999943, 31.104330034000043 ], [ -7.384713866999959, 31.105207783000026 ], [ -7.385166808999941, 31.105819883000038 ], [ -7.385580853999954, 31.106544055000029 ], [ -7.385873735999951, 31.106997354000043 ], [ -7.386080917999948, 31.107337551000057 ], [ -7.386219648999941, 31.10759295400004 ], [ -7.386287269999968, 31.107995834000064 ], [ -7.387026729999945, 31.10885045200007 ], [ -7.387890156999958, 31.109448945000054 ], [ -7.388752665999959, 31.110078987000065 ], [ -7.390507534999927, 31.111181183000042 ], [ -7.392191433999926, 31.11208405800005 ], [ -7.392947232999973, 31.112400906000062 ], [ -7.394589968999981, 31.112946538000074 ], [ -7.395527455999968, 31.113203125000041 ], [ -7.39618190799996, 31.113450068000077 ], [ -7.396970348999957, 31.113737718000039 ], [ -7.397962500999938, 31.114208103000067 ], [ -7.39930560199997, 31.11474428300005 ], [ -7.399607900999968, 31.114868174000037 ], [ -7.399993966999943, 31.115019268000026 ], [ -7.400898344999973, 31.115348682000047 ], [ -7.401578642999937, 31.115506115000073 ], [ -7.402110689999972, 31.115735949000054 ], [ -7.402541963999965, 31.115800374000059 ], [ -7.40291784599998, 31.115865756000062 ], [ -7.403335267999978, 31.115930444000071 ], [ -7.403739667999957, 31.116031140000075 ], [ -7.404295713999943, 31.116093541000055 ], [ -7.404753395999933, 31.116097908000029 ], [ -7.405059389999963, 31.116140568000048 ], [ -7.405433668999933, 31.116134379000073 ], [ -7.406157663999977, 31.116265576000046 ], [ -7.406930689999967, 31.116419785000062 ], [ -7.407342544999949, 31.11654420800005 ], [ -7.407955906999973, 31.11668915000007 ], [ -7.40927702099998, 31.116858132000061 ], [ -7.410411260999979, 31.117042158000061 ], [ -7.411169394999945, 31.11714889600006 ], [ -7.412099735999959, 31.117205054000067 ], [ -7.413070287999972, 31.117200872000069 ], [ -7.414555091999944, 31.117247771000052 ], [ -7.415207919999943, 31.117296576000058 ], [ -7.416028395999945, 31.117402248000076 ], [ -7.416877714999941, 31.117555161000041 ], [ -7.417921874999934, 31.117740579000042 ], [ -7.419246234999946, 31.118052606000049 ], [ -7.419762909999974, 31.118211030000055 ], [ -7.421102713999971, 31.11859432600005 ], [ -7.422220545999949, 31.118969378000031 ], [ -7.422543378999933, 31.11914295400004 ], [ -7.423032338999974, 31.119301834000055 ], [ -7.423982176999971, 31.119608081000024 ], [ -7.425922428999968, 31.120172195000066 ], [ -7.427877656999954, 31.120783753000069 ], [ -7.430272070999933, 31.121744025000055 ], [ -7.434118769999941, 31.122560707000048 ], [ -7.435394008999936, 31.122845970000071 ], [ -7.442721525999957, 31.124484986000027 ], [ -7.447982407999973, 31.125490447000061 ], [ -7.455683679999936, 31.126961874000074 ], [ -7.461053149999941, 31.127418806000037 ], [ -7.463913069999933, 31.127662100000066 ], [ -7.474421829999926, 31.128555399000049 ], [ -7.480532124999968, 31.128135400000076 ], [ -7.487295704999951, 31.127670134000027 ], [ -7.48864595799995, 31.127658242000052 ], [ -7.488991208999948, 31.127655204000064 ], [ -7.490147493999928, 31.127759354000034 ], [ -7.490992580999944, 31.127840242000048 ], [ -7.491482567999981, 31.127917674000059 ], [ -7.491916964999973, 31.127991320000035 ], [ -7.492654168999934, 31.128202913000052 ], [ -7.49338217199994, 31.128495754000028 ], [ -7.494077091999941, 31.128798694000068 ], [ -7.495567939999944, 31.129450623000025 ], [ -7.496722771999941, 31.129965124000023 ], [ -7.497003356999926, 31.130103448000057 ], [ -7.497262236999973, 31.130261209000025 ], [ -7.497733841999946, 31.130501207000066 ], [ -7.49824960199993, 31.130730908000032 ], [ -7.499122045999968, 31.131030748000057 ], [ -7.499559010999974, 31.131214088000036 ], [ -7.500241376999952, 31.131450428000051 ], [ -7.500947237999981, 31.131743609000068 ], [ -7.502637389999961, 31.132372903000032 ], [ -7.503896482999949, 31.132807111000034 ], [ -7.505578503999971, 31.133227451000039 ], [ -7.506490116999942, 31.133304026000076 ], [ -7.507380509999962, 31.133422168000038 ], [ -7.507938191999926, 31.133546123000031 ], [ -7.508642076999934, 31.133753378000051 ], [ -7.509524805999945, 31.134014805000049 ], [ -7.510233335999942, 31.134183853000025 ], [ -7.512823174999937, 31.135083660000078 ], [ -7.514414705999968, 31.135507291000067 ], [ -7.515246153999954, 31.135728602000029 ], [ -7.516386686999965, 31.136100038000052 ], [ -7.517727559999969, 31.136496596000029 ], [ -7.518530614999975, 31.136673434000045 ], [ -7.519512303999932, 31.136894909000034 ], [ -7.52214745699996, 31.137593302000028 ], [ -7.523721744999932, 31.138004766000051 ], [ -7.524033676999977, 31.138056599000038 ], [ -7.525194889999966, 31.138360767000052 ], [ -7.527028347999931, 31.138939453000035 ], [ -7.531500387999927, 31.14023058600003 ], [ -7.533385765999981, 31.140774865000026 ], [ -7.535601222999958, 31.141533937000077 ], [ -7.538039098999946, 31.140994696000064 ], [ -7.540044532999957, 31.140750553000032 ], [ -7.542012601999943, 31.140382737000039 ], [ -7.544482985999934, 31.139861875000065 ], [ -7.546622326999966, 31.139418414000033 ], [ -7.547465796999973, 31.139308036000045 ], [ -7.548446736999949, 31.139147490000028 ], [ -7.549303496999926, 31.139013001000023 ], [ -7.550561350999942, 31.138822373000039 ], [ -7.55900334599994, 31.137402635000058 ], [ -7.562011556999948, 31.139983337000047 ], [ -7.563103238999929, 31.141080577000025 ], [ -7.563798515999963, 31.141612184000053 ], [ -7.564292716999944, 31.142090153000026 ], [ -7.565173088999927, 31.142704369000057 ], [ -7.565919700999927, 31.143292337000048 ], [ -7.56673316399997, 31.143893440000056 ], [ -7.567406651999931, 31.144210684000029 ], [ -7.56810048899996, 31.144754500000033 ], [ -7.568645535999963, 31.145082765000041 ], [ -7.569432998999957, 31.145405688000039 ], [ -7.570224359999941, 31.145778104000044 ], [ -7.570777188999955, 31.146265117000041 ], [ -7.571259960999953, 31.146777984000039 ], [ -7.573596792999979, 31.149376533000066 ], [ -7.574595779999981, 31.150409742000079 ], [ -7.576936484999976, 31.152658452000026 ], [ -7.57763195299998, 31.153419073000066 ], [ -7.578133683999965, 31.153973214000075 ], [ -7.579395663999946, 31.155210406000037 ], [ -7.581213753999975, 31.156953017000035 ], [ -7.581690592999962, 31.15739303600003 ], [ -7.583445243999961, 31.159260868000047 ], [ -7.584787779999942, 31.16061111700003 ], [ -7.587074224999981, 31.162889260000043 ], [ -7.58838336499997, 31.16423050800006 ], [ -7.589872386999957, 31.165663984000048 ], [ -7.591350609999949, 31.167107164000072 ], [ -7.592570412999976, 31.168421355000078 ], [ -7.593019450999975, 31.169081375000076 ], [ -7.593491164999932, 31.169760077000035 ], [ -7.594363106999936, 31.170918304000054 ], [ -7.594673406999959, 31.171351721000065 ], [ -7.595569216999934, 31.172576331000073 ], [ -7.596262047999971, 31.173670997000045 ], [ -7.59700089699993, 31.174831610000069 ], [ -7.597209276999934, 31.175180984000065 ], [ -7.597583731999975, 31.175966416000051 ], [ -7.597972127999981, 31.176866116000042 ], [ -7.598130405999939, 31.177435929000069 ], [ -7.598471733999929, 31.17868009700004 ], [ -7.598721980999926, 31.17917172600005 ], [ -7.598990711999932, 31.179472439000051 ], [ -7.599636783999927, 31.180014320000055 ], [ -7.599966069999937, 31.180313805000026 ], [ -7.600610524999979, 31.180788881000069 ], [ -7.601987236999946, 31.181699307000031 ], [ -7.602710803999969, 31.18223019800007 ], [ -7.603975687999935, 31.18310443300004 ], [ -7.604533310999955, 31.183433143000059 ], [ -7.604920250999953, 31.183593173000077 ], [ -7.605200231999959, 31.183693076000054 ], [ -7.606146968999951, 31.184267652000074 ], [ -7.608188410999958, 31.185566767000068 ], [ -7.609396021999942, 31.186365638000041 ], [ -7.610084696999934, 31.186830331000067 ], [ -7.61201531599994, 31.188131440000063 ], [ -7.613077554999961, 31.188885203000041 ], [ -7.614059990999976, 31.189554486000077 ], [ -7.615662475999954, 31.190603827000075 ], [ -7.617307651999965, 31.191580743000031 ], [ -7.618027496999957, 31.191954133000024 ], [ -7.619920976999936, 31.193138418000046 ], [ -7.620531448999941, 31.193520289000048 ], [ -7.620761533999939, 31.193732662000059 ], [ -7.621228630999951, 31.193944060000035 ], [ -7.621667137999964, 31.194165102000056 ], [ -7.622139292999975, 31.194399860000033 ], [ -7.622799161999978, 31.194817283000077 ], [ -7.623594728999933, 31.195332477000079 ], [ -7.623955516999956, 31.19555630800005 ], [ -7.62538778399994, 31.19644495700004 ], [ -7.626198971999941, 31.196916884000075 ], [ -7.627120735999938, 31.197481757000048 ], [ -7.628129435999938, 31.198693222000031 ], [ -7.628866603999938, 31.199594618000049 ], [ -7.626213478999944, 31.199448978000078 ], [ -7.624520569999959, 31.199468083000056 ], [ -7.622257704999981, 31.199449869000034 ], [ -7.619302882999932, 31.199515862000055 ], [ -7.617192638999938, 31.199494771000047 ], [ -7.615569685999958, 31.19953633800003 ], [ -7.614919391999933, 31.199619793000068 ], [ -7.613836374999948, 31.19960375200003 ], [ -7.613114641999971, 31.199604982000039 ], [ -7.611616260999938, 31.199632292000047 ], [ -7.609255686999973, 31.199591758000054 ], [ -7.607007284999952, 31.199596898000038 ], [ -7.604552188999946, 31.19966534100007 ], [ -7.601014108999948, 31.199717614000065 ], [ -7.597045032999972, 31.199741832000029 ], [ -7.59238109599994, 31.199730708000061 ], [ -7.589339827999936, 31.199666274000037 ], [ -7.587213394999935, 31.199549502000025 ], [ -7.585739850999971, 31.19945672800003 ], [ -7.583095123999954, 31.199146407000057 ], [ -7.58143923199998, 31.198973333000026 ], [ -7.58001743799997, 31.198724489000028 ], [ -7.577789525999947, 31.198430425000026 ], [ -7.577283303999934, 31.198393854000074 ], [ -7.576543362999928, 31.198410890000048 ], [ -7.575931195999942, 31.198350314000038 ], [ -7.575486094999974, 31.198310563000064 ], [ -7.575068123999927, 31.198246459000075 ], [ -7.573897541999941, 31.198052661000077 ], [ -7.57322987799995, 31.197993029000031 ], [ -7.572342527999979, 31.198032778000027 ], [ -7.57039156899998, 31.197709764000024 ], [ -7.567738340999938, 31.197041306000074 ], [ -7.565807673999927, 31.196407638000039 ], [ -7.562646951999966, 31.19541408300006 ], [ -7.56188921699993, 31.195069669000077 ], [ -7.561273623999966, 31.194865856000035 ], [ -7.561020446999976, 31.194727226000055 ], [ -7.560735690999934, 31.19451760100003 ], [ -7.560329870999965, 31.194537748000073 ], [ -7.559631219999972, 31.194670827000039 ], [ -7.559338808999939, 31.194976689000043 ], [ -7.558299558999977, 31.195819230000041 ], [ -7.557280442999968, 31.196645446000048 ], [ -7.557002233999981, 31.196850833000042 ], [ -7.556209531999968, 31.19782414000008 ], [ -7.555539650999947, 31.198365798000054 ], [ -7.555096015999936, 31.198617031000026 ], [ -7.55456873199995, 31.198855456000047 ], [ -7.554058466999948, 31.199107918000038 ], [ -7.553712280999946, 31.199257234000072 ], [ -7.55328388099997, 31.199450944000034 ], [ -7.552658483999949, 31.199762688000078 ], [ -7.552199533999953, 31.20007152200003 ], [ -7.551869487999966, 31.200893416000042 ], [ -7.551074099999937, 31.202453753000043 ], [ -7.55043640699995, 31.204340582000043 ], [ -7.550460968999971, 31.204669466000041 ], [ -7.55020144599996, 31.204960390000053 ], [ -7.549734717999968, 31.205641555000057 ], [ -7.549498667999956, 31.206218425000031 ], [ -7.549378870999931, 31.20677889600006 ], [ -7.549305907999951, 31.207209724000052 ], [ -7.549212337999961, 31.208170608000046 ], [ -7.549152740999943, 31.209159557000078 ], [ -7.549059166999939, 31.210120441000072 ], [ -7.548851437999929, 31.211183608000056 ], [ -7.548759439999969, 31.211514521000026 ], [ -7.548683032999975, 31.211802200000079 ], [ -7.548558723999975, 31.212176649000071 ], [ -7.548334871999941, 31.212567184000079 ], [ -7.548227571999973, 31.212955628000032 ], [ -7.548160075999931, 31.213615434000076 ], [ -7.548172759999943, 31.214144930000032 ], [ -7.548240555999939, 31.214888227000074 ], [ -7.548272310999948, 31.215517611000053 ], [ -7.548148122999976, 31.216593590000059 ], [ -7.547970573999976, 31.217527332000031 ], [ -7.547661894999976, 31.218549323000047 ], [ -7.547492783999928, 31.219139332000054 ], [ -7.547560535999935, 31.219882632000065 ], [ -7.547994139999957, 31.22129232900005 ], [ -7.54815360799995, 31.22169038800007 ], [ -7.547847650999927, 31.222826883000039 ], [ -7.547304269999927, 31.223094193000065 ], [ -7.547006925999938, 31.223199670000042 ], [ -7.546294256999943, 31.223355452000078 ], [ -7.545365802999981, 31.223543667000058 ], [ -7.544935554999938, 31.223665784000048 ], [ -7.544440072999976, 31.223846349000041 ], [ -7.544077455999968, 31.224010268000029 ], [ -7.542944782999939, 31.224717467000062 ], [ -7.542075162999936, 31.225276868000037 ], [ -7.541236099999935, 31.225721179000061 ], [ -7.540230488999953, 31.226168414000028 ], [ -7.539189465999925, 31.226530378000064 ], [ -7.53857703999995, 31.226698646000045 ], [ -7.538095820999956, 31.226778716000069 ], [ -7.53763156399998, 31.226872811000078 ], [ -7.537031670999966, 31.226869038000075 ], [ -7.536130667999942, 31.226813305000064 ], [ -7.535129372999961, 31.226745023000035 ], [ -7.53457775399994, 31.226668801000073 ], [ -7.533927246999951, 31.226637307000033 ], [ -7.532962705999978, 31.226711517000069 ], [ -7.531552570999963, 31.226965348000078 ], [ -7.530211796999936, 31.227332496000031 ], [ -7.528492008999933, 31.227878087000079 ], [ -7.527813931999958, 31.228090408000071 ], [ -7.52720011699995, 31.228201389000048 ], [ -7.52638950599993, 31.228444654000043 ], [ -7.525776703999952, 31.228598559000034 ], [ -7.525397359999943, 31.228762679000056 ], [ -7.525034049999931, 31.228897887000073 ], [ -7.524620720999962, 31.229033969000056 ], [ -7.52385531799996, 31.229075990000069 ], [ -7.523256089999961, 31.229100803000051 ], [ -7.522758507999981, 31.229195388000051 ], [ -7.522178661999931, 31.229334408000057 ], [ -7.521600843999977, 31.229559239000025 ], [ -7.521272862999979, 31.229779739000037 ], [ -7.520944826999937, 31.230000203000031 ], [ -7.520287451999934, 31.230383933000041 ], [ -7.519398255999931, 31.230829003000053 ], [ -7.518298311999956, 31.231521100000066 ], [ -7.517511712999976, 31.232078846000036 ], [ -7.516777779999927, 31.232750249000048 ], [ -7.515941776999966, 31.234039047000067 ], [ -7.515556943999968, 31.234675700000025 ], [ -7.515347830999929, 31.234994312000026 ], [ -7.515206384999942, 31.23535471100007 ], [ -7.514868097999965, 31.235847404000026 ], [ -7.51441558199997, 31.236442268000076 ], [ -7.514061969999943, 31.236992487000066 ], [ -7.513673694999966, 31.237486012000033 ], [ -7.51350230099996, 31.237990130000071 ], [ -7.51329811599993, 31.239129756000068 ], [ -7.514665455999932, 31.240617317000044 ], [ -7.510760373999972, 31.241101555000057 ], [ -7.506992963999949, 31.242287827000041 ], [ -7.502467554999953, 31.244123264000052 ], [ -7.49778127299993, 31.24614914700004 ], [ -7.495804894999935, 31.247474637000039 ], [ -7.494912444999954, 31.246018731000049 ], [ -7.494705020999959, 31.245749867000029 ], [ -7.492347835999965, 31.249779750000073 ], [ -7.491784319999965, 31.250154354000074 ], [ -7.49056001799994, 31.250898212000038 ], [ -7.489248523999947, 31.251162334000071 ], [ -7.488555881999957, 31.251295930000026 ], [ -7.487023619999945, 31.251515540000071 ], [ -7.486048100999938, 31.251668315000074 ], [ -7.484554636999974, 31.251944525000056 ], [ -7.483755291999955, 31.252085262000037 ], [ -7.483300477999933, 31.252919004000034 ], [ -7.482757997999954, 31.254856382000071 ], [ -7.48233390799993, 31.256129123000051 ], [ -7.482060674999957, 31.256921237000029 ], [ -7.481047083999954, 31.259324822000053 ], [ -7.480725056999972, 31.259908214000063 ], [ -7.479313816999934, 31.263041186000066 ], [ -7.477908792999926, 31.265940618000059 ], [ -7.476004055999965, 31.26906649600005 ], [ -7.472887067999977, 31.27531554400008 ], [ -7.470939359999932, 31.281291847000034 ], [ -7.463749184999926, 31.283724039000049 ], [ -7.458902180999928, 31.285425097000029 ], [ -7.458634089999975, 31.285588603000065 ], [ -7.455609797999955, 31.287093910000067 ], [ -7.450189412999976, 31.289911921000055 ], [ -7.444762508999929, 31.292457167000066 ], [ -7.441034246999948, 31.294580604000032 ], [ -7.434339797999939, 31.297827341000072 ], [ -7.431483399999934, 31.299292776000073 ], [ -7.430290641999932, 31.299777791000054 ], [ -7.425597373999949, 31.302010886000062 ], [ -7.421143480999945, 31.30414675600008 ], [ -7.419155714999931, 31.305103249000069 ], [ -7.415910793999956, 31.303918674000045 ], [ -7.412404724999931, 31.302609497000049 ], [ -7.410807449999936, 31.302020280000079 ], [ -7.40749560699993, 31.300815130000046 ], [ -7.405261128999939, 31.300064560000067 ], [ -7.402836173999958, 31.299367214000029 ], [ -7.39888330499997, 31.298232499000051 ], [ -7.397600442999931, 31.297864169000036 ], [ -7.393288875999929, 31.296675070000049 ], [ -7.389178428999969, 31.295525456000064 ], [ -7.385277588999941, 31.294425992000072 ], [ -7.382495845999927, 31.293666067000061 ], [ -7.381462369999952, 31.293426412000031 ], [ -7.378699380999933, 31.293197005000025 ], [ -7.378261097999939, 31.293145262000053 ], [ -7.377278500999978, 31.293029229000069 ], [ -7.374335278999979, 31.292814625000062 ], [ -7.371564701999944, 31.29255536900007 ], [ -7.37032282399997, 31.292439498000078 ], [ -7.369755005999934, 31.29239503000008 ], [ -7.368356256999959, 31.292285268000057 ], [ -7.367800556999953, 31.292222674000072 ], [ -7.367410007999979, 31.292217066000035 ], [ -7.364644631999965, 31.291939656000068 ], [ -7.362629880999975, 31.291767222000033 ], [ -7.360493794999968, 31.291584365000062 ], [ -7.356649377999929, 31.291212022000025 ], [ -7.356174290999945, 31.291171116000044 ], [ -7.355696896999973, 31.291146828000024 ], [ -7.356146318999947, 31.28945733200004 ], [ -7.356520417999945, 31.288138933000027 ], [ -7.356671200999926, 31.287408707000054 ], [ -7.356950147999953, 31.286187256000062 ], [ -7.357067674999939, 31.285207037000077 ], [ -7.357224439999925, 31.284751146000076 ], [ -7.357528454999965, 31.284042310000075 ], [ -7.357949691999977, 31.282973678000076 ], [ -7.358238771999936, 31.282217359000072 ], [ -7.358426169999973, 31.281892222000067 ], [ -7.35916154399996, 31.28057989000007 ], [ -7.360079544999962, 31.278727752000066 ], [ -7.360447789999967, 31.277779248000058 ], [ -7.360979812999972, 31.276064581000071 ], [ -7.361212509999973, 31.275273370000036 ], [ -7.361601447999931, 31.274002415000041 ], [ -7.361835441999972, 31.273270879000052 ], [ -7.362139217999982, 31.271917772000052 ], [ -7.362458649999951, 31.270647931000042 ], [ -7.363191570999959, 31.26859593000006 ], [ -7.363422576999938, 31.26773653500004 ], [ -7.363988731999939, 31.265644437000049 ], [ -7.364226113999962, 31.264751786000033 ], [ -7.364318644999969, 31.263903177000032 ], [ -7.364480456999956, 31.262731342000052 ], [ -7.364549326999963, 31.26111957300003 ], [ -7.364497877999952, 31.259034474000032 ], [ -7.364522105999981, 31.258547448000058 ], [ -7.364476937999939, 31.256486531000064 ], [ -7.364187824999931, 31.254701623000074 ], [ -7.363827771999979, 31.253792096000041 ], [ -7.360783995999952, 31.250056194000024 ] ] ] } },
{ "type": "Feature", "properties": { "ADM4_FR": "Imi N'Oulaoune", "ADM4_AR": "امي نولاون", "ADM4_PCODE": "MA00300140107052", "ADM4_REF": "Imi NOulaoune", "ADM3_FR": "Imi N'Oulaoune", "ADM3_AR": "امي نولاون", "ADM3_PCODE": "MA0030014010705", "ADM2_FR": "Ouarzazate", "ADM2_AR": "ورزازات", "ADM2_PCODE": "MA003001", "ADM1_FR": "Drâa-Tafilalet", "ADM1_AR": "درعة - تافيلالت", "ADM1_PCODE": "MA003", "ADM0_EN": "Morocco", "ADM0_FR": "Moroc (le)", "ADM0_AR": "المغرب", "ADM0_PCODE": "MA", "date": "2023-09-15", "validOn": "2023-09-25", "validTo": null, "Shape_Leng": 1.4899921406600001, "Shape_Area": 0.088504882799600004, "AREA_SQKM": 933.28694663199997, "Cases": 159 }, "geometry": { "type": "Polygon", "coordinates": [ [ [ -6.405154772999936, 31.506918341000073 ], [ -6.39941693399993, 31.501743142000066 ], [ -6.398528652999971, 31.500941884000042 ], [ -6.396962556999938, 31.497283713000058 ], [ -6.397810324999966, 31.491245839000044 ], [ -6.399067955999953, 31.474126113000068 ], [ -6.399226426999974, 31.461014212000066 ], [ -6.397156874999951, 31.453164887000071 ], [ -6.39434947899997, 31.448981916000037 ], [ -6.385250231999976, 31.437922612000079 ], [ -6.378331647999971, 31.42878660100007 ], [ -6.363989146999927, 31.409840136000071 ], [ -6.357915830999957, 31.402678182000045 ], [ -6.351952730999926, 31.395644821000076 ], [ -6.332753826999976, 31.375870688000077 ], [ -6.326237791999972, 31.369361029000061 ], [ -6.318496598999957, 31.35709643000007 ], [ -6.317734344999963, 31.342156957000043 ], [ -6.322988355999939, 31.320092782000074 ], [ -6.327913287999934, 31.30691285000006 ], [ -6.323538464999956, 31.297197570000037 ], [ -6.31705676699994, 31.282799418000025 ], [ -6.316224734999935, 31.28095081400005 ], [ -6.313916838999944, 31.275822746000074 ], [ -6.318335857999955, 31.274863132000064 ], [ -6.319081381999979, 31.274657422000075 ], [ -6.319825891999926, 31.27444904500004 ], [ -6.320827145999942, 31.274164221000035 ], [ -6.321826528999964, 31.273874636000073 ], [ -6.322824009999977, 31.27358029800007 ], [ -6.323819558999958, 31.273281216000044 ], [ -6.324176042999966, 31.27317279600004 ], [ -6.324568730999943, 31.273052637000035 ], [ -6.324873311999966, 31.272958829000061 ], [ -6.325604650999935, 31.272731584000041 ], [ -6.326334888999952, 31.272501767000051 ], [ -6.327064014999962, 31.272269382000047 ], [ -6.327782064999951, 31.272037670000032 ], [ -6.328426407999928, 31.271827324000071 ], [ -6.329069841999967, 31.27161495200005 ], [ -6.329536606999966, 31.271459463000042 ], [ -6.330005559999961, 31.271302029000026 ], [ -6.330356946999927, 31.271183306000069 ], [ -6.330707772999972, 31.271064007000064 ], [ -6.331171387999973, 31.270916740000075 ], [ -6.331621502999951, 31.270808357000078 ], [ -6.332071949999943, 31.270701052000049 ], [ -6.332522746999928, 31.270594839000069 ], [ -6.33297388099993, 31.270489664000024 ], [ -6.333425360999968, 31.27038559500005 ], [ -6.333890537999935, 31.270279581000068 ], [ -6.334440180999934, 31.270155831000068 ], [ -6.33478194199995, 31.270079739000039 ], [ -6.335505470999976, 31.269922297000051 ], [ -6.336107910999942, 31.269791123000061 ], [ -6.336711138999931, 31.26966261900003 ], [ -6.337074553999969, 31.269586416000038 ], [ -6.337513788999956, 31.269495149000079 ], [ -6.33832519799995, 31.269329636000066 ], [ -6.339137613999981, 31.269167767000056 ], [ -6.339951012999961, 31.269009547000053 ], [ -6.340765372999954, 31.268854980000071 ], [ -6.341580237999949, 31.268702533000067 ], [ -6.342396028999929, 31.268553745000077 ], [ -6.343212722999965, 31.268408621000049 ], [ -6.34403029799995, 31.268267163000075 ], [ -6.345186800999954, 31.268083422000075 ], [ -6.346344425999973, 31.267904910000027 ], [ -6.347503138999969, 31.267731634000029 ], [ -6.348662907999937, 31.267563600000074 ], [ -6.349823700999934, 31.267400811000073 ], [ -6.350985484999967, 31.26724327200003 ], [ -6.35214822699993, 31.267090988000064 ], [ -6.35331189599998, 31.266943962000028 ], [ -6.354476457999965, 31.26680219900004 ], [ -6.355641881999929, 31.266665704000047 ], [ -6.356808132999959, 31.266534480000075 ], [ -6.357975180999972, 31.266408529000046 ], [ -6.35907405699993, 31.266293757000028 ], [ -6.36017366599998, 31.266184232000057 ], [ -6.366193907999957, 31.26556165900007 ], [ -6.372214738999958, 31.264943260000052 ], [ -6.372683017999975, 31.26495492600003 ], [ -6.37310188899994, 31.264960559000031 ], [ -6.373530971999969, 31.264961607000032 ], [ -6.373851769999931, 31.264959185000066 ], [ -6.374159851999934, 31.264954185000079 ], [ -6.374592165999957, 31.264942849000079 ], [ -6.374998078999965, 31.264927964000037 ], [ -6.375351413999965, 31.264911159000064 ], [ -6.37586138599994, 31.264881323000054 ], [ -6.376344616999972, 31.264846388000024 ], [ -6.376775085999952, 31.264810355000066 ], [ -6.377113797999925, 31.264778239000066 ], [ -6.377530107999974, 31.26473459500005 ], [ -6.37786787999994, 31.264695800000027 ], [ -6.378256958999941, 31.264647076000074 ], [ -6.378684116999978, 31.264588822000064 ], [ -6.379161968999938, 31.264517894000051 ], [ -6.37949529499997, 31.264464471000053 ], [ -6.379893834999962, 31.26439663900004 ], [ -6.380291264999926, 31.264324205000037 ], [ -6.380687511999952, 31.26424718100003 ], [ -6.381082504999938, 31.264165583000079 ], [ -6.381593000999942, 31.264056677000042 ], [ -6.382454573999951, 31.263911303000043 ], [ -6.383317495999961, 31.263771900000052 ], [ -6.38418171099994, 31.263638478000075 ], [ -6.385047161999978, 31.26351104400004 ], [ -6.385913792999929, 31.263389608000068 ], [ -6.386781545999952, 31.263274178000074 ], [ -6.387650364999956, 31.263164761000041 ], [ -6.388520192999977, 31.263061364000066 ], [ -6.389390971999944, 31.262963994000074 ], [ -6.39026264499995, 31.262872658000049 ], [ -6.391135154999972, 31.262787361000051 ], [ -6.392008444999931, 31.262708110000062 ], [ -6.392882456999928, 31.262634908000052 ], [ -6.39375713499993, 31.26256776200006 ], [ -6.394632419999937, 31.262506676000044 ], [ -6.395508255999971, 31.262451654000074 ], [ -6.396384583999975, 31.262402698000074 ], [ -6.397261347999972, 31.262359813000046 ], [ -6.398138488999962, 31.262323002000073 ], [ -6.399015950999967, 31.262292266000031 ], [ -6.399644208999973, 31.262373718000049 ], [ -6.40027347399996, 31.262449273000072 ], [ -6.40090367099998, 31.262518924000062 ], [ -6.40153472399993, 31.262582660000078 ], [ -6.40216655699993, 31.262640476000058 ], [ -6.402799093999931, 31.262692363000042 ], [ -6.403432258999942, 31.262738316000025 ], [ -6.40406597499998, 31.262778329000071 ], [ -6.40470016699993, 31.262812397000062 ], [ -6.405334757999981, 31.262840517000029 ], [ -6.40596967099998, 31.262862684000027 ], [ -6.406604830999981, 31.262878896000075 ], [ -6.407240160999947, 31.262889151000024 ], [ -6.407875583999953, 31.262893449000046 ], [ -6.408511023999949, 31.262891787000058 ], [ -6.40907163199995, 31.262885321000056 ], [ -6.409632137999949, 31.262874109000052 ], [ -6.410192485999971, 31.262858152000035 ], [ -6.410752621999961, 31.262837451000053 ], [ -6.411312490999933, 31.262812010000061 ], [ -6.411872036999966, 31.262781830000051 ], [ -6.412431205999951, 31.262746914000047 ], [ -6.413129930999958, 31.262700258000052 ], [ -6.414091506999966, 31.262703397000053 ], [ -6.415053034999971, 31.262712219000036 ], [ -6.416014467999958, 31.262726723000071 ], [ -6.416975761999936, 31.262746910000033 ], [ -6.417936868999959, 31.262772779000045 ], [ -6.418897742999945, 31.262804327000026 ], [ -6.419858339999962, 31.262841553000044 ], [ -6.420653456999958, 31.262876379000033 ], [ -6.421448322999936, 31.262915167000074 ], [ -6.422242910999955, 31.262957914000026 ], [ -6.422887432999971, 31.262918321000029 ], [ -6.423532415999944, 31.262884659000065 ], [ -6.424177784999927, 31.262856934000069 ], [ -6.424823466999953, 31.262835148000079 ], [ -6.425469384999928, 31.262819304000061 ], [ -6.426115464999953, 31.262809403000063 ], [ -6.426761631999966, 31.262805448000051 ], [ -6.427407811999956, 31.262807437000049 ], [ -6.42805392899993, 31.262815372000034 ], [ -6.428699908999931, 31.262829251000028 ], [ -6.429345676999958, 31.262849072000051 ], [ -6.42999115799995, 31.262874834000058 ], [ -6.430636276999962, 31.262906532000045 ], [ -6.431280958999935, 31.262944165000079 ], [ -6.431925130999957, 31.262987726000063 ], [ -6.432568715999935, 31.263037212000029 ], [ -6.433211640999957, 31.263092616000051 ], [ -6.433853830999965, 31.26315393200008 ], [ -6.434495211999945, 31.263221153000075 ], [ -6.43513570999994, 31.263294271000063 ], [ -6.43577524899996, 31.263373277000028 ], [ -6.436413756999968, 31.263458163000053 ], [ -6.436927227999945, 31.26341440300007 ], [ -6.437441356999955, 31.263376708000067 ], [ -6.437956045999954, 31.263345085000026 ], [ -6.438471196999956, 31.263319542000033 ], [ -6.438986710999927, 31.263300083000047 ], [ -6.439502490999928, 31.263286711000035 ], [ -6.440018437999981, 31.263279429000079 ], [ -6.440529742999956, 31.263278224000032 ], [ -6.441041019999943, 31.263282999000069 ], [ -6.441552171999945, 31.263293754000074 ], [ -6.442063104999932, 31.263310486000023 ], [ -6.442573720999974, 31.263333192000061 ], [ -6.443083926999975, 31.263361868000061 ], [ -6.443593625999938, 31.263396509000074 ], [ -6.444102721999968, 31.263437108000062 ], [ -6.44461112099998, 31.263483657000052 ], [ -6.445118726999965, 31.263536148000071 ], [ -6.445625445999951, 31.263594571000056 ], [ -6.446131181999931, 31.263658914000075 ], [ -6.446635839999942, 31.263729167000065 ], [ -6.447139326999945, 31.26380531500007 ], [ -6.447641547999979, 31.263887345000057 ], [ -6.448142408999956, 31.263975241000026 ], [ -6.448641815999963, 31.264068986000041 ], [ -6.44925522099993, 31.264109376000079 ], [ -6.449868032999973, 31.264155884000047 ], [ -6.450480167999956, 31.264208505000056 ], [ -6.451091541999972, 31.264267231000076 ], [ -6.451702072999979, 31.264332056000057 ], [ -6.452311675999965, 31.264402969000059 ], [ -6.452920268999947, 31.264479962000053 ], [ -6.453527768999948, 31.26456302400004 ], [ -6.454134092999936, 31.264652142000045 ], [ -6.454739157999938, 31.264747306000061 ], [ -6.455342881999968, 31.264848503000053 ], [ -6.455945182999926, 31.264955717000078 ], [ -6.456545977999951, 31.265068936000034 ], [ -6.457145185999934, 31.265188142000056 ], [ -6.457742723999957, 31.265313321000065 ], [ -6.458286890999943, 31.265432889000067 ], [ -6.458829504999926, 31.265557511000054 ], [ -6.459370499999977, 31.265687171000025 ], [ -6.459909811999978, 31.265821854000023 ], [ -6.460447378999959, 31.265961544000049 ], [ -6.460830873999953, 31.266062698000042 ], [ -6.461310390999927, 31.266154391000043 ], [ -6.461788387999945, 31.266251707000038 ], [ -6.462264776999973, 31.266354627000055 ], [ -6.46273946599996, 31.266463132000069 ], [ -6.463212365999937, 31.266577201000075 ], [ -6.463683388999925, 31.266696812000077 ], [ -6.464152443999978, 31.266821944000071 ], [ -6.464619443999936, 31.266952572000037 ], [ -6.465084299999944, 31.267088671000067 ], [ -6.465546923999966, 31.267230217000076 ], [ -6.466007229999946, 31.267377181000029 ], [ -6.46646512999996, 31.26752953700003 ], [ -6.466920537999954, 31.267687256000045 ], [ -6.467373367999926, 31.26785030800005 ], [ -6.467823533999933, 31.268018661000042 ], [ -6.468270951999955, 31.268192285000055 ], [ -6.46871553699998, 31.268371147000039 ], [ -6.469157203999941, 31.268555212000024 ], [ -6.469595871999957, 31.268744446000028 ], [ -6.470031455999958, 31.268938813000034 ], [ -6.47046387599994, 31.269138276000035 ], [ -6.470893047999937, 31.269342798000025 ], [ -6.471318891999942, 31.269552340000075 ], [ -6.47174132799995, 31.269766863000029 ], [ -6.472364170999981, 31.269982111000047 ], [ -6.472645808999971, 31.270086896000066 ], [ -6.472925411999938, 31.270195590000071 ], [ -6.473202904999937, 31.270308164000028 ], [ -6.473478215999933, 31.270424588000026 ], [ -6.473751268999933, 31.270544832000041 ], [ -6.474040885999955, 31.270677446000036 ], [ -6.474327754999933, 31.270814353000048 ], [ -6.474611787999947, 31.270955513000047 ], [ -6.474892899999929, 31.271100883000031 ], [ -6.475188088999971, 31.271259766000071 ], [ -6.475479807999932, 31.271423263000031 ], [ -6.475767959999928, 31.271591319000038 ], [ -6.476052444999937, 31.27176387600008 ], [ -6.476322004999929, 31.271933685000079 ], [ -6.476587980999966, 31.272107574000074 ], [ -6.476850285999944, 31.272285489000069 ], [ -6.477108838999925, 31.272467372000051 ], [ -6.477463009999951, 31.272727080000038 ], [ -6.477807411999947, 31.272992543000043 ], [ -6.478080014999932, 31.273211668000044 ], [ -6.478306805999978, 31.273401075000038 ], [ -6.47860213499996, 31.273657793000041 ], [ -6.478850421999937, 31.273881901000038 ], [ -6.479138837999926, 31.274154524000039 ], [ -6.479420815999958, 31.274432232000038 ], [ -6.47969859899996, 31.274719866000055 ], [ -6.47986235999997, 31.274857165000071 ], [ -6.480030004999946, 31.274990996000042 ], [ -6.48020143399998, 31.27512127600005 ], [ -6.480376543999967, 31.275247931000024 ], [ -6.480555230999926, 31.275370882000061 ], [ -6.480737386999976, 31.275490056000024 ], [ -6.481247118999931, 31.275816809000048 ], [ -6.481625847999965, 31.276052237000044 ], [ -6.48198220699993, 31.276268898000069 ], [ -6.482273066999937, 31.276442129000031 ], [ -6.482541135999952, 31.276599110000063 ], [ -6.482810707999931, 31.276754188000041 ], [ -6.483106336999981, 31.276921360000074 ], [ -6.483428483999944, 31.277099973000077 ], [ -6.483840075999979, 31.277323022000076 ], [ -6.484330274999934, 31.277581417000079 ], [ -6.484633930999962, 31.27773763600004 ], [ -6.48502422699994, 31.277933864000033 ], [ -6.48541699499998, 31.278126458000031 ], [ -6.485812185999976, 31.27831539400006 ], [ -6.486378720999937, 31.278381956000032 ], [ -6.486944637999954, 31.278452254000058 ], [ -6.487838322999949, 31.278569843000071 ], [ -6.488149993999969, 31.278613105000034 ], [ -6.488454600999944, 31.278656451000074 ], [ -6.48886149599997, 31.278716072000066 ], [ -6.489286763999928, 31.278780247000043 ], [ -6.489626915999963, 31.27883320400008 ], [ -6.49005217399997, 31.278901138000037 ], [ -6.490474344999939, 31.278970783000034 ], [ -6.490921637999975, 31.279046637000079 ], [ -6.49124274299993, 31.279102590000036 ], [ -6.491683801999955, 31.279181459000029 ], [ -6.492044294999971, 31.279247471000076 ], [ -6.492404392999958, 31.279315085000064 ], [ -6.49276415199995, 31.279383978000055 ], [ -6.493116338999926, 31.279453088000025 ], [ -6.493462503999979, 31.279522277000069 ], [ -6.493769855999972, 31.279584965000026 ], [ -6.494112228999938, 31.279656163000027 ], [ -6.494577504999938, 31.279755138000041 ], [ -6.495008341999949, 31.279848986000047 ], [ -6.495310614999937, 31.279916226000068 ], [ -6.495627456999955, 31.279987869000024 ], [ -6.49595039999997, 31.280062175000069 ], [ -6.496358505999979, 31.280157890000055 ], [ -6.496777647999977, 31.280258223000033 ], [ -6.497082051999939, 31.280332465000072 ], [ -6.497387714999945, 31.280408169000054 ], [ -6.497697860999949, 31.280486178000046 ], [ -6.498011906999977, 31.280566364000038 ], [ -6.498325571999942, 31.280647688000045 ], [ -6.498677963999967, 31.280740582000078 ], [ -6.499225131999935, 31.28088778800003 ], [ -6.499811283999975, 31.281050809000078 ], [ -6.500592506999965, 31.281231294000065 ], [ -6.501029682999956, 31.28124669400006 ], [ -6.501440267999953, 31.281262311000035 ], [ -6.501873151999973, 31.281279864000055 ], [ -6.502306203999979, 31.281298556000024 ], [ -6.502630952999937, 31.281313332000025 ], [ -6.502955640999971, 31.281328788000053 ], [ -6.503280293999978, 31.281344832000059 ], [ -6.503604897999935, 31.281361591000064 ], [ -6.504037640999968, 31.281384900000035 ], [ -6.504470289999972, 31.281409334000045 ], [ -6.504902858999969, 31.281434949000072 ], [ -6.505227231999925, 31.281454863000079 ], [ -6.505547284999977, 31.281475219000072 ], [ -6.50596184099993, 31.281502464000027 ], [ -6.506377914999973, 31.281530911000061 ], [ -6.506689319999964, 31.28155286100008 ], [ -6.507000649999952, 31.281575491000069 ], [ -6.507332031999965, 31.281600146000073 ], [ -6.507704394999962, 31.281628711000053 ], [ -6.508238178999932, 31.281642074000047 ], [ -6.508631975999947, 31.281648758000074 ], [ -6.508985166999935, 31.281656012000042 ], [ -6.509339851999925, 31.281664411000065 ], [ -6.509694498999977, 31.281673924000074 ], [ -6.510049093999953, 31.281684571000028 ], [ -6.510447959999965, 31.281697969000049 ], [ -6.510935366999945, 31.28171614200005 ], [ -6.511334071999954, 31.281732692000048 ], [ -6.511954100999958, 31.281761179000057 ], [ -6.512352583999927, 31.28178125900007 ], [ -6.512706704999971, 31.281800351000072 ], [ -6.513060734999954, 31.281820582000023 ], [ -6.513416775999929, 31.281782374000045 ], [ -6.513773613999945, 31.281750045000024 ], [ -6.514131114999941, 31.281723605000025 ], [ -6.51448914599996, 31.281703066000034 ], [ -6.514847574999976, 31.281688434000046 ], [ -6.51520626699994, 31.281679715000053 ], [ -6.515565088999949, 31.281676913000069 ], [ -6.515923907999934, 31.281680028000039 ], [ -6.516282588999957, 31.281689060000076 ], [ -6.516641, 31.281704004000062 ], [ -6.517168793999929, 31.28175131200004 ], [ -6.517452534999961, 31.281842579000056 ], [ -6.517956092999952, 31.281975170000067 ], [ -6.518308669999954, 31.282047193000039 ], [ -6.518686564999939, 31.282105136000041 ], [ -6.519148001999952, 31.28214917400004 ], [ -6.519724094999958, 31.282167775000062 ], [ -6.520584173999964, 31.282115298000065 ], [ -6.521790189999933, 31.282026640000026 ], [ -6.522685950999971, 31.281960767000044 ], [ -6.523564054999952, 31.281396545000064 ], [ -6.528197316999979, 31.278419303000078 ], [ -6.536252735999938, 31.275539220000041 ], [ -6.54160884099997, 31.272690027000067 ], [ -6.542213367999977, 31.272623381000074 ], [ -6.542816954999978, 31.272550774000024 ], [ -6.543419520999976, 31.27247221500005 ], [ -6.544020985999964, 31.272387715000036 ], [ -6.544621269999936, 31.272297286000025 ], [ -6.545220290999964, 31.272200939000072 ], [ -6.545817970999963, 31.272098687000039 ], [ -6.546414229999925, 31.271990544000062 ], [ -6.547008988999949, 31.271876524000049 ], [ -6.547602167999969, 31.27175664300006 ], [ -6.548193687999969, 31.27163091500006 ], [ -6.548783469999933, 31.271499359000074 ], [ -6.549371435999944, 31.271361991000049 ], [ -6.549957506999931, 31.271218830000066 ], [ -6.550541604999978, 31.271069895000039 ], [ -6.551123651999944, 31.270915206000041 ], [ -6.551703571999951, 31.270754783000029 ], [ -6.553102918999969, 31.270628329000033 ], [ -6.554501728999981, 31.270497612000042 ], [ -6.55589998499994, 31.270362633000047 ], [ -6.557297669999969, 31.270223395000073 ], [ -6.558694764999927, 31.270079899000052 ], [ -6.559161184999937, 31.270069001000024 ], [ -6.559627379999938, 31.270052503000045 ], [ -6.560093256999949, 31.270030408000025 ], [ -6.560558725999954, 31.270002721000026 ], [ -6.561023692999981, 31.269969446000061 ], [ -6.561488066999971, 31.269930591000048 ], [ -6.561951756999974, 31.269886163000024 ], [ -6.562414670999942, 31.269836171000065 ], [ -6.562876716999938, 31.269780625000067 ], [ -6.563337804999946, 31.269719535000036 ], [ -6.563797841999929, 31.269652914000062 ], [ -6.564256739999962, 31.269580775000065 ], [ -6.56471440599995, 31.269503132000068 ], [ -6.565170750999926, 31.269420001000071 ], [ -6.56562568399994, 31.26933139700003 ], [ -6.566079115999969, 31.269237339000028 ], [ -6.566530956999941, 31.269137844000056 ], [ -6.566981117999944, 31.269032933000062 ], [ -6.567429509999954, 31.268922627000052 ], [ -6.567810220999945, 31.268821414000058 ], [ -6.569883459999971, 31.268270224000048 ], [ -6.570093005999979, 31.268246966000049 ], [ -6.570301637999933, 31.268218329000035 ], [ -6.570509167999944, 31.268184338000026 ], [ -6.570715406999966, 31.268145024000034 ], [ -6.57092016799993, 31.268100423000078 ], [ -6.571123265999972, 31.268050575000075 ], [ -6.571324515999947, 31.267995524000071 ], [ -6.571523737999939, 31.267935322000028 ], [ -6.571720748999951, 31.267870022000068 ], [ -6.571915371999978, 31.267799684000067 ], [ -6.572107430999949, 31.267724372000032 ], [ -6.572296750999953, 31.267644153000049 ], [ -6.572483159999933, 31.267559100000028 ], [ -6.57266649099995, 31.267469290000065 ], [ -6.572846575999961, 31.267374805000031 ], [ -6.573071035999931, 31.267365238000025 ], [ -6.573295732999952, 31.267361485000038 ], [ -6.573520458999951, 31.267363550000027 ], [ -6.573745008999936, 31.267371431000072 ], [ -6.573969175999935, 31.267385121000075 ], [ -6.574192755999945, 31.267404608000049 ], [ -6.57441554299993, 31.267429873000026 ], [ -6.574637332999941, 31.267460894000067 ], [ -6.574857920999932, 31.267497641000034 ], [ -6.57507710699997, 31.267540082000039 ], [ -6.575294687999929, 31.26758817700005 ], [ -6.575510465999969, 31.267641881000031 ], [ -6.575724241999978, 31.267701147000025 ], [ -6.575935819999927, 31.267765919000055 ], [ -6.576145005999933, 31.267836138000064 ], [ -6.576351607999925, 31.267911741000034 ], [ -6.576555436999968, 31.267992656000047 ], [ -6.576756304999947, 31.268078810000077 ], [ -6.576954028999978, 31.268170124000051 ], [ -6.577335427999969, 31.268398302000037 ], [ -6.577720398999929, 31.268622053000058 ], [ -6.578108872999962, 31.268841336000037 ], [ -6.578500777999977, 31.269056113000033 ], [ -6.578896042999929, 31.269266342000037 ], [ -6.579294594999965, 31.269471987000031 ], [ -6.579696361999936, 31.26967300900003 ], [ -6.580101270999933, 31.269869371000027 ], [ -6.580152339999927, 31.27102000800005 ], [ -6.58195305199996, 31.270772899000065 ], [ -6.582191258999956, 31.271518610000044 ], [ -6.582212284999969, 31.271847671000046 ], [ -6.582559817999936, 31.272231280000028 ], [ -6.582837387999973, 31.272571310000046 ], [ -6.582972655999981, 31.272866116000046 ], [ -6.583072451999954, 31.273145563000071 ], [ -6.583145873999968, 31.273393876000057 ], [ -6.583027231999949, 31.273744266000051 ], [ -6.583038354999928, 31.274192112000037 ], [ -6.583179190999942, 31.274549818000025 ], [ -6.583224080999969, 31.274845829000071 ], [ -6.583175947999962, 31.275145726000062 ], [ -6.582947478999927, 31.275409804000049 ], [ -6.582747903999973, 31.275600832000066 ], [ -6.582541377999974, 31.275790734000054 ], [ -6.582387175999941, 31.276052295000056 ], [ -6.582443643999966, 31.276383984000063 ], [ -6.582560351999973, 31.276755044000026 ], [ -6.582663024999931, 31.277272682000046 ], [ -6.58262088999993, 31.27765871500003 ], [ -6.582619579999971, 31.277980229000036 ], [ -6.582815989999972, 31.278338586000075 ], [ -6.58540144899996, 31.279981733000056 ], [ -6.585713832999943, 31.279734718000043 ], [ -6.585991695999951, 31.27987039900006 ], [ -6.586398198999973, 31.279912957000079 ], [ -6.586776081999972, 31.280149644000062 ], [ -6.587218269999937, 31.280059433000076 ], [ -6.587522032999971, 31.279817276000074 ], [ -6.587979282999981, 31.279811015000064 ], [ -6.588336699999957, 31.279870144000029 ], [ -6.588753613999927, 31.279886356000077 ], [ -6.589186577999953, 31.279749696000067 ], [ -6.592743441999971, 31.279830594000032 ], [ -6.59517376499997, 31.279885869000054 ], [ -6.597266150999928, 31.279933383000071 ], [ -6.603884265999966, 31.279996820000065 ], [ -6.608149810999976, 31.280028056000049 ], [ -6.608611863999954, 31.281027480000034 ], [ -6.607875992999936, 31.282240115000036 ], [ -6.610987984999952, 31.282379637000076 ], [ -6.611634988999981, 31.282365446000028 ], [ -6.61228179099993, 31.282345604000056 ], [ -6.61292832099997, 31.282320114000072 ], [ -6.613574511999957, 31.282288978000054 ], [ -6.614220297999964, 31.282252199000027 ], [ -6.614865609999981, 31.282209782000052 ], [ -6.615510380999979, 31.282161730000041 ], [ -6.616154542999936, 31.282108049000044 ], [ -6.616798029999927, 31.282048744000065 ], [ -6.617440773999931, 31.281983822000029 ], [ -6.618082708999964, 31.281913289000045 ], [ -6.61872376599996, 31.281837153000026 ], [ -6.619363878999934, 31.281755421000071 ], [ -6.620002980999971, 31.281668103000072 ], [ -6.620641005999971, 31.28157520600007 ], [ -6.621277885999973, 31.281476741000063 ], [ -6.621913555999981, 31.281372719000046 ], [ -6.622547947999976, 31.28126314900004 ], [ -6.623180996999963, 31.281148044000076 ], [ -6.623399913999947, 31.281347947000029 ], [ -6.623623876999943, 31.281543724000073 ], [ -6.623852781999972, 31.281735282000056 ], [ -6.624086516999967, 31.281922529000042 ], [ -6.624324973999933, 31.282105376000061 ], [ -6.62456803799995, 31.282283737000057 ], [ -6.624815593999926, 31.282457527000076 ], [ -6.625067523999974, 31.282626664000077 ], [ -6.625323707999939, 31.282791066000073 ], [ -6.625584024999966, 31.282950657000072 ], [ -6.625848351999934, 31.283105359000047 ], [ -6.626116560999947, 31.283255100000076 ], [ -6.626388525999971, 31.283399809000059 ], [ -6.626664117999951, 31.283539416000053 ], [ -6.626810338999974, 31.283623928000054 ], [ -6.626952757999959, 31.283713057000057 ], [ -6.627091174999975, 31.28380667600004 ], [ -6.62722539799995, 31.283904655000072 ], [ -6.627355236999961, 31.284006856000076 ], [ -6.627480511999977, 31.284113137000077 ], [ -6.627601046999928, 31.284223348000069 ], [ -6.627716671999963, 31.284337336000078 ], [ -6.627827226999955, 31.284454940000046 ], [ -6.627932556999951, 31.284575997000047 ], [ -6.628032513999926, 31.284700336000071 ], [ -6.628126956999949, 31.284827783000026 ], [ -6.628215754999928, 31.284958161000077 ], [ -6.628298783999981, 31.285091285000078 ], [ -6.628375927999969, 31.285226972000032 ], [ -6.628447076999976, 31.285365029000047 ], [ -6.628512132999958, 31.285505264000051 ], [ -6.628571004999969, 31.28564748000008 ], [ -6.628623609999977, 31.285791479000068 ], [ -6.628669874999957, 31.285937059000048 ], [ -6.628709733999926, 31.286084016000075 ], [ -6.628743131999954, 31.286232143000063 ], [ -6.628770021999969, 31.286381235000079 ], [ -6.628858832999981, 31.286530949000053 ], [ -6.628953631999934, 31.286677958000041 ], [ -6.629054302999975, 31.28682208500004 ], [ -6.629160728999977, 31.286963162000063 ], [ -6.629272782999976, 31.287101019000033 ], [ -6.629390330999968, 31.287235492000036 ], [ -6.629513233999944, 31.287366422000048 ], [ -6.629641345999971, 31.287493654000059 ], [ -6.629774514999951, 31.287617036000029 ], [ -6.629912580999928, 31.287736421000034 ], [ -6.630055380999977, 31.287851667000041 ], [ -6.630202744999963, 31.287962638000067 ], [ -6.630354497999974, 31.288069202000031 ], [ -6.630510459999925, 31.288171231000035 ], [ -6.630670445999954, 31.288268606000031 ], [ -6.63083426399993, 31.288361209000072 ], [ -6.631001719999972, 31.288448930000072 ], [ -6.631172615999958, 31.288531667000029 ], [ -6.631346746999952, 31.288609320000035 ], [ -6.631523907999963, 31.288681796000049 ], [ -6.631703886999958, 31.28874901000006 ], [ -6.631886470999973, 31.288810883000053 ], [ -6.632071441999926, 31.288867339000035 ], [ -6.632224088999976, 31.288898270000061 ], [ -6.632378168999935, 31.288923485000055 ], [ -6.632533387999956, 31.288942938000048 ], [ -6.632689451999966, 31.288956590000055 ], [ -6.632846064999967, 31.288964417000045 ], [ -6.63300292699995, 31.288966402000028 ], [ -6.633159741999975, 31.288962544000071 ], [ -6.633316209999975, 31.288952848000065 ], [ -6.633472035999944, 31.288937334000025 ], [ -6.633626921999962, 31.288916030000053 ], [ -6.633780574999946, 31.288888978000045 ], [ -6.633932701999981, 31.288856227000053 ], [ -6.634435427999961, 31.28905635600006 ], [ -6.634755165999934, 31.289286271000037 ], [ -6.635138773999927, 31.289367012000071 ], [ -6.635501042999977, 31.289502133000042 ], [ -6.63586136899994, 31.289431001000025 ], [ -6.636252833999947, 31.289461328000073 ], [ -6.636368592999929, 31.289443911000035 ], [ -6.636369679999973, 31.289443798000036 ], [ -6.636410742999942, 31.289439514000037 ], [ -6.636485266999955, 31.289431741000044 ], [ -6.636487461999934, 31.289431612000044 ], [ -6.636536345999957, 31.289428740000062 ], [ -6.636602529999948, 31.289424852000025 ], [ -6.636605859999975, 31.289424807000046 ], [ -6.636657800999956, 31.289424105000023 ], [ -6.636720054999955, 31.28942326300006 ], [ -6.636724527999945, 31.289423404000047 ], [ -6.636777798999958, 31.289425089000076 ], [ -6.636837513999978, 31.289426978000051 ], [ -6.636843143999954, 31.289427411000077 ], [ -6.636896932999946, 31.289431551000064 ], [ -6.636954579999951, 31.289435988000037 ], [ -6.636961333999977, 31.289436817000023 ], [ -6.637015241999961, 31.289443432000041 ], [ -6.637070926999968, 31.289450266000074 ], [ -6.637078802999952, 31.289451598000028 ], [ -6.637132274999942, 31.289460645000077 ], [ -6.637186227999962, 31.289469774000054 ], [ -6.637195202999976, 31.289471718000073 ], [ -6.63726691599993, 31.289487253000061 ], [ -6.637300163999953, 31.289494456000057 ], [ -6.63730439699998, 31.289495579000061 ], [ -6.637412415999961, 31.289524245000052 ], [ -6.637736894999932, 31.289328468000065 ], [ -6.638071559999958, 31.289435443000059 ], [ -6.638385135999954, 31.289566985000079 ], [ -6.638581016999979, 31.289525593000064 ], [ -6.638778497999965, 31.289490186000023 ], [ -6.638977328999943, 31.289460809000047 ], [ -6.639177257999961, 31.289437500000076 ], [ -6.639378030999978, 31.289420288000031 ], [ -6.639579392999963, 31.289409195000076 ], [ -6.640016125999978, 31.289120512000068 ], [ -6.640447764999976, 31.288979393000034 ], [ -6.640722729999936, 31.288882313000045 ], [ -6.640881186999934, 31.288563769000064 ], [ -6.64111322499997, 31.288399492000053 ], [ -6.641977029999964, 31.288353735000044 ], [ -6.642253431999961, 31.288194174000068 ], [ -6.642556618999947, 31.288075809000077 ], [ -6.643084920999968, 31.287930394000057 ], [ -6.643478441999946, 31.287951867000061 ], [ -6.644129723999981, 31.287861924000026 ], [ -6.644470198999954, 31.287808557000062 ], [ -6.644748901999947, 31.287644022000052 ], [ -6.644773115999953, 31.287467294000066 ], [ -6.644803843999966, 31.287291306000043 ], [ -6.644841053999926, 31.287116234000052 ], [ -6.644884708999939, 31.286942252000074 ], [ -6.644934766999938, 31.28676953400003 ], [ -6.644991177999941, 31.286598250000054 ], [ -6.645367576999945, 31.286474459000033 ], [ -6.645746241999973, 31.286355821000029 ], [ -6.646127075999971, 31.286242367000057 ], [ -6.646509981999941, 31.286134126000036 ], [ -6.64672505599998, 31.286023696000029 ], [ -6.646943138999973, 31.285917663000077 ], [ -6.647164106999981, 31.285816086000068 ], [ -6.64738783599995, 31.285719024000059 ], [ -6.647614200999953, 31.285626529000069 ], [ -6.647999252999966, 31.285524293000037 ], [ -6.648386087999938, 31.285427098000071 ], [ -6.648774616999958, 31.28533496700004 ], [ -6.649164747999976, 31.285247920000074 ], [ -6.649300183999969, 31.28522438300007 ], [ -6.649434123999981, 31.28519525400003 ], [ -6.649566251999943, 31.285160606000034 ], [ -6.64969625699996, 31.285120518000042 ], [ -6.649823831999981, 31.285075085000074 ], [ -6.649948675999951, 31.285024414000077 ], [ -6.650070495999955, 31.284968626000079 ], [ -6.650189003999969, 31.284907850000025 ], [ -6.650303920999932, 31.284842231000027 ], [ -6.650414975999979, 31.28477192400004 ], [ -6.650521907999973, 31.284697093000034 ], [ -6.650624463999975, 31.284617914000023 ], [ -6.650722402999975, 31.284534576000055 ], [ -6.650815492999925, 31.284447274000058 ], [ -6.650903515999971, 31.284356213000024 ], [ -6.650986264999972, 31.284261609000055 ], [ -6.651326065999967, 31.28403393800005 ], [ -6.651876339999944, 31.283902743000056 ], [ -6.65203473899993, 31.283888092000041 ], [ -6.652192378999928, 31.283868346000077 ], [ -6.652349035999976, 31.283843531000059 ], [ -6.652504484999952, 31.283813684000052 ], [ -6.652658505999966, 31.283778846000075 ], [ -6.652810879999947, 31.283739068000045 ], [ -6.652961389999973, 31.283694406000052 ], [ -6.65310982099993, 31.283644924000043 ], [ -6.653255961999946, 31.283590691000029 ], [ -6.653399604999947, 31.283531785000037 ], [ -6.653540545999931, 31.283468291000077 ], [ -6.653901970999925, 31.283512335000069 ], [ -6.654340262999938, 31.283561880000036 ], [ -6.654799751999974, 31.283532915000023 ], [ -6.655102187999944, 31.283733735000055 ], [ -6.655445507999957, 31.283676033000063 ], [ -6.655486302999975, 31.283617547000063 ], [ -6.655532685999958, 31.28356218600004 ], [ -6.655584330999943, 31.283510340000078 ], [ -6.655640876999939, 31.283462373000077 ], [ -6.65570192499996, 31.283418622000056 ], [ -6.655767045999937, 31.283379395000054 ], [ -6.65583578299993, 31.283344967000062 ], [ -6.655907652999929, 31.283315580000078 ], [ -6.655982150999932, 31.283291441000074 ], [ -6.656058751999979, 31.283272719000024 ], [ -6.656136918999948, 31.283259546000068 ], [ -6.656216101999973, 31.283252015000073 ], [ -6.656295745999955, 31.28325017800006 ], [ -6.656410483999935, 31.283269321000034 ], [ -6.656526234999944, 31.283283324000024 ], [ -6.656642681999926, 31.283292150000079 ], [ -6.656759508999926, 31.283295775000056 ], [ -6.656876398999941, 31.28329418800007 ], [ -6.656993031999946, 31.283287395000059 ], [ -6.657109092999974, 31.283275413000069 ], [ -6.657224264999968, 31.283258276000026 ], [ -6.657338233999951, 31.283236029000079 ], [ -6.657450690999951, 31.283208734000027 ], [ -6.657561328999975, 31.283176464000064 ], [ -6.657669848999944, 31.283139308000045 ], [ -6.65782558199993, 31.28318009700007 ], [ -6.657983062999961, 31.283215648000066 ], [ -6.65814205099997, 31.283245906000047 ], [ -6.658302301999981, 31.283270825000045 ], [ -6.65846357199996, 31.283290366000074 ], [ -6.65862561299997, 31.283304500000042 ], [ -6.658788176999963, 31.28331320500007 ], [ -6.658951014999957, 31.283316467000077 ], [ -6.659113877999971, 31.283314282000049 ], [ -6.659276515999977, 31.283306654000057 ], [ -6.659438679999937, 31.283293593000053 ], [ -6.659600121999972, 31.283275120000042 ], [ -6.659760594999966, 31.283251262000078 ], [ -6.659877379999955, 31.283314942000061 ], [ -6.659997602999965, 31.283373765000078 ], [ -6.660120985999981, 31.283427595000035 ], [ -6.660247246999973, 31.283476309000037 ], [ -6.660376094999947, 31.283519794000028 ], [ -6.660507233999965, 31.283557952000024 ], [ -6.66064036299997, 31.283590693000065 ], [ -6.660775174999969, 31.283617943000024 ], [ -6.660911359999943, 31.283639640000047 ], [ -6.661048605999952, 31.283655733000046 ], [ -6.661186596999926, 31.283666185000072 ], [ -6.661325014999932, 31.283670972000039 ], [ -6.661463541999979, 31.28367008400005 ], [ -6.661550586999965, 31.283721019000041 ], [ -6.661641416999942, 31.283766871000068 ], [ -6.661735627999974, 31.283807436000075 ], [ -6.661832799999956, 31.28384253300004 ], [ -6.661932496999952, 31.283872006000024 ], [ -6.662034274999939, 31.283895721000079 ], [ -6.662137678999954, 31.283913575000042 ], [ -6.662242247999927, 31.283925486000044 ], [ -6.662347513999975, 31.283931402000064 ], [ -6.662453006999954, 31.283931296000048 ], [ -6.662558255999954, 31.283925169000042 ], [ -6.662662791999935, 31.283913047000055 ], [ -6.663125197999932, 31.284088134000058 ], [ -6.663628531999962, 31.284126916000048 ], [ -6.663749583999959, 31.284125975000052 ], [ -6.663870521999968, 31.284130560000051 ], [ -6.663991001999932, 31.284140657000023 ], [ -6.664110678999975, 31.284156238000037 ], [ -6.664229210999963, 31.284177256000078 ], [ -6.664346261999981, 31.284203654000066 ], [ -6.664461495999944, 31.284235355000078 ], [ -6.664574584999968, 31.284272269000041 ], [ -6.664685205999945, 31.284314290000054 ], [ -6.664793043999964, 31.284361300000057 ], [ -6.664897791999977, 31.284413163000067 ], [ -6.664999148999925, 31.284469732000048 ], [ -6.665096827999946, 31.284530845000063 ], [ -6.665190548999931, 31.284596327000031 ], [ -6.665289795999968, 31.284604099000035 ], [ -6.665388195999981, 31.284617613000023 ], [ -6.665485295999929, 31.284636807000027 ], [ -6.665580645999967, 31.284661591000031 ], [ -6.665673806999962, 31.284691852000037 ], [ -6.665764346999936, 31.284727451000037 ], [ -6.665851849999967, 31.284768222000025 ], [ -6.665935909999973, 31.284813978000045 ], [ -6.666016140999943, 31.284864506000076 ], [ -6.666092169999956, 31.284919574000071 ], [ -6.666163648999941, 31.284978927000054 ], [ -6.666521346999957, 31.285203525000043 ], [ -6.667018002999953, 31.285351095000067 ], [ -6.667387670999972, 31.285364831000038 ], [ -6.667865164999967, 31.285455929000079 ], [ -6.668276585999934, 31.285391249000043 ], [ -6.668658296999979, 31.285417652000035 ], [ -6.668797865999977, 31.285398170000065 ], [ -6.668938340999944, 31.285384235000038 ], [ -6.669079420999935, 31.285375876000046 ], [ -6.669220802999973, 31.285373112000059 ], [ -6.669362182999976, 31.28537594900007 ], [ -6.669503256999974, 31.28538437900005 ], [ -6.669643721999932, 31.285398385000065 ], [ -6.669783277999954, 31.285417938000023 ], [ -6.669921623999926, 31.285442995000039 ], [ -6.670058462999975, 31.285473502000059 ], [ -6.670193500999972, 31.28550939400003 ], [ -6.670326447999969, 31.285550593000039 ], [ -6.670457019999958, 31.285597012000039 ], [ -6.670584934999965, 31.285648550000076 ], [ -6.67110566599996, 31.285608050000064 ], [ -6.671625812999935, 31.285562384000059 ], [ -6.672145302999979, 31.285511559000042 ], [ -6.67266406799996, 31.285455582000054 ], [ -6.673182036999947, 31.285394459000031 ], [ -6.67369913999994, 31.285328198000059 ], [ -6.67421530799993, 31.285256810000078 ], [ -6.674730470999975, 31.28518030400005 ], [ -6.675244559999953, 31.285098690000041 ], [ -6.675487942999951, 31.285019495000029 ], [ -6.675733476999937, 31.284945309000079 ], [ -6.675981020999927, 31.284876174000033 ], [ -6.676230433999933, 31.284812130000034 ], [ -6.676481570999954, 31.284753214000034 ], [ -6.676734288999967, 31.284699458000034 ], [ -6.676988441999981, 31.284650896000073 ], [ -6.677107836999937, 31.284693908000065 ], [ -6.677229734999969, 31.28473144700007 ], [ -6.677353790999973, 31.284763406000025 ], [ -6.677479655999946, 31.284789697000065 ], [ -6.677606975999936, 31.284810243000038 ], [ -6.677735392999978, 31.284824989000072 ], [ -6.677864542999941, 31.284833893000041 ], [ -6.67799406499995, 31.284836928000061 ], [ -6.678123591999963, 31.284834087000036 ], [ -6.678252760999953, 31.28482537800005 ], [ -6.678381207999962, 31.284810826000069 ], [ -6.678508569999963, 31.284790470000075 ], [ -6.678634488999933, 31.284764369000072 ], [ -6.678758610999978, 31.284732596000026 ], [ -6.678880584999945, 31.284695241000065 ], [ -6.679000068999926, 31.284652409000046 ], [ -6.679116725999961, 31.284604220000062 ], [ -6.679230226999948, 31.284550810000042 ], [ -6.679340252999964, 31.284492329000045 ], [ -6.679446493999933, 31.284428943000023 ], [ -6.679548650999948, 31.284360828000047 ], [ -6.679646434999938, 31.284288179000043 ], [ -6.67973957199996, 31.284211199000026 ], [ -6.679827799999941, 31.284130105000031 ], [ -6.679910868999968, 31.284045124000045 ], [ -6.679988545999947, 31.283956498000066 ], [ -6.680060611999977, 31.28386447400004 ], [ -6.680126864999977, 31.28376931300005 ], [ -6.687202664999973, 31.279727358000059 ], [ -6.688296608999963, 31.279139819000079 ], [ -6.688322747999962, 31.279795516000036 ], [ -6.688354877999927, 31.28045101400005 ], [ -6.688392997999927, 31.281106272000045 ], [ -6.68843710699997, 31.281761251000034 ], [ -6.688543314999947, 31.281978114000026 ], [ -6.688655618999974, 31.282192721000058 ], [ -6.688773950999973, 31.282404948000078 ], [ -6.688898242999926, 31.282614672000079 ], [ -6.689028421999978, 31.282821771000044 ], [ -6.689164412999958, 31.28302612300007 ], [ -6.689306135999971, 31.28322761000004 ], [ -6.689453508999975, 31.283426114000065 ], [ -6.689606444999981, 31.283621520000054 ], [ -6.689764856999943, 31.283813714000075 ], [ -6.689928649999956, 31.284002583000074 ], [ -6.69009773099998, 31.284188018000066 ], [ -6.690272, 31.284369911000056 ], [ -6.690451354999936, 31.284548155000039 ], [ -6.690635692999933, 31.28472264800007 ], [ -6.690824906999978, 31.284893286000056 ], [ -6.691018883999959, 31.285059971000067 ], [ -6.69121751299997, 31.285222606000048 ], [ -6.691420677999929, 31.285381096000037 ], [ -6.691628260999948, 31.285535349000043 ], [ -6.691840138999964, 31.285685274000059 ], [ -6.692056190999949, 31.285830784000041 ], [ -6.692276289999938, 31.285971795000023 ], [ -6.692500307999978, 31.286108224000031 ], [ -6.692650243999935, 31.286129232000064 ], [ -6.692798880999931, 31.286156147000042 ], [ -6.692945901999963, 31.286188910000078 ], [ -6.693090990999963, 31.286227454000027 ], [ -6.693233837999969, 31.28627169300006 ], [ -6.693374135999932, 31.28632153500007 ], [ -6.693511583999964, 31.286376871000073 ], [ -6.693645888999981, 31.286437584000055 ], [ -6.69377676199997, 31.286503543000038 ], [ -6.693903923999926, 31.286574607000034 ], [ -6.694027099999971, 31.28665062400006 ], [ -6.694146028999967, 31.286731431000078 ], [ -6.694260453999959, 31.286816854000051 ], [ -6.694370130999971, 31.286906711000029 ], [ -6.69447482399994, 31.287000808000073 ], [ -6.69457430999995, 31.287098946000071 ], [ -6.694668374999935, 31.28720091200006 ], [ -6.694756816999927, 31.287306489000059 ], [ -6.694839446999936, 31.287415450000026 ], [ -6.694916088999946, 31.287527562000037 ], [ -6.694986576999952, 31.287642585000071 ], [ -6.695050760999948, 31.287760272000071 ], [ -6.695108502999972, 31.287880372000075 ], [ -6.695159679999961, 31.288002626000036 ], [ -6.69520418299993, 31.288126772000055 ], [ -6.695241911999972, 31.288252546000024 ], [ -6.695272791999969, 31.288379676000034 ], [ -6.695296753999969, 31.288507891000052 ], [ -6.695313747999933, 31.288636917000076 ], [ -6.695323735999978, 31.288766476000035 ], [ -6.695326696999928, 31.288896291000071 ], [ -6.69532262599995, 31.289026084000056 ], [ -6.695311529999969, 31.289155577000031 ], [ -6.695293432999961, 31.289284492000036 ], [ -6.695268374999955, 31.289412553000034 ], [ -6.695236408999961, 31.289539486000024 ], [ -6.69519760299994, 31.289665018000051 ], [ -6.695152040999972, 31.28978888100005 ], [ -6.69509981899995, 31.289910810000038 ], [ -6.695041051999965, 31.290030542000068 ], [ -6.694975862999968, 31.290147822000051 ], [ -6.694904392999945, 31.290262399000028 ], [ -6.694826794999926, 31.290374026000052 ], [ -6.69474323399993, 31.290482465000025 ], [ -6.694653890999973, 31.290587483000024 ], [ -6.69455895699997, 31.290688855000042 ], [ -6.694458633999943, 31.290786365000031 ], [ -6.694353138999929, 31.290879802000063 ], [ -6.694242695999947, 31.290968968000072 ], [ -6.694127543999969, 31.291053670000053 ], [ -6.693615847999979, 31.291373264000072 ], [ -6.693107052999949, 31.291696221000052 ], [ -6.692421417999981, 31.292135478000034 ], [ -6.691740077999953, 31.292579586000045 ], [ -6.691063080999925, 31.293028516000049 ], [ -6.690390471999933, 31.293482234000066 ], [ -6.689722299999971, 31.293940712000051 ], [ -6.689058608999972, 31.294403916000078 ], [ -6.688399444999959, 31.294871815000079 ], [ -6.687744854999949, 31.29534437500007 ], [ -6.687094882999929, 31.295821566000029 ], [ -6.686449573999937, 31.296303353000042 ], [ -6.685808972999951, 31.296789703000059 ], [ -6.685173123999959, 31.297280583000031 ], [ -6.685085153999978, 31.297853257000043 ], [ -6.685003778999942, 31.29842663900007 ], [ -6.684929004999958, 31.299000673000023 ], [ -6.684860840999931, 31.299575305000076 ], [ -6.684799293999959, 31.300150478000035 ], [ -6.68474436799994, 31.300726136000037 ], [ -6.684696069999973, 31.301302225000029 ], [ -6.684654403999957, 31.301878688000045 ], [ -6.684619372999975, 31.302455470000041 ], [ -6.684590981999975, 31.303032515000041 ], [ -6.68456923399998, 31.303609767000069 ], [ -6.684646548999979, 31.303883355000039 ], [ -6.684717046999936, 31.304158283000049 ], [ -6.684780695999962, 31.304434428000036 ], [ -6.684837465999976, 31.30471166500007 ], [ -6.684887332999949, 31.304989868000064 ], [ -6.684930272999964, 31.305268913000077 ], [ -6.684966267999926, 31.305548673000033 ], [ -6.684995300999958, 31.305829022000069 ], [ -6.685017359999961, 31.30610983400004 ], [ -6.685032432999947, 31.306390982000039 ], [ -6.685040514999969, 31.306672339000045 ], [ -6.685041601999956, 31.306953779000025 ], [ -6.685035692999975, 31.307235174000027 ], [ -6.685022790999938, 31.307516398000075 ], [ -6.685002900999962, 31.307797323000045 ], [ -6.684976032999941, 31.308077823000076 ], [ -6.684942199999966, 31.308357772000079 ], [ -6.684901414999956, 31.308637042000043 ], [ -6.684853697999927, 31.30891550900003 ], [ -6.684873343999925, 31.309128128000054 ], [ -6.684886392999942, 31.309341116000041 ], [ -6.684892833999925, 31.309554325000079 ], [ -6.684892662999971, 31.309767604000058 ], [ -6.684885880999957, 31.309980804000077 ], [ -6.684872489999975, 31.310193775000073 ], [ -6.684852502999945, 31.310406367000041 ], [ -6.684825930999978, 31.310618433000059 ], [ -6.684792793999975, 31.310829822000073 ], [ -6.684753114999978, 31.311040386000059 ], [ -6.684706922999965, 31.311249978000035 ], [ -6.684654247999958, 31.311458452000068 ], [ -6.684595128999945, 31.311665659000028 ], [ -6.684529606999945, 31.311871455000073 ], [ -6.684457727999927, 31.312075697000068 ], [ -6.684379541999931, 31.312278239000079 ], [ -6.684295103999943, 31.312478941000052 ], [ -6.684204472999966, 31.312677661000066 ], [ -6.684107713999936, 31.312874260000058 ], [ -6.684004891999962, 31.313068601000055 ], [ -6.683896082999979, 31.313260546000038 ], [ -6.683781359999955, 31.31344996100006 ], [ -6.683660804999931, 31.313636712000061 ], [ -6.683534502999976, 31.313820670000041 ], [ -6.683399397999949, 31.313986833000058 ], [ -6.683258787999932, 31.314149627000063 ], [ -6.683112789999939, 31.314308921000077 ], [ -6.682961521999971, 31.314464584000063 ], [ -6.682805106999979, 31.314616490000049 ], [ -6.682643673999962, 31.314764514000046 ], [ -6.682477353999957, 31.314908535000029 ], [ -6.682306283999935, 31.315048435000051 ], [ -6.682130602999962, 31.315184101000057 ], [ -6.681950454999935, 31.315315421000037 ], [ -6.681765985999959, 31.315442288000042 ], [ -6.681577348999951, 31.315564598000037 ], [ -6.681384695999952, 31.315682252000045 ], [ -6.681188184999939, 31.315795153000067 ], [ -6.680987976999972, 31.315903209000055 ], [ -6.680784235999965, 31.316006332000029 ], [ -6.680577127999925, 31.316104437000035 ], [ -6.680366821999939, 31.316197445000057 ], [ -6.680153488999963, 31.316285279000056 ], [ -6.679937305999943, 31.316367868000043 ], [ -6.67971844799996, 31.316445144000056 ], [ -6.679497092999952, 31.316517044000079 ], [ -6.679273422999927, 31.316583509000054 ], [ -6.679047620999938, 31.31664448500004 ], [ -6.678819870999973, 31.316699922000055 ], [ -6.678590358999941, 31.316749775000062 ], [ -6.678359272999955, 31.316794003000041 ], [ -6.678126800999962, 31.316832570000031 ], [ -6.67789313399993, 31.316865445000076 ], [ -6.677658462999943, 31.316892600000074 ], [ -6.677422978999971, 31.316914014000076 ], [ -6.677186874999961, 31.316929668000057 ], [ -6.676504547999969, 31.316980468000054 ], [ -6.675821655999925, 31.317025383000043 ], [ -6.675138268999945, 31.317064410000057 ], [ -6.674454454999932, 31.317097544000035 ], [ -6.673770284999932, 31.317124781000075 ], [ -6.673085826999966, 31.317146120000075 ], [ -6.672401152999953, 31.317161557000077 ], [ -6.671716330999971, 31.317171092000024 ], [ -6.67103143199995, 31.317174723000051 ], [ -6.670346523999967, 31.317172451000033 ], [ -6.669661677999954, 31.317164274000049 ], [ -6.668976963999967, 31.317150194000078 ], [ -6.668292449999967, 31.317130213000041 ], [ -6.667608207999933, 31.317104333000032 ], [ -6.666924305999942, 31.317072556000028 ], [ -6.666240813999934, 31.317034885000055 ], [ -6.665557801999967, 31.316991324000071 ], [ -6.664875338999934, 31.31694187800008 ], [ -6.66419349499995, 31.316886551000039 ], [ -6.663848815999927, 31.316878737000025 ], [ -6.663504402999934, 31.31686480500008 ], [ -6.66316040199996, 31.316844761000027 ], [ -6.662816962999955, 31.316818616000035 ], [ -6.662474234999934, 31.316786379000064 ], [ -6.662132363999945, 31.316748064000024 ], [ -6.661791499999936, 31.316703689000065 ], [ -6.661451787999965, 31.316653272000053 ], [ -6.661113375999946, 31.316596836000031 ], [ -6.660776409999926, 31.316534404000038 ], [ -6.660441034999963, 31.316466003000073 ], [ -6.660107395999944, 31.316391663000047 ], [ -6.659775637999928, 31.316311417000065 ], [ -6.659445902999948, 31.316225298000063 ], [ -6.65911833399997, 31.316133344000036 ], [ -6.65879307199998, 31.316035594000027 ], [ -6.658470258999955, 31.315932091000036 ], [ -6.65815003199998, 31.315822879000052 ], [ -6.65783253099994, 31.315708007000069 ], [ -6.657517892999977, 31.315587522000044 ], [ -6.65720625299997, 31.315461477000042 ], [ -6.65689774699996, 31.31532992800004 ], [ -6.656592506999971, 31.315192929000034 ], [ -6.656290664999972, 31.315050541000062 ], [ -6.655992350999952, 31.314902825000047 ], [ -6.655697694999958, 31.314749845000051 ], [ -6.655406823999954, 31.314591666000069 ], [ -6.651665565999963, 31.313158117000057 ], [ -6.651486983999973, 31.313004996000075 ], [ -6.651303968999969, 31.312855745000036 ], [ -6.651116634999937, 31.312710457000037 ], [ -6.650925099999938, 31.312569223000025 ], [ -6.650729484999943, 31.312432132000026 ], [ -6.650529910999978, 31.31229927000004 ], [ -6.650326504999953, 31.31217072100003 ], [ -6.650119393999944, 31.31204656400007 ], [ -6.649908706999952, 31.311926879000055 ], [ -6.649694577999981, 31.311811740000053 ], [ -6.649477139999931, 31.311701219000042 ], [ -6.649256529999946, 31.311595386000079 ], [ -6.649032885999929, 31.311494307000032 ], [ -6.648806348999926, 31.311398046000079 ], [ -6.648295938999979, 31.311135340000078 ], [ -6.647782959999972, 31.310876309000037 ], [ -6.647267450999948, 31.310620973000027 ], [ -6.646749445999944, 31.310369349000041 ], [ -6.646463087999962, 31.31011019400006 ], [ -6.643729957999938, 31.308602354000072 ], [ -6.638663910999981, 31.30446631600006 ], [ -6.636667835999958, 31.302304491000029 ], [ -6.636263877999966, 31.30205391800007 ], [ -6.635855822999929, 31.301808238000035 ], [ -6.635443753999937, 31.301567500000033 ], [ -6.63502774899996, 31.301331753000056 ], [ -6.634607894999931, 31.301101043000074 ], [ -6.63418427299996, 31.300875417000043 ], [ -6.633756968999933, 31.300654917000031 ], [ -6.633326065999938, 31.300439590000053 ], [ -6.632891650999966, 31.300229478000062 ], [ -6.632453809999959, 31.30002462300007 ], [ -6.632012630999952, 31.29982506500005 ], [ -6.631568201999926, 31.299630846000071 ], [ -6.631120609999925, 31.299442001000045 ], [ -6.630669943999976, 31.299258571000053 ], [ -6.630216295999958, 31.299080590000074 ], [ -6.629759752999973, 31.298908096000048 ], [ -6.629300408999939, 31.298741121000035 ], [ -6.628838353999981, 31.298579699000072 ], [ -6.628373678999935, 31.298423863000039 ], [ -6.627906477999943, 31.298273644000062 ], [ -6.627436843999931, 31.298129070000073 ], [ -6.626964868999949, 31.297990172000027 ], [ -6.626490647999958, 31.297856977000038 ], [ -6.626014275999978, 31.297729511000057 ], [ -6.625535845999934, 31.297607800000037 ], [ -6.625055454999938, 31.297491867000076 ], [ -6.624573196999961, 31.297381737000023 ], [ -6.624089168999944, 31.297277431000055 ], [ -6.623603467999942, 31.297178970000061 ], [ -6.623116188999973, 31.29708637300007 ], [ -6.622627429999966, 31.296999659000051 ], [ -6.622137288999966, 31.29691884500005 ], [ -6.621855369999935, 31.296898204000058 ], [ -6.621572928999967, 31.296883679000075 ], [ -6.621290146999968, 31.296875281000041 ], [ -6.62100720799998, 31.296873014000028 ], [ -6.620724291999977, 31.29687688000007 ], [ -6.620441581999955, 31.296886877000077 ], [ -6.62015925999998, 31.296902997000075 ], [ -6.619877505999966, 31.296925232000035 ], [ -6.619596503999958, 31.296953565000024 ], [ -6.619316433999927, 31.296987981000029 ], [ -6.619037473999981, 31.297028454000042 ], [ -6.618759805999957, 31.297074961000078 ], [ -6.618483607999963, 31.297127471000067 ], [ -6.618209056999945, 31.297185950000028 ], [ -6.617936330999953, 31.297250360000078 ], [ -6.617665603999967, 31.297320660000025 ], [ -6.617397050999955, 31.297396806000052 ], [ -6.617130843999973, 31.297478747000071 ], [ -6.616867155999955, 31.297566431000064 ], [ -6.616606154999943, 31.297659800000076 ], [ -6.616348009999967, 31.297758800000054 ], [ -6.616092885999933, 31.297863360000065 ], [ -6.61584094899996, 31.297973417000037 ], [ -6.615592358999947, 31.298088897000071 ], [ -6.615347276999955, 31.298209728000074 ], [ -6.614751684999931, 31.298488360000079 ], [ -6.614152779999927, 31.298761756000033 ], [ -6.613550622999981, 31.299029888000064 ], [ -6.612945279999963, 31.299292726000033 ], [ -6.612336812999956, 31.299550245000034 ], [ -6.611725286999956, 31.299802416000034 ], [ -6.611110765999967, 31.300049213000079 ], [ -6.610493313999939, 31.300290610000047 ], [ -6.609872995999979, 31.300526582000032 ], [ -6.609249878999947, 31.30075710400007 ], [ -6.608624025999973, 31.300982152000074 ], [ -6.607995504999963, 31.301201702000071 ], [ -6.607364380999968, 31.301415731000077 ], [ -6.606730720999963, 31.30162421700004 ], [ -6.606094591999977, 31.301827137000032 ], [ -6.605838380999955, 31.301861424000037 ], [ -6.605583359999969, 31.301901672000042 ], [ -6.60532971899994, 31.301947848000054 ], [ -6.605077646999973, 31.301999921000061 ], [ -6.604827330999967, 31.30205785000004 ], [ -6.60457895899998, 31.302121592000049 ], [ -6.604332713999952, 31.302191101000062 ], [ -6.604088779999927, 31.302266324000072 ], [ -6.603847338999969, 31.302347205000046 ], [ -6.603608569999949, 31.30243368400005 ], [ -6.603372650999972, 31.302525697000078 ], [ -6.603139757999941, 31.302623175000065 ], [ -6.602910064999946, 31.302726046000032 ], [ -6.602683740999964, 31.302834232000066 ], [ -6.602460955999959, 31.302947654000036 ], [ -6.602241875999937, 31.303066227000045 ], [ -6.601315393999926, 31.304303976000028 ], [ -6.60523094499996, 31.30827688100004 ], [ -6.619077628999946, 31.321094500000072 ], [ -6.631599134999931, 31.334281962000034 ], [ -6.644432003999952, 31.344218811000076 ], [ -6.653350908999926, 31.345830532000036 ], [ -6.671268161999933, 31.348845936000032 ], [ -6.688200707999954, 31.346242551000046 ], [ -6.716042993999963, 31.346524464000026 ], [ -6.723447917999977, 31.347655254000074 ], [ -6.730873431999953, 31.35018324300006 ], [ -6.740800129999968, 31.360927479000054 ], [ -6.733793757999933, 31.363028919000044 ], [ -6.740788609999981, 31.36414725700007 ], [ -6.739183823999952, 31.382913148000057 ], [ -6.73902757999997, 31.383786391000058 ], [ -6.738259749999941, 31.388077219000024 ], [ -6.737335594999934, 31.393241254000031 ], [ -6.738126555999941, 31.404034314000057 ], [ -6.738314069999944, 31.406592508000074 ], [ -6.739558127999942, 31.409790232000034 ], [ -6.742591700999981, 31.412892635000048 ], [ -6.745581280999943, 31.414495016000046 ], [ -6.746089106999932, 31.414767482000059 ], [ -6.752707834999967, 31.423661208000055 ], [ -6.756280531999948, 31.428059592000068 ], [ -6.756081097999981, 31.43142619200006 ], [ -6.756449721999957, 31.433712754000055 ], [ -6.756847247999929, 31.439119661000063 ], [ -6.756870418999938, 31.439434752000068 ], [ -6.758509755999967, 31.442924072000039 ], [ -6.76348984699996, 31.448059660000069 ], [ -6.759884964999969, 31.451231789000076 ], [ -6.756980117999944, 31.454694294000035 ], [ -6.751321200999939, 31.46012603500003 ], [ -6.731811716999971, 31.490216683000028 ], [ -6.727710564999938, 31.493264662000058 ], [ -6.71244638099995, 31.493216505000078 ], [ -6.687347276999958, 31.493119535000062 ], [ -6.653801680999948, 31.492981858000064 ], [ -6.653238216999966, 31.493011557000045 ], [ -6.649290323999935, 31.496591414000079 ], [ -6.642244980999976, 31.502978944000063 ], [ -6.631356995999965, 31.505093862000024 ], [ -6.62524250499996, 31.50601455900005 ], [ -6.610619032999978, 31.504659231000062 ], [ -6.609516758999973, 31.504556998000055 ], [ -6.600145680999958, 31.503687432000049 ], [ -6.599724228999946, 31.504131442000073 ], [ -6.598525162999977, 31.505394667000076 ], [ -6.595741319999945, 31.508327246000079 ], [ -6.593099215999928, 31.511110301000031 ], [ -6.592854389999957, 31.511368180000034 ], [ -6.591126130999953, 31.513204140000028 ], [ -6.590360684999951, 31.513547489000075 ], [ -6.583103963999974, 31.516293150000024 ], [ -6.58095035499997, 31.517107883000051 ], [ -6.579295434999949, 31.517733903000078 ], [ -6.577141258999973, 31.518548754000051 ], [ -6.574199785999951, 31.519661324000026 ], [ -6.571372119999978, 31.520730761000038 ], [ -6.570289658999968, 31.521140122000077 ], [ -6.56202178999996, 31.524266448000049 ], [ -6.558893607999948, 31.525449098000024 ], [ -6.558405782999955, 31.525669196000024 ], [ -6.558077798999932, 31.525817159000042 ], [ -6.548519391999946, 31.530128791000038 ], [ -6.543777314999943, 31.532267439000066 ], [ -6.541691449999973, 31.53320805900006 ], [ -6.524974802999964, 31.540744442000062 ], [ -6.521846259999961, 31.542154498000059 ], [ -6.516839752999942, 31.544410681000045 ], [ -6.511853828999961, 31.546657295000045 ], [ -6.510429793999947, 31.547297590000028 ], [ -6.502656858999956, 31.550792075000061 ], [ -6.498154688999932, 31.552815767000027 ], [ -6.49628394299998, 31.553626842000028 ], [ -6.48611137499995, 31.554358440000044 ], [ -6.47899941999998, 31.554862092000064 ], [ -6.476132825999969, 31.555064936000065 ], [ -6.465036515999941, 31.555849264000074 ], [ -6.463147237999976, 31.555982675000052 ], [ -6.462455107999972, 31.556031535000045 ], [ -6.461390842999947, 31.556106674000034 ], [ -6.460534852999956, 31.556167088000052 ], [ -6.45329834599994, 31.550402749000057 ], [ -6.440429575999929, 31.540240459000074 ], [ -6.439782487999935, 31.53973267300006 ], [ -6.434504063999952, 31.533671118000029 ], [ -6.425787721999939, 31.523659314000042 ], [ -6.418574065999962, 31.517434869000056 ], [ -6.415155525999978, 31.514439673000027 ], [ -6.405154772999936, 31.506918341000073 ] ] ] } },
{ "type": "Feature", "properties": { "ADM4_FR": "Iznaguen", "ADM4_AR": "ازناكن", "ADM4_PCODE": "MA00300140103052", "ADM4_REF": null, "ADM3_FR": "Iznaguen", "ADM3_AR": "ازناكن", "ADM3_PCODE": "MA0030014010305", "ADM2_FR": "Ouarzazate", "ADM2_AR": "ورزازات", "ADM2_PCODE": "MA003001", "ADM1_FR": "Drâa-Tafilalet", "ADM1_AR": "درعة - تافيلالت", "ADM1_PCODE": "MA003", "ADM0_EN": "Morocco", "ADM0_FR": "Moroc (le)", "ADM0_AR": "المغرب", "ADM0_PCODE": "MA", "date": "2023-09-15", "validOn": "2023-09-25", "validTo": null, "Shape_Leng": 1.44955809516, "Shape_Area": 0.107529270242, "AREA_SQKM": 1145.98376947, "Cases": 2 }, "geometry": { "type": "Polygon", "coordinates": [ [ [ -7.454310720999956, 30.536396955000043 ], [ -7.452325984999959, 30.533454023000047 ], [ -7.449290726999948, 30.529111145000059 ], [ -7.445470747999934, 30.523574144000065 ], [ -7.440355524999973, 30.516180896000037 ], [ -7.435971201999962, 30.509891411000069 ], [ -7.432508399999961, 30.504864695000037 ], [ -7.428717816999949, 30.49945228200005 ], [ -7.427519255999925, 30.49759294100005 ], [ -7.424621168999977, 30.49707879500005 ], [ -7.421059164999974, 30.496432570000024 ], [ -7.416270285999929, 30.495606467000073 ], [ -7.412675373999946, 30.494960584000069 ], [ -7.406813543999931, 30.493932545000064 ], [ -7.403064341999936, 30.493279420000079 ], [ -7.396595182999931, 30.49217513800005 ], [ -7.392270326999949, 30.491388101000041 ], [ -7.386718997999935, 30.490430316000072 ], [ -7.380935688999955, 30.489437916000043 ], [ -7.38023377899998, 30.488679119000039 ], [ -7.377528152999957, 30.485754048000047 ], [ -7.373692475999974, 30.481619187000035 ], [ -7.37045130499996, 30.47811441500005 ], [ -7.369755338999937, 30.477361820000056 ], [ -7.367544891999955, 30.474993787000074 ], [ -7.36452339899995, 30.471789836000028 ], [ -7.361593389999939, 30.468641175000073 ], [ -7.36009467599996, 30.467042971000069 ], [ -7.358338167999932, 30.46507998800007 ], [ -7.356846419999954, 30.463577805000057 ], [ -7.354591592999952, 30.461163768000063 ], [ -7.35399281499997, 30.460529518000044 ], [ -7.352774372999932, 30.459267283000031 ], [ -7.350591922999968, 30.456921205000071 ], [ -7.347627388999967, 30.453841247000071 ], [ -7.346006050999961, 30.452261802000066 ], [ -7.341274001999977, 30.447601269000074 ], [ -7.341117181999948, 30.447863804000065 ], [ -7.340963543999976, 30.448240444000078 ], [ -7.340679032999958, 30.448611723000056 ], [ -7.340185863999977, 30.44871954000007 ], [ -7.339756510999962, 30.448756273000072 ], [ -7.339233718999935, 30.448848157000043 ], [ -7.33898843399993, 30.449042917000043 ], [ -7.338784862999944, 30.449338365000074 ], [ -7.338642639999932, 30.449605979000069 ], [ -7.338503205999928, 30.449843753000039 ], [ -7.338338637999925, 30.450192212000047 ], [ -7.338146035999955, 30.450517317000049 ], [ -7.337876404999975, 30.450781017000054 ], [ -7.337638231999961, 30.451068060000068 ], [ -7.337466433999964, 30.451401745000055 ], [ -7.337444726999934, 30.451673397000036 ], [ -7.337612867999951, 30.451971814000046 ], [ -7.337723682999979, 30.452405283000076 ], [ -7.33775916899998, 30.452777381000033 ], [ -7.337727043999962, 30.453284714000063 ], [ -7.337736737999933, 30.453576729000076 ], [ -7.337665349999952, 30.453938608000044 ], [ -7.337522988999979, 30.454200275000062 ], [ -7.33729722299995, 30.454585502000043 ], [ -7.336983954999937, 30.455061601000068 ], [ -7.336788223999974, 30.455401627000072 ], [ -7.336709438999947, 30.455739779000055 ], [ -7.336650307999946, 30.455999517000066 ], [ -7.336556753999957, 30.456451795000078 ], [ -7.336379097999952, 30.456833863000043 ], [ -7.335978676999957, 30.457033495000076 ], [ -7.33567398799994, 30.45746054600005 ], [ -7.335437075999948, 30.457798323000077 ], [ -7.335143315999971, 30.458079230000067 ], [ -7.334748089999948, 30.458183968000071 ], [ -7.334416186999931, 30.458272765000061 ], [ -7.33400710199993, 30.458455236000077 ], [ -7.333673261999934, 30.458614129000068 ], [ -7.333489267999937, 30.458861548000073 ], [ -7.333699678999949, 30.459205869000073 ], [ -7.333777422999958, 30.459542627000076 ], [ -7.333536969999955, 30.459804355000074 ], [ -7.333221195999954, 30.459924215000058 ], [ -7.332983704999947, 30.460123305000025 ], [ -7.332775462999962, 30.460524654000039 ], [ -7.332460847999926, 30.460979870000074 ], [ -7.332262745999969, 30.461211131000027 ], [ -7.332015670999965, 30.461405892000073 ], [ -7.331653873999926, 30.461706844000048 ], [ -7.331360450999966, 30.462067810000065 ], [ -7.33117688599998, 30.462495584000067 ], [ -7.330997263999961, 30.462868154000034 ], [ -7.330823603999931, 30.463276404000055 ], [ -7.330556031999947, 30.463559439000051 ], [ -7.330219726999928, 30.463685571000042 ], [ -7.329925827999944, 30.463782695000077 ], [ -7.329500085999939, 30.463990754000065 ], [ -7.329317342999957, 30.464378269000065 ], [ -7.329428224999958, 30.464655268000058 ], [ -7.329677422999964, 30.464882311000054 ], [ -7.329800408999972, 30.465162072000055 ], [ -7.329742022999937, 30.465490954000074 ], [ -7.329603622999969, 30.465777882000054 ], [ -7.329281434999928, 30.466082681000046 ], [ -7.328990567999938, 30.466321355000048 ], [ -7.328881058999968, 30.466592929000058 ], [ -7.328711909999981, 30.466890782000064 ], [ -7.328366968999944, 30.46709753500005 ], [ -7.327948837999941, 30.467301009000039 ], [ -7.327557467999952, 30.467589001000078 ], [ -7.327178212999968, 30.467759054000055 ], [ -7.326765532999957, 30.467774593000058 ], [ -7.326313126999935, 30.467783330000032 ], [ -7.325758696999969, 30.467929327000036 ], [ -7.324188956999933, 30.467833649000056 ], [ -7.320165649999979, 30.46754487000004 ], [ -7.317444905999935, 30.467395027000066 ], [ -7.315682142999947, 30.467237060000059 ], [ -7.313854100999947, 30.467115843000045 ], [ -7.31307701399993, 30.467085251000071 ], [ -7.310810163999975, 30.466913758000032 ], [ -7.308840679999946, 30.466744609000045 ], [ -7.306483156999946, 30.466581606000034 ], [ -7.303397920999942, 30.466379988000028 ], [ -7.300858318999929, 30.466198299000041 ], [ -7.296680455999933, 30.465884925000069 ], [ -7.293363360999933, 30.465650885000059 ], [ -7.288160192999953, 30.465281812000057 ], [ -7.285722531999966, 30.465057498000078 ], [ -7.284006111999929, 30.464929002000076 ], [ -7.281343688999925, 30.464738154000031 ], [ -7.275509993999947, 30.46555654000008 ], [ -7.269005300999936, 30.466552055000079 ], [ -7.261022812999954, 30.467698364000057 ], [ -7.259891228999948, 30.467874768000058 ], [ -7.25969883199997, 30.467332383000041 ], [ -7.258755362999977, 30.465301815000032 ], [ -7.256812967999963, 30.46121760300008 ], [ -7.256423557999938, 30.460353090000069 ], [ -7.251689743999975, 30.450567231000036 ], [ -7.251307295999936, 30.446947941000076 ], [ -7.250553267999976, 30.440233871000032 ], [ -7.249854676999973, 30.434534681000059 ], [ -7.247975672999928, 30.430181233000042 ], [ -7.245461778999982, 30.424057081000058 ], [ -7.242923722999933, 30.417809262000048 ], [ -7.240962868999929, 30.413317557000028 ], [ -7.234920794999937, 30.413438269000039 ], [ -7.228372314999945, 30.413461589000065 ], [ -7.227602263999927, 30.413482843000054 ], [ -7.226688019999926, 30.413449015000026 ], [ -7.22520106199994, 30.413395255000069 ], [ -7.219809218999956, 30.413467318000073 ], [ -7.217882295999971, 30.413429673000053 ], [ -7.20915101199995, 30.413905672000055 ], [ -7.207987800999945, 30.413918791000071 ], [ -7.207430783999939, 30.413927155000067 ], [ -7.207120362999945, 30.413884111000073 ], [ -7.204700333999938, 30.413612757000067 ], [ -7.203771779999954, 30.413412019000077 ], [ -7.202427807999925, 30.41327000800004 ], [ -7.195950830999948, 30.41278525000007 ], [ -7.19630319099997, 30.412516457000038 ], [ -7.196840084999963, 30.411840695000024 ], [ -7.197270240999956, 30.411333450000029 ], [ -7.197752621999939, 30.410682318000056 ], [ -7.197938034999936, 30.410321790000069 ], [ -7.198550792999981, 30.409310981000033 ], [ -7.199081956999976, 30.408349095000062 ], [ -7.199612678999927, 30.407363360000033 ], [ -7.200199789999942, 30.406448293000039 ], [ -7.200835254999959, 30.405198674000076 ], [ -7.201203224999972, 30.404334585000072 ], [ -7.201516178999952, 30.403471355000079 ], [ -7.201532290999978, 30.402898736000054 ], [ -7.201440783999942, 30.402446980000036 ], [ -7.201269101999969, 30.402115644000048 ], [ -7.201036223999949, 30.40147520000005 ], [ -7.20080668199995, 30.401001662000056 ], [ -7.200516471999947, 30.400242862000027 ], [ -7.200342889999945, 30.399816150000049 ], [ -7.200208951999969, 30.39889891200005 ], [ -7.201038341999947, 30.396094971000025 ], [ -7.202308116999973, 30.39189052100005 ], [ -7.202756588999932, 30.390374178000059 ], [ -7.203703189999942, 30.387346371000035 ], [ -7.208185409999942, 30.388863680000043 ], [ -7.209137876999932, 30.389198687000032 ], [ -7.209170050999944, 30.388748462000024 ], [ -7.20927398699996, 30.388374857000031 ], [ -7.209498415999974, 30.387848918000032 ], [ -7.209992407999948, 30.386539617000039 ], [ -7.210155229999941, 30.386222388000078 ], [ -7.210303253999939, 30.385991183000044 ], [ -7.210492150999926, 30.385635988000047 ], [ -7.210271924999972, 30.385353126000041 ], [ -7.209865785999966, 30.38516069700006 ], [ -7.21004596299997, 30.384886110000025 ], [ -7.210352776999969, 30.384752701000025 ], [ -7.210782017999975, 30.384553078000067 ], [ -7.211172774999966, 30.384286063000047 ], [ -7.21140926399994, 30.384002308000049 ], [ -7.211409843999945, 30.38365824300007 ], [ -7.211125437999954, 30.383363834000079 ], [ -7.211042672999952, 30.382939375000035 ], [ -7.211171266999941, 30.382579102000079 ], [ -7.211296464999975, 30.382220086000075 ], [ -7.211424205999947, 30.381799622000074 ], [ -7.211502579999944, 30.381387063000034 ], [ -7.211436526999933, 30.380973097000037 ], [ -7.211236668999959, 30.380675595000071 ], [ -7.211265657999945, 30.379513737000025 ], [ -7.212172267999961, 30.373967226000048 ], [ -7.212116598999955, 30.37256102300006 ], [ -7.212313654999946, 30.371413328000074 ], [ -7.212722717999952, 30.369180326000048 ], [ -7.213037440999926, 30.365669861000072 ], [ -7.213312640999959, 30.362935084000071 ], [ -7.213527031999945, 30.359223455000063 ], [ -7.213603444999933, 30.356861321000054 ], [ -7.213741246999973, 30.354820237000069 ], [ -7.213820724999948, 30.353891887000032 ], [ -7.213964080999972, 30.352217403000054 ], [ -7.214148008999928, 30.349734448000049 ], [ -7.214174429999957, 30.348994747000063 ], [ -7.214341634999926, 30.345610414000078 ], [ -7.222799644999952, 30.338282647000028 ], [ -7.226623840999935, 30.334535995000067 ], [ -7.228237182999976, 30.332955235000043 ], [ -7.231264127999964, 30.32998922400003 ], [ -7.235361556999976, 30.324924940000074 ], [ -7.238219925999942, 30.321391685000037 ], [ -7.24169494299997, 30.319323301000054 ], [ -7.242772767999952, 30.31850233800003 ], [ -7.243218480999928, 30.318116930000031 ], [ -7.243832039999972, 30.31753819000005 ], [ -7.244623857999954, 30.316601946000048 ], [ -7.245543863999956, 30.315550463000079 ], [ -7.245979943999941, 30.315031052000052 ], [ -7.246612070999959, 30.314353605000065 ], [ -7.24701547199993, 30.313918165000075 ], [ -7.247343928999953, 30.313513661000059 ], [ -7.247610209999948, 30.313092249000078 ], [ -7.248003178999966, 30.312484037000047 ], [ -7.248235426999941, 30.312097619000042 ], [ -7.248442715999943, 30.31179761900006 ], [ -7.248684386999969, 30.311519675000056 ], [ -7.248886220999964, 30.311307911000029 ], [ -7.249418873999957, 30.310644538000076 ], [ -7.249730724999949, 30.310273822000056 ], [ -7.249999353999954, 30.309961297000029 ], [ -7.250292932999969, 30.309700402000033 ], [ -7.250618767999981, 30.309337668000069 ], [ -7.250805757999956, 30.309072491000052 ], [ -7.250978635999957, 30.308789618000048 ], [ -7.251124971999957, 30.308554857000047 ], [ -7.251400387999979, 30.308246560000043 ], [ -7.252785537999955, 30.30676456100008 ], [ -7.253519271999949, 30.306019952000042 ], [ -7.253574607999951, 30.305703117000064 ], [ -7.253685513999926, 30.304407688000026 ], [ -7.253623497999968, 30.303728985000078 ], [ -7.253403572999957, 30.302718865000031 ], [ -7.253312478999931, 30.302296968000064 ], [ -7.253176500999928, 30.302030782000031 ], [ -7.252799168999957, 30.301386767000054 ], [ -7.252465494999967, 30.300861288000078 ], [ -7.251899685999945, 30.300071133000074 ], [ -7.251203234999934, 30.299277011000072 ], [ -7.250725108999973, 30.298741826000025 ], [ -7.250076661999969, 30.297940980000078 ], [ -7.249703264999937, 30.297487687000057 ], [ -7.249311722999948, 30.297153884000068 ], [ -7.248817130999953, 30.296821661000024 ], [ -7.248344507999946, 30.296554700000058 ], [ -7.247566631999973, 30.296143356000073 ], [ -7.246596964999981, 30.295758802000023 ], [ -7.245320668999966, 30.295332439000049 ], [ -7.244280602999936, 30.295031227000038 ], [ -7.243820024999934, 30.294934083000044 ], [ -7.243196973999943, 30.294785542000056 ], [ -7.242416894999963, 30.294600767000077 ], [ -7.241672836999953, 30.294498864000047 ], [ -7.241204366999966, 30.294434530000046 ], [ -7.240184848999945, 30.294301062000045 ], [ -7.239530228999968, 30.294203795000044 ], [ -7.238798460999931, 30.294030143000043 ], [ -7.238225498999952, 30.293895847000044 ], [ -7.237453613999946, 30.293776476000062 ], [ -7.236522569999977, 30.293599912000047 ], [ -7.236135806999926, 30.293498500000055 ], [ -7.235749889999965, 30.293438827000045 ], [ -7.235307532999968, 30.293308469000067 ], [ -7.234775830999979, 30.293173490000072 ], [ -7.234200167999973, 30.293074963000038 ], [ -7.233782720999955, 30.29298592400005 ], [ -7.23344994699994, 30.292836021000028 ], [ -7.233103750999931, 30.292704149000031 ], [ -7.232772426999929, 30.292625767000061 ], [ -7.231918501999928, 30.292525479000062 ], [ -7.231230140999969, 30.292458458000056 ], [ -7.230478783999956, 30.292332805000058 ], [ -7.230127194999966, 30.292272554000078 ], [ -7.229797560999941, 30.292277571000056 ], [ -7.229496076999965, 30.292317933000049 ], [ -7.229060668999978, 30.292360331000054 ], [ -7.228727946999925, 30.292383296000025 ], [ -7.228211445999932, 30.292319606000035 ], [ -7.228186877999974, 30.291783419000069 ], [ -7.228131949999977, 30.291104604000054 ], [ -7.228101337999931, 30.290610226000069 ], [ -7.228107024999929, 30.290040798000064 ], [ -7.228103191999935, 30.289680174000068 ], [ -7.228165571999966, 30.289369231000023 ], [ -7.228201125999931, 30.289088485000036 ], [ -7.228244048999954, 30.288831478000077 ], [ -7.228285484999958, 30.28850294700004 ], [ -7.228300697999941, 30.288234438000075 ], [ -7.228311170999973, 30.28791026600004 ], [ -7.228410120999968, 30.287529277000033 ], [ -7.228625188999956, 30.286953674000074 ], [ -7.228832520999958, 30.286336474000052 ], [ -7.229065200999969, 30.285611532000075 ], [ -7.22925338999994, 30.285066168000071 ], [ -7.229396776999977, 30.284682449000059 ], [ -7.229574597999942, 30.284304144000032 ], [ -7.229720508999947, 30.284045571000036 ], [ -7.23002710399993, 30.283581837000042 ], [ -7.230481697999949, 30.282960873000036 ], [ -7.230775275999974, 30.282533109000042 ], [ -7.230962022999961, 30.282256006000068 ], [ -7.231275378999953, 30.281786225000076 ], [ -7.231650153999965, 30.281297635000044 ], [ -7.23198496599997, 30.280869241000062 ], [ -7.232320097999946, 30.280458748000058 ], [ -7.232638932999976, 30.28009021500003 ], [ -7.233016413999962, 30.279565774000048 ], [ -7.233263608999948, 30.27922218100008 ], [ -7.233591639999929, 30.278799868000078 ], [ -7.233832223999968, 30.278468300000043 ], [ -7.234152392999931, 30.27799840800003 ], [ -7.234426445999929, 30.277624610000032 ], [ -7.234673871999973, 30.277292936000038 ], [ -7.235130190999939, 30.276761341000054 ], [ -7.235736854999971, 30.276191678000032 ], [ -7.236213095999972, 30.275797900000043 ], [ -7.237035060999972, 30.275176230000056 ], [ -7.238076048999972, 30.274349542000039 ], [ -7.238716851999925, 30.273773361000053 ], [ -7.238965417999964, 30.273498312000072 ], [ -7.239193971999953, 30.273253360000069 ], [ -7.239530452999929, 30.27291137800006 ], [ -7.240062402999968, 30.272047721000035 ], [ -7.240473809999969, 30.271337969000058 ], [ -7.240971226999932, 30.270465904000048 ], [ -7.241405360999977, 30.269523261000074 ], [ -7.241636509999978, 30.268899699000031 ], [ -7.241878863999943, 30.268490603000032 ], [ -7.242099497999959, 30.268195099000025 ], [ -7.242344809999963, 30.267762068000025 ], [ -7.242594942999972, 30.267227664000075 ], [ -7.243282079999972, 30.265893622000078 ], [ -7.243506799999977, 30.265460941000072 ], [ -7.243922323999925, 30.264619951000043 ], [ -7.24443243199994, 30.263699984000027 ], [ -7.244703486999981, 30.263183126000058 ], [ -7.245183596999937, 30.262478250000072 ], [ -7.245732116999932, 30.261760360000039 ], [ -7.245995977999939, 30.261259456000062 ], [ -7.247103979999963, 30.260249325000075 ], [ -7.250294962999931, 30.25825928200004 ], [ -7.257841500999973, 30.253552273000025 ], [ -7.267103746999965, 30.248118188000035 ], [ -7.271708377999971, 30.244652415000076 ], [ -7.273576427999956, 30.243246254000042 ], [ -7.275964347999945, 30.241448680000076 ], [ -7.278486373999954, 30.236510666000072 ], [ -7.27961488699998, 30.226617438000062 ], [ -7.280914095999947, 30.225074973000062 ], [ -7.281834278999952, 30.223982440000043 ], [ -7.283781405999946, 30.221670523000057 ], [ -7.283160103999933, 30.219197635000057 ], [ -7.283095322999941, 30.214443540000048 ], [ -7.341407652999976, 30.199626967000029 ], [ -7.343576252999981, 30.200896054000054 ], [ -7.347444211999971, 30.20076186700004 ], [ -7.352517827999975, 30.199248726000064 ], [ -7.35690830599998, 30.196458843000073 ], [ -7.363047502999962, 30.191691221000042 ], [ -7.363305974999946, 30.191490475000023 ], [ -7.36567557199993, 30.190749033000031 ], [ -7.372517161999951, 30.190829178000058 ], [ -7.407151657999975, 30.191228924000029 ], [ -7.409248370999933, 30.190776258000028 ], [ -7.411951786999964, 30.190285638000034 ], [ -7.413335392999954, 30.191364015000033 ], [ -7.415333974999953, 30.192360638000025 ], [ -7.41673095699997, 30.192966752000075 ], [ -7.418581314999926, 30.193221807000043 ], [ -7.42135116999998, 30.193346922000046 ], [ -7.423190050999949, 30.193087046000073 ], [ -7.425684937999961, 30.192701601000067 ], [ -7.427881337999963, 30.192493807000062 ], [ -7.429366530999971, 30.192353284000035 ], [ -7.433700200999965, 30.191707708000024 ], [ -7.440778884999929, 30.190440849000026 ], [ -7.443311321999943, 30.19137289400004 ], [ -7.44527936999998, 30.192238635000024 ], [ -7.447570020999933, 30.193246220000049 ], [ -7.452894256999969, 30.195616249000068 ], [ -7.455284639999945, 30.19643386000007 ], [ -7.458126986999957, 30.196843031000071 ], [ -7.461090642999977, 30.196792214000027 ], [ -7.465638829999932, 30.196885781000049 ], [ -7.467349876999947, 30.196799125000041 ], [ -7.467649648999952, 30.196888028000046 ], [ -7.468809248999946, 30.197231835000025 ], [ -7.471276126999953, 30.198505652000051 ], [ -7.472042625999961, 30.199001367000051 ], [ -7.475154964999945, 30.201014116000067 ], [ -7.479555665999953, 30.203284506000045 ], [ -7.482481277999966, 30.204435720000049 ], [ -7.482934216999979, 30.204533493000042 ], [ -7.486653152999963, 30.205336267000064 ], [ -7.492544196999972, 30.206492881000031 ], [ -7.496373722999977, 30.20682673500005 ], [ -7.498243134999939, 30.206987734000052 ], [ -7.502788696999971, 30.207379115000037 ], [ -7.506871693999926, 30.207730501000071 ], [ -7.511427135999952, 30.208108365000044 ], [ -7.515987964999965, 30.208714920000034 ], [ -7.517951916999948, 30.209264007000058 ], [ -7.519827397999961, 30.213031003000026 ], [ -7.52143042199998, 30.215036445000067 ], [ -7.521641612999929, 30.21530062800008 ], [ -7.52291646599997, 30.216895452000074 ], [ -7.525726420999945, 30.218357241000035 ], [ -7.53099504599993, 30.221097796000038 ], [ -7.535060040999952, 30.223211972000058 ], [ -7.544101785999942, 30.227318387000025 ], [ -7.548776772999929, 30.229441166000072 ], [ -7.550323329999969, 30.228490439000041 ], [ -7.554918016999977, 30.227692691000073 ], [ -7.556220270999972, 30.227025444000049 ], [ -7.557529363999947, 30.226644247000024 ], [ -7.55950235399996, 30.226465708000035 ], [ -7.560557578999976, 30.225802851000026 ], [ -7.561942120999959, 30.225134060000073 ], [ -7.564163836999967, 30.22502251700007 ], [ -7.565354623999951, 30.223140989000058 ], [ -7.566117063999968, 30.222450800000047 ], [ -7.566402885999935, 30.222192058000076 ], [ -7.567941806999954, 30.221091135000052 ], [ -7.569255901999952, 30.220924358000048 ], [ -7.570981691999975, 30.22075009200006 ], [ -7.571199613999966, 30.219529933000047 ], [ -7.57134104499994, 30.219134168000039 ], [ -7.571585606999975, 30.218449830000054 ], [ -7.571825750999949, 30.218159341000046 ], [ -7.57248448699994, 30.218147431000034 ], [ -7.572722952999925, 30.217785383000034 ], [ -7.573887307999939, 30.217628760000025 ], [ -7.573713796999925, 30.223149253000031 ], [ -7.575261459999979, 30.236106943000038 ], [ -7.572436095999933, 30.242282577000026 ], [ -7.569969664999974, 30.247258825000074 ], [ -7.572703704999981, 30.258179466000058 ], [ -7.576239382999972, 30.268131717000074 ], [ -7.581481174999965, 30.280437830000039 ], [ -7.585064706999958, 30.292297032000079 ], [ -7.587429264999969, 30.29917019800007 ], [ -7.592616636999935, 30.309092275000069 ], [ -7.595981149999943, 30.313940799000079 ], [ -7.597421883999971, 30.317917352000052 ], [ -7.598346000999925, 30.319896295000035 ], [ -7.60120299099998, 30.326013811000053 ], [ -7.615758207999932, 30.378465608000056 ], [ -7.617315819999931, 30.382784178000065 ], [ -7.619169605999957, 30.387923325000031 ], [ -7.620106059999955, 30.392499145000045 ], [ -7.621647741999936, 30.400031354000077 ], [ -7.626123883999981, 30.414468759000044 ], [ -7.619616520999955, 30.431980691000035 ], [ -7.617915482999933, 30.43946038100006 ], [ -7.611591507999947, 30.461102677000042 ], [ -7.611187163999944, 30.462546506000024 ], [ -7.610846322999976, 30.463763545000063 ], [ -7.610533092999958, 30.464881847000072 ], [ -7.611656580999977, 30.465942706000078 ], [ -7.621098103999941, 30.474856504000059 ], [ -7.625779533999946, 30.47820439000003 ], [ -7.626553816999945, 30.478991912000026 ], [ -7.627335304999974, 30.480070897000076 ], [ -7.628718015999937, 30.483244415000058 ], [ -7.630904469999962, 30.490224287000046 ], [ -7.634140600999956, 30.496120678000068 ], [ -7.634643121999943, 30.497377656000026 ], [ -7.635987890999957, 30.498524877000079 ], [ -7.638611109999943, 30.504062611000052 ], [ -7.63945954899998, 30.512765857000034 ], [ -7.636525151999933, 30.512501794000059 ], [ -7.622557469999947, 30.510690880000027 ], [ -7.613491996999926, 30.510051532000034 ], [ -7.606435118999968, 30.509307546000059 ], [ -7.592264024999963, 30.508625581000047 ], [ -7.590568030999975, 30.508858002000068 ], [ -7.586384070999941, 30.51175573300003 ], [ -7.579171950999978, 30.517395544000067 ], [ -7.577641392999965, 30.518545200000062 ], [ -7.569841194999981, 30.524403346000042 ], [ -7.56373711599997, 30.527939522000054 ], [ -7.560618013999942, 30.53014541400006 ], [ -7.555512120999936, 30.533394564000048 ], [ -7.550066130999937, 30.535373024000023 ], [ -7.545343829999979, 30.535255586000062 ], [ -7.539947367999957, 30.535418718000074 ], [ -7.539094850999959, 30.53559917900003 ], [ -7.538056830999949, 30.535818909000056 ], [ -7.537175959999956, 30.53600534900005 ], [ -7.534496151999974, 30.537194990000046 ], [ -7.530869288999952, 30.539531552000028 ], [ -7.530228286999943, 30.539944482000067 ], [ -7.510303198999964, 30.535008058000074 ], [ -7.504617173999975, 30.53501431400008 ], [ -7.50108901599998, 30.535541677000026 ], [ -7.495911460999935, 30.536656691000076 ], [ -7.492488269999967, 30.537088854000046 ], [ -7.48639250399998, 30.537939861000041 ], [ -7.480841433999956, 30.539153853000073 ], [ -7.475978986999962, 30.541333632000033 ], [ -7.456757535999941, 30.54001762300004 ], [ -7.454310720999956, 30.536396955000043 ] ] ] } },
{ "type": "Feature", "properties": { "ADM4_FR": "Khouzama", "ADM4_AR": "خزامة", "ADM4_PCODE": "MA00300140103092", "ADM4_REF": null, "ADM3_FR": "Khouzama", "ADM3_AR": "خزامة", "ADM3_PCODE": "MA0030014010309", "ADM2_FR": "Ouarzazate", "ADM2_AR": "ورزازات", "ADM2_PCODE": "MA003001", "ADM1_FR": "Drâa-Tafilalet", "ADM1_AR": "درعة - تافيلالت", "ADM1_PCODE": "MA003", "ADM0_EN": "Morocco", "ADM0_FR": "Moroc (le)", "ADM0_AR": "المغرب", "ADM0_PCODE": "MA", "date": "2023-09-15", "validOn": "2023-09-25", "validTo": null, "Shape_Leng": 1.60599962355, "Shape_Area": 0.060836648258800002, "AREA_SQKM": 644.98257603299999, "Cases": 115 }, "geometry": { "type": "Polygon", "coordinates": [ [ [ -7.340423190999957, 30.873055550000061 ], [ -7.340943243999959, 30.875420225000028 ], [ -7.341272888999981, 30.877319617000069 ], [ -7.344981579999967, 30.880288841000038 ], [ -7.349444980999976, 30.881434741000078 ], [ -7.354018098999973, 30.880763245000026 ], [ -7.359676983999975, 30.877842041000065 ], [ -7.369914420999976, 30.872488031000046 ], [ -7.379477570999939, 30.867497932000049 ], [ -7.388227795999967, 30.862756211000033 ], [ -7.393177508999941, 30.858666060000076 ], [ -7.393717507999952, 30.857935060000045 ], [ -7.39926057699995, 30.850430426000059 ], [ -7.406518784999946, 30.84196423800006 ], [ -7.409548627999925, 30.836795401000074 ], [ -7.415525442999979, 30.828419202000077 ], [ -7.41589698699994, 30.828005760000053 ], [ -7.417297945999962, 30.826446807000025 ], [ -7.417737468999974, 30.825957664000043 ], [ -7.419698198999981, 30.823775602000069 ], [ -7.424762835999957, 30.819661474000043 ], [ -7.433936650999954, 30.813735569000073 ], [ -7.439955034999969, 30.809994577000055 ], [ -7.449393032999978, 30.805944224000029 ], [ -7.455556156999933, 30.801595174000056 ], [ -7.455875811999931, 30.801372951000076 ], [ -7.461988137999981, 30.797123339000052 ], [ -7.465316995999956, 30.793883227000038 ], [ -7.466020907999962, 30.793027604000031 ], [ -7.467420335999975, 30.791326510000033 ], [ -7.468760026999973, 30.789697877000037 ], [ -7.47198753899994, 30.787992014000054 ], [ -7.476412278999931, 30.785086498000055 ], [ -7.481628550999972, 30.781106080000029 ], [ -7.482284466999943, 30.780562567000061 ], [ -7.483143921999954, 30.779731870000035 ], [ -7.483800960999929, 30.779112210000051 ], [ -7.484086838999929, 30.778928344000064 ], [ -7.484897013999955, 30.778477807000058 ], [ -7.485346250999953, 30.778190963000043 ], [ -7.485845037999979, 30.777896062000025 ], [ -7.486451363999947, 30.777592179000067 ], [ -7.48735299599997, 30.777154333000055 ], [ -7.488278643999934, 30.776680320000025 ], [ -7.488687589999927, 30.776444242000025 ], [ -7.489177729999938, 30.776135183000065 ], [ -7.48978982999995, 30.775723825000057 ], [ -7.490534013999934, 30.775288679000028 ], [ -7.491434616999925, 30.77480790900006 ], [ -7.49250800599998, 30.774274024000078 ], [ -7.493253454999945, 30.773896121000064 ], [ -7.494130342999938, 30.773465860000044 ], [ -7.49504049199993, 30.77304214000003 ], [ -7.496142008999925, 30.772650880000072 ], [ -7.497136698999952, 30.772297253000033 ], [ -7.498064692999947, 30.771930446000056 ], [ -7.499853737999956, 30.771181668000054 ], [ -7.501117658999931, 30.770632113000033 ], [ -7.501765638999927, 30.770341751000046 ], [ -7.502027287999965, 30.770186896000041 ], [ -7.502665964999949, 30.769853739000041 ], [ -7.504856081999947, 30.768878073000053 ], [ -7.505896863999965, 30.768373260000033 ], [ -7.506970593999938, 30.767860733000077 ], [ -7.508250435999969, 30.76730165400005 ], [ -7.510613417999934, 30.766279915000041 ], [ -7.510898991999966, 30.76608886300005 ], [ -7.511241396999935, 30.765846706000048 ], [ -7.511651280999956, 30.765653451000048 ], [ -7.512143973999969, 30.76545877500007 ], [ -7.512761263999948, 30.765276220000032 ], [ -7.513824372999977, 30.765021451000052 ], [ -7.514987249999933, 30.764779214000043 ], [ -7.515663550999932, 30.764638558000058 ], [ -7.516718399999945, 30.76438390800007 ], [ -7.517508948999932, 30.764169670000058 ], [ -7.518585791999953, 30.763828755000077 ], [ -7.520510539999975, 30.763241571000037 ], [ -7.522555130999933, 30.762757144000034 ], [ -7.523315648999926, 30.762578070000075 ], [ -7.526702217999969, 30.761929012000053 ], [ -7.527493983999932, 30.761769972000025 ], [ -7.534421724999959, 30.760378123000066 ], [ -7.542138214999966, 30.758708877000061 ], [ -7.552348528999971, 30.756641037000065 ], [ -7.555337015999953, 30.756277686000033 ], [ -7.557022085999961, 30.756072739000047 ], [ -7.561438518999978, 30.755535563000024 ], [ -7.571035018999964, 30.754890259000035 ], [ -7.572251518999963, 30.752716990000067 ], [ -7.574049656999932, 30.751682659000039 ], [ -7.576172090999933, 30.750356246000024 ], [ -7.578477470999928, 30.749742151000078 ], [ -7.581283188999976, 30.749262119000036 ], [ -7.58375758699998, 30.748787983000057 ], [ -7.587074129999962, 30.748871132000033 ], [ -7.589890245999925, 30.748820116000047 ], [ -7.59237503099996, 30.748775048000027 ], [ -7.595688084999949, 30.748714877000054 ], [ -7.597503277999976, 30.748395612000024 ], [ -7.600467527999967, 30.747625962000029 ], [ -7.603100446999974, 30.746862280000073 ], [ -7.605074234999961, 30.746253714000034 ], [ -7.607379261999938, 30.745639071000028 ], [ -7.608686907999981, 30.744899512000075 ], [ -7.610318774999939, 30.743867676000036 ], [ -7.611806060999982, 30.743697348000069 ], [ -7.612958527999979, 30.743389947000026 ], [ -7.61411450099996, 30.743225617000064 ], [ -7.615760387999956, 30.742766040000049 ], [ -7.616916347999961, 30.742601683000032 ], [ -7.617910172999927, 30.742583440000033 ], [ -7.619069690999936, 30.742562145000079 ], [ -7.620063506999941, 30.742543884000042 ], [ -7.621219456999938, 30.742379522000078 ], [ -7.62286882099994, 30.742062888000078 ], [ -7.62434542699998, 30.741463159000034 ], [ -7.626491662999968, 30.741137368000068 ], [ -7.627961196999934, 30.740251430000058 ], [ -7.629603376999967, 30.739648576000036 ], [ -7.630579463999936, 30.738914898000075 ], [ -7.631592872999931, 30.737532783000063 ], [ -7.635725195999953, 30.735853288000044 ], [ -7.645767483999975, 30.736191384000051 ], [ -7.651162213999953, 30.736372673000062 ], [ -7.659169619999943, 30.737142362000043 ], [ -7.665088995999952, 30.737711012000034 ], [ -7.677694723999934, 30.741584855000042 ], [ -7.681181020999929, 30.743044251000072 ], [ -7.688731501999939, 30.746204952000028 ], [ -7.693267879999951, 30.746901957000034 ], [ -7.699556192999978, 30.747349916000076 ], [ -7.701943779999965, 30.747520610000038 ], [ -7.702456559999973, 30.747688718000063 ], [ -7.702024804999951, 30.748131287000035 ], [ -7.70160913199993, 30.748511374000032 ], [ -7.701207968999938, 30.748810082000034 ], [ -7.700966543999925, 30.749091416000056 ], [ -7.700611991999949, 30.749457349000068 ], [ -7.700072089999935, 30.749976839000055 ], [ -7.699521186999959, 30.750469218000035 ], [ -7.699085958999945, 30.750949865000052 ], [ -7.698704149999969, 30.751357915000028 ], [ -7.698105797999972, 30.751941864000059 ], [ -7.697695404999934, 30.752312309000047 ], [ -7.697343305999937, 30.75258621100005 ], [ -7.696907603999932, 30.752833035000037 ], [ -7.696466678999968, 30.753089529000079 ], [ -7.695878801999982, 30.753434686000048 ], [ -7.695564729999944, 30.753684002000057 ], [ -7.695118959999945, 30.753969199000039 ], [ -7.694769454999971, 30.754128519000062 ], [ -7.694469369999979, 30.754277369000079 ], [ -7.694183923999958, 30.754456945000072 ], [ -7.693861609999942, 30.754708794000067 ], [ -7.69345366999994, 30.754959889000077 ], [ -7.693143884999927, 30.755161397000052 ], [ -7.692860012999972, 30.755295605000072 ], [ -7.692447100999971, 30.755460883000069 ], [ -7.691954434999957, 30.755532276000054 ], [ -7.691531820999955, 30.755533128000025 ], [ -7.690965932999973, 30.755331537000075 ], [ -7.690631362999966, 30.755209061000073 ], [ -7.690209484999968, 30.755131157000051 ], [ -7.689732499999934, 30.755227606000062 ], [ -7.689285151999968, 30.755389637000064 ], [ -7.688640705999944, 30.755793091000044 ], [ -7.688309210999932, 30.755939600000033 ], [ -7.68794580499997, 30.755949383000029 ], [ -7.687341622999952, 30.755762813000047 ], [ -7.68687771499998, 30.755552108000074 ], [ -7.686357665999935, 30.755304310000042 ], [ -7.686044545999948, 30.755157555000039 ], [ -7.685186232999968, 30.754861272000028 ], [ -7.684642657999973, 30.754831003000049 ], [ -7.684116167999946, 30.75476580000003 ], [ -7.68369179299998, 30.75496944300005 ], [ -7.683397666999952, 30.755136055000037 ], [ -7.683011864999969, 30.75517196100003 ], [ -7.682730805999938, 30.754981651000037 ], [ -7.682268895999925, 30.755066717000034 ], [ -7.681937384999969, 30.755241692000027 ], [ -7.681393900999979, 30.755202512000039 ], [ -7.680926113999931, 30.755273395000074 ], [ -7.680341468999927, 30.755313056000034 ], [ -7.679905832999964, 30.755345129000034 ], [ -7.679570908999949, 30.755318068000065 ], [ -7.679066362999947, 30.755356186000029 ], [ -7.678560557999958, 30.755212534000066 ], [ -7.67801305699993, 30.754872901000056 ], [ -7.677757432999954, 30.755061006000062 ], [ -7.67774370199993, 30.755363462000048 ], [ -7.678022639999938, 30.755689797000059 ], [ -7.678356004999955, 30.75606351600004 ], [ -7.678689761999976, 30.756290346000071 ], [ -7.678947886999936, 30.756447687000048 ], [ -7.679059049999978, 30.75669369700006 ], [ -7.679039406999948, 30.757008989000042 ], [ -7.678766198999938, 30.757348120000074 ], [ -7.678533460999972, 30.757538579000027 ], [ -7.67828998899995, 30.75785094500003 ], [ -7.678175396999961, 30.758237496000049 ], [ -7.678532014999973, 30.758573998000031 ], [ -7.678978101999974, 30.758571552000035 ], [ -7.679304626999965, 30.758320843000035 ], [ -7.679574965999961, 30.758086726000045 ], [ -7.679956041999958, 30.75802707400004 ], [ -7.680234646999963, 30.758393964000049 ], [ -7.680174144999967, 30.75884123000003 ], [ -7.680013408999969, 30.759256960000073 ], [ -7.679796970999973, 30.759437621000075 ], [ -7.679472223999937, 30.759703768000065 ], [ -7.679161245999978, 30.759859936000055 ], [ -7.67895292399993, 30.760109886000066 ], [ -7.678868087999945, 30.760392711000065 ], [ -7.678828455999962, 30.76068212000007 ], [ -7.678649748999931, 30.761262815000066 ], [ -7.678301352999938, 30.762138977000063 ], [ -7.678103176999969, 30.762590018000026 ], [ -7.677894772999935, 30.762870684000063 ], [ -7.677664370999935, 30.763044399000023 ], [ -7.677123925999979, 30.763195333000056 ], [ -7.676612413999976, 30.763286081000047 ], [ -7.676189093999938, 30.763370411000039 ], [ -7.675752479999971, 30.763475271000061 ], [ -7.675364342999956, 30.763311991000023 ], [ -7.674536318999969, 30.763558999000054 ], [ -7.674214440999947, 30.763612771000055 ], [ -7.673783130999936, 30.763379927000074 ], [ -7.673533117999966, 30.763544474000071 ], [ -7.673612372999969, 30.763838810000038 ], [ -7.673813586999927, 30.764040202000047 ], [ -7.674055980999981, 30.764231233000032 ], [ -7.674282803999972, 30.764460781000025 ], [ -7.674383416999945, 30.764726094000025 ], [ -7.674445462999927, 30.765104241000074 ], [ -7.674748228999931, 30.765496952000035 ], [ -7.675067350999939, 30.765772437000066 ], [ -7.675363300999948, 30.765895685000032 ], [ -7.67567966699994, 30.765951777000055 ], [ -7.676126907999958, 30.76593855200008 ], [ -7.676617878999934, 30.766017587000078 ], [ -7.676899835999961, 30.766461982000067 ], [ -7.676579814999968, 30.766807979000077 ], [ -7.676192784999955, 30.767015663000052 ], [ -7.67542885599994, 30.767397434000031 ], [ -7.675573568999937, 30.768096114000059 ], [ -7.676162912999928, 30.768458366000061 ], [ -7.676343515999974, 30.768825913000057 ], [ -7.676374132999968, 30.76916411600007 ], [ -7.676355069999943, 30.769503256000064 ], [ -7.676307423999958, 30.769804750000048 ], [ -7.676205675999938, 30.770150175000026 ], [ -7.675912707999942, 30.770365653000056 ], [ -7.675474510999948, 30.770626784000058 ], [ -7.674862540999925, 30.770571500000074 ], [ -7.674135297999953, 30.770437272000038 ], [ -7.673469170999965, 30.770316222000076 ], [ -7.672986125999955, 30.770225112000048 ], [ -7.672564196999929, 30.770147182000073 ], [ -7.672085626999944, 30.770013031000076 ], [ -7.671318550999956, 30.769831816000078 ], [ -7.670624331999932, 30.769692190000058 ], [ -7.670171368999945, 30.769588572000032 ], [ -7.669573361999937, 30.769387308000034 ], [ -7.668996487999948, 30.769121584000061 ], [ -7.668424724999966, 30.768798297000046 ], [ -7.667807567999944, 30.768425805000049 ], [ -7.667476687999965, 30.76856203400007 ], [ -7.667536035999944, 30.76894382100005 ], [ -7.667735633999939, 30.769300313000031 ], [ -7.667799932999969, 30.769659346000026 ], [ -7.667748185999926, 30.770018177000054 ], [ -7.667618503999961, 30.770354589000078 ], [ -7.667410503999974, 30.771200626000052 ], [ -7.667130018999956, 30.771522646000051 ], [ -7.666386361999969, 30.771675511000069 ], [ -7.664902475999952, 30.771994401000029 ], [ -7.664385343999982, 30.772085195000045 ], [ -7.663944664999974, 30.772141171000044 ], [ -7.663620704999971, 30.772333322000065 ], [ -7.663644818999956, 30.772743208000065 ], [ -7.664005620999944, 30.773137242000075 ], [ -7.664325847999976, 30.773566629000072 ], [ -7.664358706999963, 30.773994257000027 ], [ -7.664276391999977, 30.774346472000047 ], [ -7.664358598999968, 30.77465030500008 ], [ -7.664528803999929, 30.774935797000069 ], [ -7.664766894999957, 30.775174651000043 ], [ -7.665164319999974, 30.775486888000046 ], [ -7.665634833999945, 30.775738110000077 ], [ -7.666082745999972, 30.775970670000049 ], [ -7.666339096999934, 30.776330876000031 ], [ -7.666311277999966, 30.776708331000066 ], [ -7.666223326999955, 30.777055819000054 ], [ -7.666198441999938, 30.777844389000052 ], [ -7.666096678999963, 30.778578101000051 ], [ -7.666028461999929, 30.778831684000068 ], [ -7.665799890999949, 30.779054263000035 ], [ -7.66536937799998, 30.779239462000078 ], [ -7.665005720999943, 30.779364384000075 ], [ -7.664588192999929, 30.779572589000054 ], [ -7.664242848999947, 30.779877400000032 ], [ -7.663478134999934, 30.780259901000079 ], [ -7.663076303999958, 30.780495114000075 ], [ -7.662836161999962, 30.780920995000031 ], [ -7.662766599999941, 30.78134454800005 ], [ -7.663114462999943, 30.781704382000044 ], [ -7.663378522999949, 30.781867057000056 ], [ -7.663776437999957, 30.782151832000068 ], [ -7.66421653499998, 30.782429871000033 ], [ -7.664564349999978, 30.782663121000041 ], [ -7.664609772999938, 30.78298613100003 ], [ -7.664553014999967, 30.783366514000079 ], [ -7.664430590999928, 30.783690863000061 ], [ -7.664334223999958, 30.783978951000051 ], [ -7.664241080999943, 30.784313517000044 ], [ -7.664152843999943, 30.784678384000074 ], [ -7.664062371999933, 30.785200772000053 ], [ -7.663982881999971, 30.785522663000052 ], [ -7.663891292999949, 30.785898204000034 ], [ -7.66381175999993, 30.786196707000045 ], [ -7.663842726999974, 30.786453595000069 ], [ -7.663963494999962, 30.78670917200003 ], [ -7.664036673999931, 30.786981565000076 ], [ -7.663978675999942, 30.787354832000062 ], [ -7.663751950999938, 30.787692756000069 ], [ -7.663550216999965, 30.788077666000049 ], [ -7.663518344999943, 30.788458465000076 ], [ -7.663418318999959, 30.788733940000043 ], [ -7.663229507999972, 30.789138267000055 ], [ -7.663075281999966, 30.789599202000034 ], [ -7.662917493999942, 30.789917080000066 ], [ -7.662704713999972, 30.790357644000039 ], [ -7.662525073999973, 30.790797595000072 ], [ -7.662402218999944, 30.791186362000076 ], [ -7.662145685999974, 30.791534712000043 ], [ -7.661799091999967, 30.791598477000036 ], [ -7.661447625999926, 30.791560127000025 ], [ -7.658266017999949, 30.795091959000047 ], [ -7.657401468999979, 30.796674213000074 ], [ -7.65786800099994, 30.799612061000062 ], [ -7.659171332999961, 30.801143726000078 ], [ -7.661046400999965, 30.803034209000032 ], [ -7.663810209999951, 30.80582049800006 ], [ -7.665753236999933, 30.808165915000075 ], [ -7.668380006999939, 30.810726838000051 ], [ -7.667978980999976, 30.812757280000028 ], [ -7.66575205099997, 30.817105886000036 ], [ -7.652938571999925, 30.835153583000078 ], [ -7.652375289999952, 30.845022468000025 ], [ -7.65236036999994, 30.845655516000079 ], [ -7.652123159999974, 30.854993595000053 ], [ -7.70117875699998, 30.850547004000077 ], [ -7.711748419999935, 30.851388801000041 ], [ -7.713865345999977, 30.851703114000031 ], [ -7.714344898999968, 30.851801306000027 ], [ -7.714739221999935, 30.851811633000068 ], [ -7.715090367999949, 30.851891397000031 ], [ -7.71548837499995, 30.851910610000061 ], [ -7.715951891999964, 30.852056821000076 ], [ -7.716418525999927, 30.852191043000062 ], [ -7.716944238999929, 30.852336023000078 ], [ -7.717370668999934, 30.852518735000046 ], [ -7.71789655699996, 30.852806900000076 ], [ -7.71814341299995, 30.852996004000033 ], [ -7.718414047999943, 30.853303944000061 ], [ -7.718772058999946, 30.853648996000061 ], [ -7.719120268999973, 30.853880917000026 ], [ -7.71942138999998, 30.854030197000043 ], [ -7.719828149999955, 30.854255005000027 ], [ -7.720173044999967, 30.854492938000078 ], [ -7.720634504999964, 30.854961278000076 ], [ -7.72118456499993, 30.855380160000038 ], [ -7.721607196999969, 30.855682193000064 ], [ -7.721918906999974, 30.855974452000055 ], [ -7.722338000999969, 30.85640778000004 ], [ -7.722587239999939, 30.85668927200004 ], [ -7.723026894999975, 30.857116252000026 ], [ -7.723399084999926, 30.857472947000076 ], [ -7.723858804999963, 30.858006893000038 ], [ -7.724250020999932, 30.85829758400007 ], [ -7.724565881999979, 30.858613608000041 ], [ -7.72490479399994, 30.85888742800006 ], [ -7.725184827999954, 30.859156413000051 ], [ -7.725430640999946, 30.859437986000046 ], [ -7.725630611999975, 30.859684670000036 ], [ -7.72578912299997, 30.859932115000049 ], [ -7.725879761999977, 30.860228624000058 ], [ -7.725941058999979, 30.860728468000048 ], [ -7.725949530999969, 30.861056355000073 ], [ -7.725958928999944, 30.861420002000045 ], [ -7.725857125999937, 30.861761969000042 ], [ -7.725698505999958, 30.862045354000031 ], [ -7.725492750999933, 30.862377324000079 ], [ -7.725293827999963, 30.862706234000029 ], [ -7.725191124999981, 30.863012405000063 ], [ -7.725029181999957, 30.863301818000025 ], [ -7.724749223999936, 30.863612765000028 ], [ -7.724572498999976, 30.863957752000033 ], [ -7.724547202999929, 30.864316123000037 ], [ -7.724628227999972, 30.864642619000051 ], [ -7.724771895999936, 30.864985794000063 ], [ -7.724864846999935, 30.865371711000023 ], [ -7.72491662799996, 30.865770350000048 ], [ -7.724990408999929, 30.866216254000051 ], [ -7.725089007999941, 30.866554347000033 ], [ -7.725183655999956, 30.867005865000067 ], [ -7.725178918999973, 30.86735785500008 ], [ -7.725066446999961, 30.867822274000048 ], [ -7.724999602999958, 30.868178432000036 ], [ -7.72501819799993, 30.868497196000078 ], [ -7.725413878999973, 30.868957815000044 ], [ -7.725728419999939, 30.869357347000062 ], [ -7.725918347999936, 30.869616161000067 ], [ -7.726048769999977, 30.869980472000066 ], [ -7.726078669999936, 30.870334789000026 ], [ -7.726176823999936, 30.870654991000038 ], [ -7.726394852999931, 30.871330752000063 ], [ -7.726763835999975, 30.872230304000027 ], [ -7.726919002999978, 30.872749196000029 ], [ -7.727203018999944, 30.873170206000054 ], [ -7.727602422999951, 30.873639686000047 ], [ -7.72786670399995, 30.873965650000059 ], [ -7.728231462999929, 30.874432805000026 ], [ -7.728559097999948, 30.874802273000057 ], [ -7.728752067999949, 30.875043104000042 ], [ -7.729072246999976, 30.875257647000069 ], [ -7.729304749999926, 30.875557351000054 ], [ -7.729534845999979, 30.87589889000003 ], [ -7.729716781999969, 30.876247308000075 ], [ -7.729982089999965, 30.876746198000035 ], [ -7.730170458999964, 30.877210778000062 ], [ -7.730376939999928, 30.877573624000036 ], [ -7.730521192999959, 30.877937706000068 ], [ -7.73059345799993, 30.878323985000065 ], [ -7.730667381999979, 30.878775866000069 ], [ -7.73071015499994, 30.879091172000074 ], [ -7.73078800899998, 30.879560895000054 ], [ -7.730892865999976, 30.879872012000078 ], [ -7.731190839999954, 30.880161531000056 ], [ -7.731572462999964, 30.880345056000067 ], [ -7.732028551999974, 30.880598710000072 ], [ -7.732561303999944, 30.880874727000048 ], [ -7.732906928999967, 30.881136488000038 ], [ -7.733156057999963, 30.881409031000032 ], [ -7.733492887999944, 30.881864781000047 ], [ -7.733750872999963, 30.882211728000073 ], [ -7.734191933999966, 30.88268636600003 ], [ -7.734427807999964, 30.88298003500006 ], [ -7.734671310999943, 30.883303391000027 ], [ -7.735046239999974, 30.883892624000055 ], [ -7.73560226099994, 30.884532035000063 ], [ -7.735961174999943, 30.885038060000056 ], [ -7.73637403999993, 30.88548938100007 ], [ -7.736828037999942, 30.885927976000062 ], [ -7.737124224999945, 30.886148890000072 ], [ -7.737350855999978, 30.886353310000061 ], [ -7.737626639999974, 30.886586548000025 ], [ -7.737937623999926, 30.886842982000076 ], [ -7.738207096999929, 30.887100216000078 ], [ -7.738394119999953, 30.887376948000053 ], [ -7.738598406999927, 30.887653357000033 ], [ -7.738893488999963, 30.887802370000031 ], [ -7.739854270999956, 30.888207653000052 ], [ -7.740510825999934, 30.88818896600003 ], [ -7.740939393999952, 30.888180674000068 ], [ -7.741314694999971, 30.888250941000024 ], [ -7.741668793999963, 30.888303734000033 ], [ -7.742057462999981, 30.88835586600004 ], [ -7.742479277999962, 30.888353686000073 ], [ -7.742822919999981, 30.888269467000043 ], [ -7.743522893999966, 30.888059079000072 ], [ -7.744214216999978, 30.887783256000034 ], [ -7.744719845999953, 30.88754678500004 ], [ -7.744950226999947, 30.887363363000077 ], [ -7.745222511999941, 30.887197048000075 ], [ -7.745649594999975, 30.886997903000065 ], [ -7.746174709999934, 30.886703815000033 ], [ -7.746649007999963, 30.886337323000078 ], [ -7.747075849999931, 30.886129218000065 ], [ -7.747496099999978, 30.886067378000064 ], [ -7.747905501999981, 30.886119088000044 ], [ -7.74828817599996, 30.886207100000036 ], [ -7.748807323999927, 30.886489292000078 ], [ -7.749375311999927, 30.886854036000045 ], [ -7.74971000499994, 30.886892274000047 ], [ -7.750135514999954, 30.88689891100006 ], [ -7.750405237999928, 30.887030869000057 ], [ -7.750731955999981, 30.887358542000072 ], [ -7.751744183999961, 30.887983054000074 ], [ -7.752310009999974, 30.888264335000031 ], [ -7.752839601999938, 30.888349466000079 ], [ -7.753214120999928, 30.888389905000054 ], [ -7.753798681999967, 30.888527641000053 ], [ -7.754642319999959, 30.888785585000051 ], [ -7.755211652999947, 30.888869943000032 ], [ -7.755593886999975, 30.888940067000078 ], [ -7.756017748999966, 30.889015323000024 ], [ -7.756428533999951, 30.889120644000059 ], [ -7.756837468999947, 30.889285648000055 ], [ -7.757166655999981, 30.889574479000032 ], [ -7.75778693999996, 30.889756252000041 ], [ -7.758190569999954, 30.889849776000062 ], [ -7.758759364999946, 30.889913260000071 ], [ -7.759288787999935, 30.890058028000055 ], [ -7.759630097999946, 30.890149765000047 ], [ -7.75995890799993, 30.890292504000058 ], [ -7.760503415999949, 30.890484656000069 ], [ -7.760886910999943, 30.890602419000061 ], [ -7.761252731999946, 30.890728972000034 ], [ -7.761604386999977, 30.890736497000034 ], [ -7.762004034999961, 30.890785978000054 ], [ -7.762402222999981, 30.890778203000025 ], [ -7.762724228999957, 30.890819639000028 ], [ -7.763090742999964, 30.890869727000052 ], [ -7.763385469999946, 30.890925990000028 ], [ -7.763763659999938, 30.890999729000043 ], [ -7.764110990999939, 30.891162351000048 ], [ -7.764483584999937, 30.891443763000041 ], [ -7.764813912999955, 30.891697370000031 ], [ -7.765159638999933, 30.891797986000029 ], [ -7.765462604999925, 30.891799218000074 ], [ -7.76569937599993, 30.892018852000035 ], [ -7.765944757999932, 30.892197754000051 ], [ -7.766338436999945, 30.892228248000038 ], [ -7.766783448999945, 30.892264872000055 ], [ -7.767093576999969, 30.892432963000033 ], [ -7.767306471999973, 30.892708661000029 ], [ -7.767560258999936, 30.892924889000028 ], [ -7.767813992999947, 30.89310600400006 ], [ -7.76811224599993, 30.893295820000048 ], [ -7.76849852099997, 30.893464809000079 ], [ -7.76882832299998, 30.893591986000047 ], [ -7.769146694999961, 30.893705019000038 ], [ -7.769486790999963, 30.893803365000053 ], [ -7.769999121999945, 30.893926929000031 ], [ -7.770298381999964, 30.893944929000043 ], [ -7.770690434999949, 30.893913385000076 ], [ -7.771016865999968, 30.893806783000059 ], [ -7.771317078999971, 30.893965515000048 ], [ -7.771745460999966, 30.89410859700007 ], [ -7.771975438999959, 30.894331134000026 ], [ -7.772063295999942, 30.894776746000048 ], [ -7.772153153999966, 30.895037448000039 ], [ -7.772447087999979, 30.895298607000029 ], [ -7.772610220999979, 30.895583195000029 ], [ -7.772687060999942, 30.895873980000033 ], [ -7.772649458999979, 30.896153556000058 ], [ -7.772254565999958, 30.896261220000042 ], [ -7.772219517999929, 30.896570582000038 ], [ -7.772634826999933, 30.896778660000052 ], [ -7.773394737999979, 30.897267770000042 ], [ -7.773524994999946, 30.89761715800006 ], [ -7.773417029999962, 30.898047241000029 ], [ -7.774303516999964, 30.89841755100008 ], [ -7.774679333999927, 30.898766581000075 ], [ -7.774831537999944, 30.899291466000079 ], [ -7.775106526999934, 30.899620098000071 ], [ -7.775311460999944, 30.900832880000053 ], [ -7.775016382999979, 30.90131586800004 ], [ -7.774347266999939, 30.901648113000078 ], [ -7.774599473999956, 30.901899646000061 ], [ -7.774884846999953, 30.902359295000053 ], [ -7.774775745999932, 30.90271410500003 ], [ -7.77520795199996, 30.902830278000067 ], [ -7.77532649699998, 30.903105190000076 ], [ -7.77534686599995, 30.903385141000058 ], [ -7.775546319999933, 30.906190629000037 ], [ -7.776099047999935, 30.91110711500005 ], [ -7.762504881999973, 30.91264824700005 ], [ -7.75793706099995, 30.914345943000058 ], [ -7.75175541599998, 30.917258993000075 ], [ -7.749890067999956, 30.918137923000074 ], [ -7.746110641999962, 30.921557157000052 ], [ -7.744276130999936, 30.925389024000026 ], [ -7.743835354999931, 30.931317253000032 ], [ -7.745644768999966, 30.939357499000039 ], [ -7.746937180999964, 30.943257527000071 ], [ -7.747785224999973, 30.944122759000038 ], [ -7.749536671999977, 30.945909584000049 ], [ -7.753097120999939, 30.946464032000051 ], [ -7.752043602999947, 30.949522754000043 ], [ -7.751510123999935, 30.95289223900005 ], [ -7.751437506999935, 30.954573209000046 ], [ -7.750392290999969, 30.956205884000042 ], [ -7.749334373999943, 30.95741010100005 ], [ -7.74840747099995, 30.957920051000031 ], [ -7.747836271999972, 30.958947559000023 ], [ -7.747196871999961, 30.960226903000034 ], [ -7.746767267999928, 30.961588091000067 ], [ -7.746330735999948, 30.962684535000051 ], [ -7.746005754999942, 30.963599889000079 ], [ -7.745941682999955, 30.96400914000003 ], [ -7.745827683999948, 30.964734321000037 ], [ -7.745765840999979, 30.965229407000038 ], [ -7.745624540999927, 30.965575107000063 ], [ -7.745500400999958, 30.96587876500007 ], [ -7.745189468999968, 30.96637867700008 ], [ -7.744792895999979, 30.966780072000063 ], [ -7.744479946999945, 30.967201273000057 ], [ -7.74418880099995, 30.967822507000051 ], [ -7.744108652999955, 30.968253524000033 ], [ -7.743976931999953, 30.968936086000042 ], [ -7.743795645999967, 30.969948871000042 ], [ -7.743617640999958, 30.970768333000024 ], [ -7.743212102999962, 30.971463332000042 ], [ -7.742440353999939, 30.972451747000036 ], [ -7.74215544599997, 30.97299410100004 ], [ -7.741726108999956, 30.973732508000069 ], [ -7.741148950999957, 30.974538230000064 ], [ -7.740740279999955, 30.97543369400006 ], [ -7.740250427999968, 30.976402351000047 ], [ -7.739593665999962, 30.977023474000077 ], [ -7.738685779999969, 30.977570696000043 ], [ -7.737724510999954, 30.977982938000025 ], [ -7.737216013999955, 30.978236133000053 ], [ -7.736537434999946, 30.978657234000025 ], [ -7.73600978199994, 30.979372918000024 ], [ -7.735612608999929, 30.979834655000047 ], [ -7.73536275999993, 30.980340437000052 ], [ -7.735143207999954, 30.980953198000066 ], [ -7.735009695999963, 30.981282184000065 ], [ -7.734551727999929, 30.981530111000041 ], [ -7.734158168999954, 30.981630776000031 ], [ -7.733825414999956, 30.981715873000041 ], [ -7.733472844999937, 30.981894459000046 ], [ -7.732806020999931, 30.982451324000067 ], [ -7.732161930999951, 30.983243954000045 ], [ -7.731515610999963, 30.983950719000063 ], [ -7.730587301999947, 30.984677231000035 ], [ -7.729691669999966, 30.985381646000064 ], [ -7.729096452999954, 30.986137532000043 ], [ -7.728575772999932, 30.986884818000078 ], [ -7.728289018999931, 30.987362761000043 ], [ -7.72808497699998, 30.987824782000075 ], [ -7.728098133999936, 30.988332753000066 ], [ -7.728293793999967, 30.988830050000047 ], [ -7.728396828999962, 30.989279002000046 ], [ -7.728403156999946, 30.989844391000076 ], [ -7.728420577999941, 30.990516914000068 ], [ -7.728425791999939, 30.991039335000039 ], [ -7.728696731999946, 30.991234547000033 ], [ -7.728962544999945, 30.991551565000066 ], [ -7.729109642999958, 30.991777786000057 ], [ -7.729113563999931, 30.992250149000029 ], [ -7.72918913999996, 30.992921548000027 ], [ -7.729344583999932, 30.993469702000027 ], [ -7.729676494999978, 30.994093218000046 ], [ -7.729902125999956, 30.994783229000063 ], [ -7.729918074999944, 30.995398489000024 ], [ -7.729914985999926, 30.995921108000061 ], [ -7.729582669999957, 30.996564566000075 ], [ -7.729499931999953, 30.997539651000068 ], [ -7.729376400999968, 30.998544142000071 ], [ -7.729173976999959, 30.999070594000045 ], [ -7.728968272999964, 30.999790330000053 ], [ -7.729108251999946, 31.000381780000055 ], [ -7.729158684999959, 31.000724369000068 ], [ -7.729247156999975, 31.001252394000062 ], [ -7.729220983999937, 31.001524909000068 ], [ -7.728556026999968, 31.00216043000006 ], [ -7.727686587999926, 31.00292158600007 ], [ -7.727055795999945, 31.003592229000049 ], [ -7.726547021999977, 31.004222025000047 ], [ -7.726497680999955, 31.004504864000069 ], [ -7.72647372199998, 31.004863251000074 ], [ -7.726037438999981, 31.005344064000042 ], [ -7.725614961999952, 31.005717232000052 ], [ -7.725381484999957, 31.006008024000039 ], [ -7.72530914999993, 31.006424589000062 ], [ -7.725408229999971, 31.008004625000069 ], [ -7.725490606999927, 31.008940748000043 ], [ -7.725333979999959, 31.009953048000057 ], [ -7.724632576999966, 31.010789707000072 ], [ -7.723970148999967, 31.011525366000058 ], [ -7.723291819999929, 31.012289992000035 ], [ -7.722816860999956, 31.012886044000027 ], [ -7.722754444999964, 31.01558648300005 ], [ -7.719681025999932, 31.01831337200008 ], [ -7.720068025999979, 31.023001713000042 ], [ -7.720691854999927, 31.025087044000031 ], [ -7.720127635999972, 31.025489728000025 ], [ -7.719757624999943, 31.025914359000069 ], [ -7.71909992999997, 31.025926949000052 ], [ -7.718377617999977, 31.026119741000059 ], [ -7.717656026999975, 31.026342316000068 ], [ -7.71713449799995, 31.026262796000026 ], [ -7.716719071999933, 31.026270741000076 ], [ -7.716167516999974, 31.026370781000026 ], [ -7.715505208999957, 31.026204480000047 ], [ -7.714985944999967, 31.026214402000051 ], [ -7.71450286299995, 31.026283283000055 ], [ -7.714185932999953, 31.026080568000054 ], [ -7.713757456999929, 31.025581697000064 ], [ -7.713297502999978, 31.02520277800005 ], [ -7.71273132999994, 31.024736348000033 ], [ -7.712366772999928, 31.024027520000061 ], [ -7.71200222899995, 31.023318655000026 ], [ -7.711582213999975, 31.023147701000028 ], [ -7.711247576999938, 31.023601480000025 ], [ -7.710632523999948, 31.023926390000042 ], [ -7.710220582999966, 31.024068463000049 ], [ -7.709715144999961, 31.024131958000055 ], [ -7.709392131999948, 31.024173723000047 ], [ -7.709042114999932, 31.024031270000023 ], [ -7.708655973999953, 31.023829860000035 ], [ -7.708366052999963, 31.023328331000073 ], [ -7.707894564999947, 31.022447333000059 ], [ -7.707256787999938, 31.021864594000078 ], [ -7.70503120799998, 31.020427591000043 ], [ -7.704124462999971, 31.019983961000037 ], [ -7.702590270999963, 31.019233297000028 ], [ -7.700747389999947, 31.01867179900006 ], [ -7.700301262999972, 31.018696152000075 ], [ -7.700228727999956, 31.018948083000055 ], [ -7.700099210999952, 31.019298892000052 ], [ -7.699686632999942, 31.019523854000056 ], [ -7.69933335099995, 31.01968564200007 ], [ -7.699063062999926, 31.019846339000026 ], [ -7.696980393999979, 31.01864480100005 ], [ -7.694138762999955, 31.016971143000035 ], [ -7.691601372999969, 31.015464415000054 ], [ -7.688966339999979, 31.014045878000047 ], [ -7.686937460999957, 31.012874969000052 ], [ -7.685010705999957, 31.011788461000037 ], [ -7.683700958999964, 31.011381288000052 ], [ -7.682184862999975, 31.010718865000058 ], [ -7.67966974899997, 31.010075229000051 ], [ -7.676568374999931, 31.009960798000066 ], [ -7.671258273999968, 31.010370450000039 ], [ -7.666690010999957, 31.010722670000064 ], [ -7.663703902999941, 31.011235829000043 ], [ -7.66115629199993, 31.011649317000035 ], [ -7.658608687999958, 31.01206270800003 ], [ -7.651899519999972, 31.013254729000039 ], [ -7.641859817999944, 31.013898295000047 ], [ -7.636263686999939, 31.01445908900007 ], [ -7.630480854999973, 31.016029154000023 ], [ -7.627234868999949, 31.017460910000068 ], [ -7.625269830999969, 31.019326375000048 ], [ -7.622460467999929, 31.021298763000061 ], [ -7.620619128999977, 31.023893650000048 ], [ -7.617231062999963, 31.028163239000037 ], [ -7.612032355999929, 31.032008485000063 ], [ -7.603596939999932, 31.037405430000035 ], [ -7.58694081699997, 31.003161895000062 ], [ -7.598283484999968, 30.977396375000069 ], [ -7.594349782999927, 30.952706693000039 ], [ -7.594126243999938, 30.951303340000038 ], [ -7.597931377999942, 30.934194598000033 ], [ -7.602483020999955, 30.918897949000041 ], [ -7.605604697999979, 30.912352745000078 ], [ -7.605882363999967, 30.91177050400006 ], [ -7.606068315999948, 30.911380589000032 ], [ -7.611231274999966, 30.900552984000058 ], [ -7.610737707999931, 30.89961284900005 ], [ -7.610326087999965, 30.896936317000041 ], [ -7.610279329999969, 30.895671090000064 ], [ -7.610932236999929, 30.895220151000046 ], [ -7.612029077999978, 30.893881275000069 ], [ -7.612789333999956, 30.892660242000034 ], [ -7.613867349999964, 30.890373983000075 ], [ -7.61570140699996, 30.886212930000056 ], [ -7.618374809999978, 30.881320749000054 ], [ -7.620164945999932, 30.877637638000067 ], [ -7.620854967999946, 30.876455926000062 ], [ -7.62340542499993, 30.872210046000077 ], [ -7.62483349799993, 30.869559416000072 ], [ -7.625093463999974, 30.868886607000036 ], [ -7.62664992699996, 30.866715335000038 ], [ -7.625545607999925, 30.867241431000025 ], [ -7.623749295999971, 30.867971127000033 ], [ -7.62193035599995, 30.868682146000026 ], [ -7.615545192999946, 30.870781606000037 ], [ -7.612717918999977, 30.872056351000026 ], [ -7.55971410199993, 30.895935486000042 ], [ -7.535059648999948, 30.899309988000027 ], [ -7.533955153999955, 30.899461037000037 ], [ -7.532613240999979, 30.89964453500005 ], [ -7.523936882999976, 30.900836927000057 ], [ -7.522704855999962, 30.901457611000069 ], [ -7.52081936299993, 30.90245694500004 ], [ -7.518527364999954, 30.903821187000062 ], [ -7.517922777999956, 30.904583309000031 ], [ -7.517316488999938, 30.905273883000064 ], [ -7.516335151999954, 30.905899430000034 ], [ -7.51514635999996, 30.906528597000033 ], [ -7.514244564999956, 30.907009579000032 ], [ -7.514303710999968, 30.907760050000036 ], [ -7.514402832999963, 30.908658737000053 ], [ -7.514200875999961, 30.909482981000053 ], [ -7.513446143999943, 30.910335940000039 ], [ -7.512089070999934, 30.910989511000025 ], [ -7.509733089999941, 30.911526823000031 ], [ -7.507280077999951, 30.911703191000072 ], [ -7.504892982999934, 30.91185923200004 ], [ -7.503895935999935, 30.911819318000028 ], [ -7.503032958999938, 30.911834319000036 ], [ -7.502240805999975, 30.912038963000043 ], [ -7.501454491999937, 30.91249158100004 ], [ -7.500849148999976, 30.913112874000035 ], [ -7.500445224999964, 30.913826068000049 ], [ -7.499918584999932, 30.914026088000071 ], [ -7.499319818999936, 30.913979225000048 ], [ -7.498624049999933, 30.913571390000072 ], [ -7.497729581999977, 30.913186085000063 ], [ -7.497130377999952, 30.913120130000038 ], [ -7.496308510999938, 30.913000742000065 ], [ -7.495425201999979, 30.913092380000023 ], [ -7.494590124999945, 30.913354961000039 ], [ -7.49384443799994, 30.913654182000073 ], [ -7.493012900999929, 30.914069371000039 ], [ -7.492865966999943, 30.914415474000066 ], [ -7.493030211999951, 30.914813446000039 ], [ -7.492972235999957, 30.915177070000027 ], [ -7.49227568799995, 30.915685364000069 ], [ -7.49171365199993, 30.916267670000025 ], [ -7.491459205999945, 30.916749221000032 ], [ -7.490979458999959, 30.917062887000043 ], [ -7.490428463999933, 30.917167843000072 ], [ -7.489495517999956, 30.917031266000038 ], [ -7.488782944999969, 30.916852694000056 ], [ -7.487962868999944, 30.916809594000028 ], [ -7.487459641999976, 30.917066399000078 ], [ -7.487069282999926, 30.917416693000064 ], [ -7.486771898999962, 30.917956227000047 ], [ -7.486557235999953, 30.918246245000034 ], [ -7.486116435999975, 30.918330184000069 ], [ -7.485273764999931, 30.918268366000063 ], [ -7.484543471999928, 30.918280947000028 ], [ -7.483881366999981, 30.918368690000079 ], [ -7.48348882099998, 30.918623574000037 ], [ -7.483163485999967, 30.918915454000057 ], [ -7.483039570999949, 30.919299340000066 ], [ -7.483140019999951, 30.919812914000033 ], [ -7.483191761999933, 30.920136496000055 ], [ -7.482916444999944, 30.920675670000037 ], [ -7.482618099999968, 30.921177054000054 ], [ -7.482008643999961, 30.921626502000038 ], [ -7.481374825999978, 30.921980973000075 ], [ -7.48058739499993, 30.922395319000032 ], [ -7.479954456999963, 30.922787915000072 ], [ -7.479651677999925, 30.92309853200004 ], [ -7.479170133999958, 30.923335834000056 ], [ -7.478801415999953, 30.923666634000028 ], [ -7.478411876999928, 30.924055042000077 ], [ -7.477597426999978, 30.924259899000049 ], [ -7.47671883199996, 30.924561259000029 ], [ -7.475994693999951, 30.924840903000074 ], [ -7.475273148999975, 30.925234995000039 ], [ -7.474928751999926, 30.925660802000039 ], [ -7.474741446999928, 30.926179360000049 ], [ -7.474556787999973, 30.926812369000061 ], [ -7.474483220999957, 30.927462562000073 ], [ -7.474337994999928, 30.927884962000064 ], [ -7.473816532999933, 30.928313801000058 ], [ -7.473401290999959, 30.928549951000036 ], [ -7.47305819099995, 30.92903298400006 ], [ -7.473074460999953, 30.929738890000067 ], [ -7.47295440399995, 30.930294479000054 ], [ -7.472726789999967, 30.930985474000067 ], [ -7.472414072999925, 30.931216603000053 ], [ -7.471734328999958, 30.931155147000027 ], [ -7.470709668999973, 30.93088640600007 ], [ -7.469619503999979, 30.93065692600004 ], [ -7.468580602999964, 30.930731930000036 ], [ -7.467567309999936, 30.930959220000034 ], [ -7.466890006999961, 30.93135249900007 ], [ -7.466350729999931, 30.93197245500005 ], [ -7.466122150999979, 30.932625297000072 ], [ -7.466006470999957, 30.933371650000026 ], [ -7.465689788999953, 30.934045085000037 ], [ -7.46508321999994, 30.93462803500006 ], [ -7.464354113999946, 30.934697716000073 ], [ -7.463684417999957, 30.934461010000064 ], [ -7.462796934999972, 30.934380701000066 ], [ -7.461608272999968, 30.934687269000051 ], [ -7.459716211999933, 30.935215732000074 ], [ -7.457798005999962, 30.935572824000076 ], [ -7.456167095999945, 30.935905909000041 ], [ -7.45468329199997, 30.935892956000032 ], [ -7.453488523999965, 30.935932284000046 ], [ -7.451943072999939, 30.936130277000075 ], [ -7.450374207999971, 30.936271394000073 ], [ -7.448467232999974, 30.936150992000023 ], [ -7.446805490999964, 30.936102762000075 ], [ -7.445519109999964, 30.936009974000058 ], [ -7.444455854999944, 30.935989781000046 ], [ -7.443259747999946, 30.935971792000032 ], [ -7.442513700999939, 30.936270658000069 ], [ -7.441881364999972, 30.936701235000044 ], [ -7.441332788999944, 30.936920457000042 ], [ -7.440869710999948, 30.937004607000063 ], [ -7.440265154999963, 30.936709428000029 ], [ -7.439769987999966, 30.936355115000026 ], [ -7.43914074099996, 30.935945808000042 ], [ -7.438670745999957, 30.935724695000033 ], [ -7.438179912999942, 30.935561183000061 ], [ -7.437579266999933, 30.935437704000037 ], [ -7.436997308999935, 30.935161181000069 ], [ -7.436636274999955, 30.934861887000068 ], [ -7.436254819999931, 30.934639275000052 ], [ -7.435786572999973, 30.934494463000078 ], [ -7.435078759999953, 30.93452542600005 ], [ -7.43402281799996, 30.934829484000034 ], [ -7.43296817099997, 30.935190763000037 ], [ -7.432024187999957, 30.935550145000036 ], [ -7.431052013999931, 30.935642838000035 ], [ -7.429966198999978, 30.935603764000064 ], [ -7.429145118999941, 30.935522095000067 ], [ -7.428541471999949, 30.93526502900005 ], [ -7.428198738999981, 30.934793619000061 ], [ -7.427923641999939, 30.934378327000047 ], [ -7.427817105999964, 30.933826612000075 ], [ -7.427540871999952, 30.933358851000037 ], [ -7.427058985999963, 30.93260822600007 ], [ -7.426700082999957, 30.932156173000067 ], [ -7.426296848999925, 30.93194819100006 ], [ -7.425542126999972, 30.931617262000032 ], [ -7.424755190999974, 30.931329818000052 ], [ -7.424005308999938, 30.931213533000061 ], [ -7.423455917999945, 30.931151144000069 ], [ -7.422808552999925, 30.931161964000069 ], [ -7.422112347999928, 30.931216554000059 ], [ -7.421649502999969, 30.931310155000062 ], [ -7.421025465999946, 30.931621222000047 ], [ -7.420621100999938, 30.932100324000032 ], [ -7.420316953999929, 30.932606449000048 ], [ -7.419765075999976, 30.933173916000044 ], [ -7.41907656199993, 30.93357188300007 ], [ -7.418718140999943, 30.933878501000038 ], [ -7.41822299699993, 30.934015585000054 ], [ -7.417572729999961, 30.933897598000044 ], [ -7.417006066999932, 30.933806841000035 ], [ -7.416468790999943, 30.933543808000024 ], [ -7.415929593999977, 30.933194899000057 ], [ -7.415355241999976, 30.932760703000042 ], [ -7.414629902999934, 30.932257471000071 ], [ -7.413940370999967, 30.931868134000069 ], [ -7.413486714999976, 30.931632324000077 ], [ -7.412868376999938, 30.931456501000071 ], [ -7.412080522999929, 30.931126077000044 ], [ -7.411511682999958, 30.930935130000023 ], [ -7.411008865999975, 30.930728746000057 ], [ -7.410536415999957, 30.930393036000055 ], [ -7.409931513999936, 30.930073854000057 ], [ -7.409524491999946, 30.929694133000055 ], [ -7.408951151999929, 30.929302840000048 ], [ -7.408400226999959, 30.929168833000062 ], [ -7.407789539999953, 30.929336410000076 ], [ -7.407218472999944, 30.929789648000053 ], [ -7.406544951999933, 30.930115748000048 ], [ -7.405803720999927, 30.930385686000079 ], [ -7.405112933999931, 30.930683403000046 ], [ -7.404686450999975, 30.930919537000079 ], [ -7.404026937999959, 30.931130859000064 ], [ -7.403252183999939, 30.93138700600008 ], [ -7.402773010999965, 30.93149513700007 ], [ -7.402333443999964, 30.931888924000077 ], [ -7.401949059999936, 30.932525119000047 ], [ -7.401479430999927, 30.933062514000028 ], [ -7.401071773999945, 30.933398526000076 ], [ -7.40051213199996, 30.933622472000025 ], [ -7.399899221999931, 30.93368984500006 ], [ -7.39922119299996, 30.933815577000075 ], [ -7.398606959999938, 30.933825720000073 ], [ -7.398038767999935, 30.933663325000055 ], [ -7.397616157999948, 30.933326742000077 ], [ -7.39696016299996, 30.932951087000049 ], [ -7.396589271999972, 30.932699553000077 ], [ -7.396071813999981, 30.93257922500004 ], [ -7.395600354999942, 30.932286389000069 ], [ -7.394889843999977, 30.931696891000058 ], [ -7.394398293999927, 30.931246938000072 ], [ -7.394155744999978, 30.930792846000031 ], [ -7.393948620999936, 30.930438405000075 ], [ -7.393854512999951, 30.92993894600005 ], [ -7.393939545999956, 30.929279092000058 ], [ -7.394145477999928, 30.928831934000073 ], [ -7.393952113999944, 30.928348405000065 ], [ -7.393676706999941, 30.92790922000006 ], [ -7.393269446999966, 30.927515084000049 ], [ -7.392682150999974, 30.927238485000032 ], [ -7.392211998999926, 30.927002867000056 ], [ -7.391510063999931, 30.926799716000062 ], [ -7.390981140999941, 30.926908625000067 ], [ -7.390391485999942, 30.927276176000078 ], [ -7.389830948999929, 30.927457167000057 ], [ -7.389118450999945, 30.927526129000057 ], [ -7.388271929999974, 30.927540038000075 ], [ -7.387644008999928, 30.927679177000073 ], [ -7.387102250999931, 30.927960047000056 ], [ -7.386732180999957, 30.928495756000075 ], [ -7.386477032999949, 30.928972327000054 ], [ -7.386339655999961, 30.929518546000054 ], [ -7.386435925999933, 30.930118175000075 ], [ -7.386384663999934, 30.930806130000065 ], [ -7.386082231999978, 30.93139797200007 ], [ -7.38554328999993, 30.931807623000054 ], [ -7.384755366999968, 30.932221389000063 ], [ -7.383675769999968, 30.932210425000051 ], [ -7.383375575999935, 30.932187201000033 ], [ -7.382834656999933, 30.931871414000057 ], [ -7.382031382999969, 30.931526718000043 ], [ -7.381373636999967, 30.931507683000063 ], [ -7.380892121999977, 30.931634817000031 ], [ -7.380305558999964, 30.931704066000066 ], [ -7.379337218999979, 30.93171990500008 ], [ -7.37864884499993, 30.931880295000042 ], [ -7.377504331999944, 30.931749864000039 ], [ -7.37687398099996, 30.931402308000031 ], [ -7.376313461999928, 30.931083414000057 ], [ -7.37548155199994, 30.931007539000063 ], [ -7.374900837999974, 30.931345063000037 ], [ -7.374213766999958, 30.931565023000076 ], [ -7.373728308999944, 30.931513295000059 ], [ -7.373376579999956, 30.931250627000054 ], [ -7.372922457999948, 30.931049279000035 ], [ -7.372256880999942, 30.93067243400003 ], [ -7.371738133999941, 30.930680885000072 ], [ -7.371185476999926, 30.930719692000025 ], [ -7.370247838999944, 30.930556054000078 ], [ -7.369515757999977, 30.93029957300007 ], [ -7.368921965999959, 30.930040831000042 ], [ -7.36846544499997, 30.929610242000024 ], [ -7.368247747999931, 30.929266475000077 ], [ -7.367537851999941, 30.928442984000071 ], [ -7.366888014999972, 30.927201055000069 ], [ -7.366094643999929, 30.925722823000058 ], [ -7.365243861999943, 30.924782350000044 ], [ -7.363064796999936, 30.92320733400004 ], [ -7.362006586999939, 30.922270205000075 ], [ -7.361703973999965, 30.92108223300005 ], [ -7.362085090999926, 30.919525323000073 ], [ -7.361370128999965, 30.918463332000044 ], [ -7.359617881999952, 30.917418137000027 ], [ -7.35669132299995, 30.916451561000031 ], [ -7.353914844999963, 30.916019235000078 ], [ -7.352534359999936, 30.916160810000065 ], [ -7.350885037999944, 30.916664556000057 ], [ -7.348897650999959, 30.917531602000054 ], [ -7.347309651999979, 30.917676457000027 ], [ -7.346338927999966, 30.917572779000068 ], [ -7.345774089999964, 30.917045069000039 ], [ -7.345761193999977, 30.916448841000033 ], [ -7.345741850999957, 30.915554515000053 ], [ -7.345655933999979, 30.914780524000037 ], [ -7.345016800999929, 30.914015419000066 ], [ -7.344103641999936, 30.913374050000073 ], [ -7.342860197999926, 30.913453626000035 ], [ -7.341758750999929, 30.914164124000024 ], [ -7.340435504999959, 30.91120492500005 ], [ -7.339156909999929, 30.908887145000051 ], [ -7.336229193999941, 30.904151202000037 ], [ -7.332954378999943, 30.900398580000058 ], [ -7.331645842999933, 30.898577227000033 ], [ -7.330957418999958, 30.896072801000059 ], [ -7.331250568999963, 30.892560765000042 ], [ -7.33240323299998, 30.889034980000076 ], [ -7.334167425999965, 30.885393153000052 ], [ -7.33676034399997, 30.88031385000005 ], [ -7.339597111999979, 30.875166819000071 ], [ -7.340423190999957, 30.873055550000061 ] ] ] } },
{ "type": "Feature", "properties": { "ADM4_FR": "Ouarzazate", "ADM4_AR": "ورزازات", "ADM4_PCODE": "MA00300140101071", "ADM4_REF": null, "ADM3_FR": "Ouarzazate", "ADM3_AR": "ورزازات", "ADM3_PCODE": "MA0030014010107", "ADM2_FR": "Ouarzazate", "ADM2_AR": "ورزازات", "ADM2_PCODE": "MA003001", "ADM1_FR": "Drâa-Tafilalet", "ADM1_AR": "درعة - تافيلالت", "ADM1_PCODE": "MA003", "ADM0_EN": "Morocco", "ADM0_FR": "Moroc (le)", "ADM0_AR": "المغرب", "ADM0_PCODE": "MA", "date": "2023-09-15", "validOn": "2023-09-25", "validTo": null, "Shape_Leng": 0.32124684160400002, "Shape_Area": 0.0044112781944800001, "AREA_SQKM": 46.7386142549, "Cases": 1140 }, "geometry": { "type": "Polygon", "coordinates": [ [ [ -6.922136028999944, 30.953266285000041 ], [ -6.920481720999931, 30.953050336000047 ], [ -6.893105525999943, 30.954557204000025 ], [ -6.89124951499997, 30.954659154000069 ], [ -6.887784085999954, 30.954849392000028 ], [ -6.871849147999967, 30.951857232000066 ], [ -6.867549399999973, 30.954093878000037 ], [ -6.86667310699994, 30.954545899000038 ], [ -6.859675721999963, 30.927468753000028 ], [ -6.860866055999963, 30.926394756000036 ], [ -6.86114711099998, 30.926348318000066 ], [ -6.861429374999943, 30.926307632000032 ], [ -6.861712687999955, 30.926272720000043 ], [ -6.861996888999954, 30.926243603000046 ], [ -6.862281817999929, 30.926220297000043 ], [ -6.862567311999953, 30.926202815000067 ], [ -6.862853210999958, 30.92619116700007 ], [ -6.863139351999962, 30.926185359000044 ], [ -6.863425572999972, 30.926185396000051 ], [ -6.863711710999951, 30.926191276000054 ], [ -6.863997605999941, 30.926202997000075 ], [ -6.864283093999973, 30.926220552000075 ], [ -6.864568014999975, 30.926243930000055 ], [ -6.864852205999966, 30.926273120000076 ], [ -6.865135506999934, 30.926308104000043 ], [ -6.865417755999943, 30.926348862000054 ], [ -6.865698794999957, 30.926395371000069 ], [ -6.865845763999971, 30.926367140000025 ], [ -6.86599111299995, 30.926333300000067 ], [ -6.866134552999938, 30.926293916000077 ], [ -6.866275795999968, 30.92624906900005 ], [ -6.866414559999953, 30.92619884800007 ], [ -6.866550565999944, 30.926143354000033 ], [ -6.866683542999965, 30.926082697000027 ], [ -6.866813223999941, 30.926016999000069 ], [ -6.866939350999928, 30.925946391000025 ], [ -6.867061669999941, 30.925871015000041 ], [ -6.867179936999946, 30.925791021000066 ], [ -6.867293914999948, 30.925706570000045 ], [ -6.86740337599997, 30.925617831000068 ], [ -6.867508100999942, 30.925524981000024 ], [ -6.867607880999969, 30.925428206000049 ], [ -6.867702514999962, 30.925327699000036 ], [ -6.867791813999929, 30.925223662000064 ], [ -6.86787560099998, 30.925116303000038 ], [ -6.86795370599998, 30.925005837000072 ], [ -6.868025972999931, 30.924892484000054 ], [ -6.86809225899998, 30.924776472000076 ], [ -6.868152429999952, 30.924658034000061 ], [ -6.868206365999981, 30.924537405000024 ], [ -6.868253958999958, 30.924414827000078 ], [ -6.868295113999977, 30.924290546000066 ], [ -6.868329747999951, 30.924164809000047 ], [ -6.868357792999973, 30.924037870000063 ], [ -6.868379190999974, 30.923909982000055 ], [ -6.868886620999945, 30.922724492000043 ], [ -6.870899512999927, 30.921526597000025 ], [ -6.873741639999935, 30.921135919000051 ], [ -6.877588916999969, 30.921847743000058 ], [ -6.877965464999932, 30.921914345000062 ], [ -6.880580132999967, 30.921838586000035 ], [ -6.882262342999979, 30.921898135000049 ], [ -6.88366689399993, 30.921672910000041 ], [ -6.884495972999957, 30.921617059000027 ], [ -6.884967973999949, 30.921497601000056 ], [ -6.885491744999968, 30.921374796000066 ], [ -6.886064863999934, 30.920974082000043 ], [ -6.886472100999981, 30.920417708000059 ], [ -6.888696265999954, 30.917813017000071 ], [ -6.888607551999939, 30.915399686000057 ], [ -6.892675134999934, 30.913594974000034 ], [ -6.895144668999933, 30.912431991000062 ], [ -6.895447598999965, 30.912428021000039 ], [ -6.895830555999964, 30.912423001000036 ], [ -6.896637264999981, 30.912464946000057 ], [ -6.898253384999975, 30.912536175000071 ], [ -6.898868657999969, 30.912751784000079 ], [ -6.899149930999954, 30.912839753000071 ], [ -6.899522558999934, 30.913033306000045 ], [ -6.89994246699996, 30.913326298000072 ], [ -6.900453550999941, 30.913196102000029 ], [ -6.900800552999954, 30.913057614000024 ], [ -6.901210883999966, 30.912983938000025 ], [ -6.901525569999933, 30.913188773000059 ], [ -6.901935186999935, 30.913279113000044 ], [ -6.902391614999942, 30.913273448000041 ], [ -6.902688988999955, 30.913269756000034 ], [ -6.90302133299997, 30.91328948000006 ], [ -6.903299322999942, 30.913427498000033 ], [ -6.903650886999969, 30.913502325000024 ], [ -6.903963515999976, 30.913790670000026 ], [ -6.904334337999956, 30.914042512000037 ], [ -6.904841072999943, 30.914149525000028 ], [ -6.905343455999969, 30.914201758000047 ], [ -6.905799332999948, 30.91437019500006 ], [ -6.906254041999944, 30.914674662000039 ], [ -6.906643220999968, 30.91478313600004 ], [ -6.907038013999966, 30.914814001000025 ], [ -6.907342307999954, 30.914810212000077 ], [ -6.907708443999979, 30.914781799000025 ], [ -6.908050148999962, 30.914788242000043 ], [ -6.908453577999978, 30.914905842000053 ], [ -6.909017117999952, 30.914837050000074 ], [ -6.909382045999962, 30.914760938000029 ], [ -6.909712401999968, 30.91466138800007 ], [ -6.91013285899993, 30.914572650000025 ], [ -6.91057686399995, 30.914650603000041 ], [ -6.911067885999955, 30.914644473000067 ], [ -6.91142709899998, 30.91461613000007 ], [ -6.911837380999941, 30.914539443000024 ], [ -6.912355610999953, 30.914711886000077 ], [ -6.912951294999971, 30.914716371000054 ], [ -6.913340023999979, 30.914842703000033 ], [ -6.913619988999926, 30.91503601900007 ], [ -6.913974396999947, 30.915132974000073 ], [ -6.914338331999943, 30.915384868000046 ], [ -6.914788736999981, 30.915814307000062 ], [ -6.91519415199997, 30.916036154000039 ], [ -6.915546515999949, 30.91606752000007 ], [ -6.915907543999936, 30.916146494000031 ], [ -6.916172952999943, 30.916298231000042 ], [ -6.916508138999973, 30.916484879000052 ], [ -6.916787177999936, 30.916624513000045 ], [ -6.91707884899995, 30.916692426000054 ], [ -6.917451281999945, 30.916711615000054 ], [ -6.91781649099994, 30.916707035000059 ], [ -6.91817135499997, 30.916666797000062 ], [ -6.918544613999927, 30.916650185000037 ], [ -6.919061622999948, 30.916639482000051 ], [ -6.919496989999971, 30.916518960000076 ], [ -6.919825722999974, 30.916323983000041 ], [ -6.920174505999967, 30.916087010000069 ], [ -6.92070490499998, 30.915955110000027 ], [ -6.921128671999952, 30.915966229000048 ], [ -6.923773926999957, 30.916512749000049 ], [ -6.925877786999934, 30.917399282000076 ], [ -6.926742108999974, 30.917962 ], [ -6.927920634999964, 30.91889429500003 ], [ -6.929038924999929, 30.91921327600005 ], [ -6.931021913999928, 30.92007615700004 ], [ -6.936215674999971, 30.921636874000058 ], [ -6.937555031999977, 30.921582654000076 ], [ -6.944872015999977, 30.92128791600004 ], [ -6.945841961999975, 30.921573584000043 ], [ -6.946364866999943, 30.921727569000041 ], [ -6.951613728999973, 30.922831970000061 ], [ -6.953714333999926, 30.922999071000049 ], [ -6.954860220999933, 30.92318657900006 ], [ -6.958380030999933, 30.923761232000061 ], [ -6.960601058999941, 30.924123738000048 ], [ -6.967374650999943, 30.924790391000045 ], [ -6.973072654999953, 30.925575086000038 ], [ -6.97567867999993, 30.925899472000026 ], [ -6.979496683999969, 30.926374591000069 ], [ -6.984894294999947, 30.929838629000074 ], [ -6.985361609999927, 30.930440336000061 ], [ -6.989347598999927, 30.935572231000037 ], [ -6.992620157999966, 30.939785071000074 ], [ -6.986134790999927, 30.961524379000025 ], [ -6.970585823999954, 30.95952231900003 ], [ -6.962506640999948, 30.958458385000029 ], [ -6.955763528999967, 30.957616115000064 ], [ -6.947193441999957, 30.956503904000044 ], [ -6.938041276999968, 30.955324773000029 ], [ -6.936050062999925, 30.955075425000075 ], [ -6.926034955999967, 30.953775169000039 ], [ -6.924149735999947, 30.95352912900006 ], [ -6.922136028999944, 30.953266285000041 ] ] ] } },
{ "type": "Feature", "properties": { "ADM4_FR": "Ouisselsate", "ADM4_AR": "وسلسات", "ADM4_PCODE": "MA00300140103112", "ADM4_REF": null, "ADM3_FR": "Ouisselsate", "ADM3_AR": "وسلسات", "ADM3_PCODE": "MA0030014010311", "ADM2_FR": "Ouarzazate", "ADM2_AR": "ورزازات", "ADM2_PCODE": "MA003001", "ADM1_FR": "Drâa-Tafilalet", "ADM1_AR": "درعة - تافيلالت", "ADM1_PCODE": "MA003", "ADM0_EN": "Morocco", "ADM0_FR": "Moroc (le)", "ADM0_AR": "المغرب", "ADM0_PCODE": "MA", "date": "2023-09-15", "validOn": "2023-09-25", "validTo": null, "Shape_Leng": 2.0981283741699999, "Shape_Area": 0.135702824582, "AREA_SQKM": 1443.96506297, "Cases": 19 }, "geometry": { "type": "Polygon", "coordinates": [ [ [ -7.076261838999926, 30.706630610000047 ], [ -7.071947847999979, 30.706200519000049 ], [ -7.068923549999965, 30.705954118000079 ], [ -7.064631825999925, 30.70555538800005 ], [ -7.063725922999936, 30.705529689000059 ], [ -7.061736390999954, 30.705423517000042 ], [ -7.060009337999929, 30.705180103000032 ], [ -7.057726833999936, 30.704753493000055 ], [ -7.055132490999938, 30.704178420000062 ], [ -7.053180180999959, 30.703689965000024 ], [ -7.052002332999962, 30.703286260000027 ], [ -7.051111159999948, 30.702859539000031 ], [ -7.04857510599993, 30.701844650000055 ], [ -7.047732673999974, 30.701665315000071 ], [ -7.045914291999964, 30.701251235000029 ], [ -7.04103816099996, 30.700268072000028 ], [ -7.039793154999927, 30.699807929000031 ], [ -7.038969626999972, 30.699641865000046 ], [ -7.038286010999968, 30.69950398900005 ], [ -7.031806565999943, 30.69869839200004 ], [ -7.030496626999934, 30.698535479000043 ], [ -7.029012588999933, 30.698350902000072 ], [ -7.024441403999958, 30.697792597000046 ], [ -7.012126990999946, 30.696287676000054 ], [ -7.006508357999962, 30.695587730000057 ], [ -7.002792886999941, 30.695202163000033 ], [ -6.999861658999976, 30.694862123000064 ], [ -6.997083299999929, 30.694570019000025 ], [ -6.997095363999961, 30.693336250000073 ], [ -6.99735822699995, 30.678580303000047 ], [ -6.997378487999981, 30.677442643000063 ], [ -6.996602913999936, 30.671122031000039 ], [ -6.990182703999949, 30.655139907000034 ], [ -6.975240707999944, 30.641715158000068 ], [ -6.970995054999946, 30.639180661000069 ], [ -6.961763924999957, 30.636039208000057 ], [ -6.961453010999946, 30.63590590900003 ], [ -6.954962266999928, 30.626630066000075 ], [ -6.946671555999956, 30.614778685000033 ], [ -6.945871130999933, 30.613634319000028 ], [ -6.944419676999928, 30.611559093000039 ], [ -6.947660221999968, 30.609397495000053 ], [ -6.949904364999952, 30.607111484000029 ], [ -6.951266115999942, 30.605724240000029 ], [ -6.953477023999938, 30.60221998600008 ], [ -6.956138013999976, 30.598374770000078 ], [ -6.95790879499998, 30.595815747000074 ], [ -6.959212026999978, 30.596119724000062 ], [ -6.960364327999969, 30.596388500000046 ], [ -6.966500799999949, 30.597669052000072 ], [ -6.972449578999942, 30.598196131000066 ], [ -6.974463852999975, 30.598234370000057 ], [ -6.977167917999964, 30.598285659000055 ], [ -6.978729267999938, 30.597660715000075 ], [ -6.979487867999978, 30.597911765000049 ], [ -6.980486390999943, 30.598242223000057 ], [ -6.982918327999926, 30.59745472000003 ], [ -6.98568893099997, 30.596058234000054 ], [ -6.988980720999962, 30.594503691000057 ], [ -6.989716939999937, 30.593715271000065 ], [ -6.990695221999943, 30.592667611000024 ], [ -6.990647299999978, 30.589948067000023 ], [ -6.988342430999978, 30.588013874000069 ], [ -6.988297239999952, 30.585445424000056 ], [ -6.990150772999925, 30.585287159000075 ], [ -6.992483062999952, 30.585087970000075 ], [ -6.993026277999945, 30.584796149000056 ], [ -6.99421336499995, 30.584158410000043 ], [ -6.994258818999981, 30.58339208600006 ], [ -6.994482542999947, 30.579621217000067 ], [ -6.99303227799993, 30.576618003000078 ], [ -6.99020121999996, 30.574539688000073 ], [ -6.989507295999942, 30.574047128000075 ], [ -6.987902066999936, 30.572907655000051 ], [ -6.986114210999972, 30.570853469000042 ], [ -6.982463174999964, 30.569710555000029 ], [ -6.97706084999993, 30.568135619000032 ], [ -6.974846386999957, 30.566805048000049 ], [ -6.969480733999944, 30.564943114000073 ], [ -6.967803778999951, 30.563605420000044 ], [ -6.963194010999928, 30.560016139000027 ], [ -6.958635252999954, 30.55696262500004 ], [ -6.955543988999978, 30.553496542000062 ], [ -6.951931597999931, 30.550156325000046 ], [ -6.950291970999956, 30.548918680000043 ], [ -6.947999829999958, 30.548063734000038 ], [ -6.946656714999961, 30.547562176000042 ], [ -6.945568511999966, 30.546779897000079 ], [ -6.944978957999979, 30.546356054000057 ], [ -6.944681467999942, 30.546142168000074 ], [ -6.943566678999957, 30.545247751000034 ], [ -6.942636911999955, 30.544537005000052 ], [ -6.941673169999945, 30.543769418000068 ], [ -6.940785649999953, 30.543108188000076 ], [ -6.939596440999935, 30.542207518000055 ], [ -6.939218914999969, 30.541953529000068 ], [ -6.938250112999981, 30.541301722000071 ], [ -6.937372821999929, 30.54075479100004 ], [ -6.936629979999964, 30.540334969000071 ], [ -6.935838201999957, 30.539951539000072 ], [ -6.934323355999936, 30.539341199000035 ], [ -6.933615577999944, 30.539035365000075 ], [ -6.932658683999932, 30.538647204000029 ], [ -6.932372627999939, 30.538511508000056 ], [ -6.931850060999977, 30.53826361800003 ], [ -6.931457639999962, 30.538032487000066 ], [ -6.930324613999971, 30.537510245000078 ], [ -6.928985212999976, 30.537054950000027 ], [ -6.928254483999979, 30.536806667000064 ], [ -6.927680817999942, 30.536669314000051 ], [ -6.927374708999935, 30.53659602700003 ], [ -6.926835856999958, 30.536502685000073 ], [ -6.926437356999941, 30.536400399000058 ], [ -6.925839709999934, 30.536250564000056 ], [ -6.925216518999946, 30.53605811400007 ], [ -6.92430896999997, 30.535668912000062 ], [ -6.923426561999975, 30.535300839000058 ], [ -6.922586129999956, 30.534968009000067 ], [ -6.921894810999959, 30.534654773000057 ], [ -6.921131197999955, 30.534237708000035 ], [ -6.920144418999939, 30.533789627000033 ], [ -6.919204345999958, 30.533429415000057 ], [ -6.918514252999955, 30.533187704000056 ], [ -6.917781396999942, 30.532860650000032 ], [ -6.917196565999973, 30.532488785000055 ], [ -6.915794579999954, 30.531690737000076 ], [ -6.91454910899995, 30.530862099000046 ], [ -6.913348611999936, 30.530247552000048 ], [ -6.911971471999948, 30.529449149000072 ], [ -6.911646273999963, 30.529342945000053 ], [ -6.911148717999936, 30.529180452000048 ], [ -6.91045208099996, 30.529038910000054 ], [ -6.909366587999955, 30.528873655000041 ], [ -6.908462874999941, 30.528706085000067 ], [ -6.907407692999925, 30.528375840000024 ], [ -6.906251582999971, 30.527939553000067 ], [ -6.905513915999961, 30.527637843000036 ], [ -6.904534484999942, 30.527348166000024 ], [ -6.904242870999951, 30.52730114600007 ], [ -6.902777576999938, 30.527064817000053 ], [ -6.901549044999967, 30.526746237000054 ], [ -6.899549628999978, 30.526253199000053 ], [ -6.899081518999935, 30.526137768000069 ], [ -6.898700484999949, 30.526040463000072 ], [ -6.897222747999933, 30.525663115000043 ], [ -6.896302429999935, 30.525416915000051 ], [ -6.895384105999938, 30.525124775000052 ], [ -6.894255433999945, 30.524843034000071 ], [ -6.892739444999961, 30.524461142000064 ], [ -6.891679396999962, 30.524331156000073 ], [ -6.890671935999933, 30.524047882000048 ], [ -6.889322338999932, 30.523730684000043 ], [ -6.88784222299995, 30.523520007000059 ], [ -6.886881063999965, 30.523369676000073 ], [ -6.886030357999971, 30.523237058000063 ], [ -6.884150057999932, 30.522811853000064 ], [ -6.883674625999959, 30.522669726000061 ], [ -6.883056452999938, 30.522484932000054 ], [ -6.882433636999963, 30.522298755000065 ], [ -6.879862959999969, 30.521433591000061 ], [ -6.878920105999953, 30.521216056000071 ], [ -6.878593084999977, 30.52114060200006 ], [ -6.877139868999961, 30.520805291000045 ], [ -6.876290299999937, 30.520609274000037 ], [ -6.875127450999969, 30.520251454000061 ], [ -6.87482762999997, 30.520112015000052 ], [ -6.909170242999949, 30.497820581000042 ], [ -6.911954369999933, 30.488415420000024 ], [ -6.913764683999943, 30.48333043100007 ], [ -6.847440003999964, 30.451795289000074 ], [ -6.847643706999975, 30.448246115000074 ], [ -6.847725673999946, 30.446991595000043 ], [ -6.848929753999926, 30.446563358000049 ], [ -6.849743537999927, 30.446158860000025 ], [ -6.851075242999968, 30.445785109000042 ], [ -6.852262047999943, 30.445642027000076 ], [ -6.853246757999955, 30.445258110000054 ], [ -6.854017511999928, 30.444919709000033 ], [ -6.854714404999982, 30.444095669000035 ], [ -6.854970546999937, 30.443810173000031 ], [ -6.855152388999954, 30.443603849000056 ], [ -6.855444073999934, 30.443256941000072 ], [ -6.855958594999947, 30.442392159000065 ], [ -6.85608512899995, 30.442047199000058 ], [ -6.856200137999963, 30.441673017000028 ], [ -6.856300197999929, 30.441205643000046 ], [ -6.856178994999937, 30.440584093000041 ], [ -6.85580355999997, 30.440204839000046 ], [ -6.855424351999943, 30.439980396000067 ], [ -6.854974164999931, 30.439713960000063 ], [ -6.85416649299998, 30.439559847000055 ], [ -6.852855987999931, 30.439439044000039 ], [ -6.852299986999981, 30.439281288000075 ], [ -6.851824310999973, 30.439022934000036 ], [ -6.851734384999929, 30.438956321000035 ], [ -6.851648825999973, 30.438885560000074 ], [ -6.851567891999935, 30.438810864000061 ], [ -6.851491825999972, 30.438732457000071 ], [ -6.851420855999947, 30.438650575000054 ], [ -6.851355195999929, 30.438565464000078 ], [ -6.851295041999947, 30.438477379000062 ], [ -6.851240575999952, 30.438386586000036 ], [ -6.851191959999937, 30.438293356000031 ], [ -6.851149341999928, 30.438197969000043 ], [ -6.851053883999953, 30.437878311000077 ], [ -6.851020672999937, 30.437616410000032 ], [ -6.851035571999944, 30.437321504000067 ], [ -6.851104537999959, 30.437032429000055 ], [ -6.851275464999958, 30.436653569000043 ], [ -6.851570281999955, 30.436442273000068 ], [ -6.852108090999934, 30.436056842000028 ], [ -6.852828315999943, 30.435661836000065 ], [ -6.853385953999975, 30.435426165000024 ], [ -6.853630856999928, 30.435251501000039 ], [ -6.85377428399994, 30.43500595200004 ], [ -6.853874566999934, 30.434680535000041 ], [ -6.853958115999944, 30.434240779000049 ], [ -6.854187173999946, 30.433684321000044 ], [ -6.855027850999932, 30.432787770000061 ], [ -6.855433203999951, 30.432325001000038 ], [ -6.855758831999935, 30.431754722000051 ], [ -6.855863083999964, 30.431332511000051 ], [ -6.855814962999943, 30.430778105000059 ], [ -6.855582363999929, 30.430305636000071 ], [ -6.855131805999974, 30.429412297000056 ], [ -6.855380931999946, 30.429077525000025 ], [ -6.856023642999958, 30.42899820100007 ], [ -6.856583305999948, 30.428891272000044 ], [ -6.856972628999927, 30.428715099000044 ], [ -6.857119103999935, 30.428326760000061 ], [ -6.857048704999954, 30.428055738000069 ], [ -6.856827382999938, 30.427643443000079 ], [ -6.856427526999937, 30.427419346000079 ], [ -6.856025065999972, 30.427245837000044 ], [ -6.855480088999968, 30.427030162000051 ], [ -6.854931857999929, 30.426822135000066 ], [ -6.85444711599996, 30.42645595700003 ], [ -6.854210829999943, 30.426245755000025 ], [ -6.85399545599995, 30.425929082000039 ], [ -6.853856908999944, 30.425690412000051 ], [ -6.853700291999928, 30.425191496000025 ], [ -6.853582332999963, 30.424929018000057 ], [ -6.85342905899995, 30.424598455000023 ], [ -6.853363094999963, 30.42408977100007 ], [ -6.85330651299995, 30.423541987000078 ], [ -6.85328753899995, 30.423228109000036 ], [ -6.853398039999945, 30.422911999000064 ], [ -6.853589001999978, 30.422466116000066 ], [ -6.853928071999974, 30.42198982900004 ], [ -6.85426280799993, 30.421751778000043 ], [ -6.854694482999946, 30.421393896000041 ], [ -6.855071726999938, 30.421204204000048 ], [ -6.855513414999962, 30.420983352000064 ], [ -6.85618604299998, 30.420717671000034 ], [ -6.856800775999943, 30.42055762800004 ], [ -6.85788617299994, 30.420326301000046 ], [ -6.859219220999933, 30.420053143000075 ], [ -6.859677723999937, 30.41981865200006 ], [ -6.85990512199993, 30.419586926000079 ], [ -6.85997372099996, 30.419170534000045 ], [ -6.859941196999955, 30.41891422100008 ], [ -6.859888829999932, 30.418571776000078 ], [ -6.859805176999942, 30.418167287000074 ], [ -6.859587363999935, 30.417567888000065 ], [ -6.859420442999976, 30.417174618000047 ], [ -6.859229605999928, 30.416604573000029 ], [ -6.859074563999968, 30.416275478000045 ], [ -6.858887723999942, 30.415878980000059 ], [ -6.85844932699996, 30.415311942000073 ], [ -6.856733519999977, 30.414359722000029 ], [ -6.85583212399996, 30.413961482000047 ], [ -6.854538837999939, 30.413398976000053 ], [ -6.853287565999949, 30.412584157000026 ], [ -6.852817821999963, 30.412117638000041 ], [ -6.852194722999968, 30.41135248300003 ], [ -6.851936323999951, 30.410683094000035 ], [ -6.851772854999979, 30.40975501500003 ], [ -6.851988688999938, 30.409068744000024 ], [ -6.85221648299995, 30.408384771000044 ], [ -6.852495913999974, 30.407477906000054 ], [ -6.852639797999927, 30.407010054000068 ], [ -6.852836606999972, 30.406093485000042 ], [ -6.853067648999968, 30.40506044600005 ], [ -6.853007963999971, 30.404617113000029 ], [ -6.85313178499996, 30.40391498300005 ], [ -6.853419651999957, 30.403339157000062 ], [ -6.853808627999967, 30.402890923000029 ], [ -6.854256831999976, 30.402791278000052 ], [ -6.854715167999927, 30.402808426000036 ], [ -6.855610528999932, 30.403055147000032 ], [ -6.856575390999978, 30.403515662000075 ], [ -6.857607151999957, 30.404032579000045 ], [ -6.85840997899993, 30.404681077000077 ], [ -6.858978718999936, 30.405146373000036 ], [ -6.859089786999959, 30.405197887000043 ], [ -6.859203973999968, 30.405244051000068 ], [ -6.859320933999925, 30.405284724000069 ], [ -6.859440312999936, 30.405319784000028 ], [ -6.859561747999976, 30.405349123000065 ], [ -6.859684870999956, 30.405372653000029 ], [ -6.859809308999957, 30.405390303000047 ], [ -6.859934684999928, 30.405402018000075 ], [ -6.860060618999967, 30.405407764000074 ], [ -6.860186727999974, 30.405407524000054 ], [ -6.860312630999942, 30.405401297000026 ], [ -6.860437945999934, 30.405389102000072 ], [ -6.86056229199994, 30.405370978000064 ], [ -6.86068529299996, 30.405346977000079 ], [ -6.860806575999959, 30.40531717500005 ], [ -6.860925773999952, 30.405281660000071 ], [ -6.86104252399997, 30.405240540000079 ], [ -6.861156472999937, 30.405193940000061 ], [ -6.861267274999932, 30.405142002000048 ], [ -6.861374594999972, 30.405084883000029 ], [ -6.861478105999936, 30.405022755000061 ], [ -6.861577496999928, 30.404955808000068 ], [ -6.86167246399998, 30.404884244000073 ], [ -6.861762718999955, 30.404808280000054 ], [ -6.861847990999934, 30.404728147000071 ], [ -6.861928018999947, 30.404644087000065 ], [ -6.86200256099994, 30.404556356000057 ], [ -6.862071390999972, 30.404465218000041 ], [ -6.862134300999969, 30.404370952000079 ], [ -6.862191098999972, 30.404273842000066 ], [ -6.86224161399997, 30.404174182000077 ], [ -6.862285692999933, 30.404072276000079 ], [ -6.862323200999981, 30.403968431000067 ], [ -6.862354024999945, 30.403862963000051 ], [ -6.862378071999956, 30.40375619100007 ], [ -6.862395268999933, 30.40364844000004 ], [ -6.862405562999925, 30.403540036000038 ], [ -6.862408922999975, 30.403431307000062 ], [ -6.862405339999953, 30.40332258400008 ], [ -6.862394822999931, 30.403214195000032 ], [ -6.86237740599995, 30.403106469000079 ], [ -6.862353139999925, 30.402999734000048 ], [ -6.862322099999972, 30.402894312000058 ], [ -6.86228437799997, 30.402790523000078 ], [ -6.862240090999933, 30.402688683000065 ], [ -6.862189371999932, 30.402589099000068 ], [ -6.859650544999965, 30.400745450000045 ], [ -6.858596750999936, 30.399885398000038 ], [ -6.858122672999968, 30.399147132000053 ], [ -6.857916093999961, 30.398620186000073 ], [ -6.857843640999931, 30.398220424000044 ], [ -6.857903180999926, 30.397819070000025 ], [ -6.858095689999971, 30.397473319000028 ], [ -6.858667292999939, 30.397094411000069 ], [ -6.859076389999927, 30.396874804000049 ], [ -6.859675116999938, 30.396763763000024 ], [ -6.86020347699997, 30.396681859000068 ], [ -6.860508668999955, 30.396642794000059 ], [ -6.861330816999953, 30.396446824000066 ], [ -6.861672983999938, 30.396170802000029 ], [ -6.862011904999974, 30.395694502000026 ], [ -6.862018019999937, 30.395050534000063 ], [ -6.861693609999975, 30.394381975000044 ], [ -6.860453763999942, 30.393530974000043 ], [ -6.859206572999938, 30.392666509000037 ], [ -6.858852421999927, 30.392198619000055 ], [ -6.858582399999932, 30.391829867000069 ], [ -6.858427200999927, 30.391416821000064 ], [ -6.858422926999935, 30.391151730000047 ], [ -6.858417513999939, 30.390815986000064 ], [ -6.858547936999969, 30.390418940000075 ], [ -6.85867036999997, 30.389969273000077 ], [ -6.858750878999956, 30.389483350000035 ], [ -6.858877958999926, 30.389084897000032 ], [ -6.858981300999972, 30.388774220000073 ], [ -6.859101115999977, 30.388174928000069 ], [ -6.859192492999966, 30.387701638000067 ], [ -6.859314826999935, 30.387099204000037 ], [ -6.859283767999955, 30.386198152000077 ], [ -6.859693303999961, 30.383961054000054 ], [ -6.859685686999967, 30.383488967000062 ], [ -6.85958042599998, 30.383103933000029 ], [ -6.859456848999969, 30.382604640000068 ], [ -6.85914601199994, 30.381749884000044 ], [ -6.858772196999951, 30.381081921000032 ], [ -6.858250081999927, 30.380430075000049 ], [ -6.857149793999952, 30.379742296000074 ], [ -6.856265090999955, 30.37945041200004 ], [ -6.854579684999976, 30.378986410000039 ], [ -6.853251667999928, 30.378501667000023 ], [ -6.852835188999961, 30.378230587000076 ], [ -6.852517888999955, 30.378024020000055 ], [ -6.852179385999932, 30.377498707000029 ], [ -6.851869981999926, 30.375965038000061 ], [ -6.852179078999939, 30.375424009000028 ], [ -6.85251797799998, 30.374947743000064 ], [ -6.852775101999953, 30.374515399000074 ], [ -6.853209749999962, 30.373837657000024 ], [ -6.853563310999959, 30.373246730000062 ], [ -6.853900354999951, 30.372656038000059 ], [ -6.854136538999967, 30.371952083000053 ], [ -6.854666850999934, 30.368938537000076 ], [ -6.855264391999981, 30.368203978000054 ], [ -6.855712997999944, 30.36742029800007 ], [ -6.855858219999959, 30.367166614000041 ], [ -6.856134081999926, 30.366877091000049 ], [ -6.858811509999953, 30.365099059000045 ], [ -6.860435036999945, 30.363969886000064 ], [ -6.862372129999926, 30.362844634000055 ], [ -6.863755334999951, 30.362162452000064 ], [ -6.865054412999939, 30.361381159000075 ], [ -6.865667809999934, 30.361051770000074 ], [ -6.869345557999964, 30.35891790900007 ], [ -6.870726557999944, 30.358106948000056 ], [ -6.872066987999972, 30.357339362000062 ], [ -6.87304848399998, 30.356847074000029 ], [ -6.875349184999948, 30.35575387800003 ], [ -6.876480493999964, 30.35531792300003 ], [ -6.877522221999925, 30.354954570000075 ], [ -6.878474136999955, 30.354649571000039 ], [ -6.879336713999976, 30.354431491000071 ], [ -6.880351902999962, 30.354211530000043 ], [ -6.880994530999942, 30.354160686000057 ], [ -6.881817612999953, 30.354050395000058 ], [ -6.882805460999975, 30.353923781000049 ], [ -6.883463387999939, 30.353801192000049 ], [ -6.884302507999962, 30.353662075000045 ], [ -6.885264872999926, 30.353492822000078 ], [ -6.886071472999959, 30.353382703000079 ], [ -6.886524012999928, 30.353312731000074 ], [ -6.887034890999928, 30.353277806000051 ], [ -6.888121083999977, 30.353114122000079 ], [ -6.88942098299998, 30.352904888000069 ], [ -6.890145723999979, 30.352831527000035 ], [ -6.890628464999963, 30.352843435000068 ], [ -6.89107779699998, 30.352827105000074 ], [ -6.89139096699995, 30.352808940000045 ], [ -6.892225463999978, 30.352891586000055 ], [ -6.892845312999953, 30.352962604000027 ], [ -6.893348167999932, 30.352942039000027 ], [ -6.894066067999972, 30.352954612000076 ], [ -6.894437653999944, 30.352978609000047 ], [ -6.895025115999942, 30.353085754000062 ], [ -6.895876485999963, 30.353189652000026 ], [ -6.896471847999976, 30.353275243000041 ], [ -6.897107822999942, 30.353324555000029 ], [ -6.897801546999972, 30.353373176000048 ], [ -6.89893346599996, 30.353480686000069 ], [ -6.900173067999958, 30.353615490000038 ], [ -6.900826147999965, 30.353700339000056 ], [ -6.901868288999935, 30.353866201000073 ], [ -6.903069313999936, 30.354158798000071 ], [ -6.904318691999947, 30.354386431000023 ], [ -6.904898272999958, 30.354515114000037 ], [ -6.905733435999934, 30.35463343300006 ], [ -6.906478698999933, 30.354802969000048 ], [ -6.907717705999971, 30.354994262000048 ], [ -6.908731230999933, 30.35514568800005 ], [ -6.910995190999927, 30.355610901000034 ], [ -6.912573124999938, 30.355915396000057 ], [ -6.913895778999972, 30.356079988000033 ], [ -6.915141013999971, 30.356216931000063 ], [ -6.916562149999947, 30.356351681000035 ], [ -6.918984339999952, 30.356492790000061 ], [ -6.920756619999963, 30.356575358000043 ], [ -6.92363067399998, 30.356767923000064 ], [ -6.926900431999968, 30.356945877000044 ], [ -6.92915676399997, 30.357031666000069 ], [ -6.931224518999954, 30.357024456000033 ], [ -6.931636914999956, 30.358569664000072 ], [ -6.93326787899997, 30.35824595400004 ], [ -6.933728052999925, 30.357876041000054 ], [ -6.943644648999964, 30.354043362000027 ], [ -6.958243021999976, 30.348131886000033 ], [ -6.96301280299997, 30.346338696000032 ], [ -6.973961693999968, 30.34224688300003 ], [ -6.982222193999974, 30.339176719000079 ], [ -6.985626998999976, 30.337672434000069 ], [ -6.986977568999976, 30.337554468000064 ], [ -6.991662476999977, 30.337564116000067 ], [ -7.000763184999926, 30.337445725000066 ], [ -7.004742539999938, 30.337415440000029 ], [ -7.018312717999947, 30.337174026000071 ], [ -7.032674649999933, 30.33700974900006 ], [ -7.039660965999929, 30.336964821000038 ], [ -7.040989924999963, 30.33694631000003 ], [ -7.049955847999968, 30.336744169000042 ], [ -7.051696367999966, 30.336995099000035 ], [ -7.059159303999934, 30.338072062000037 ], [ -7.066496637999933, 30.339198973000066 ], [ -7.068112764999967, 30.339434263000044 ], [ -7.093963275999954, 30.346177385000033 ], [ -7.107478359999959, 30.351328190000061 ], [ -7.109252002999938, 30.352026232000071 ], [ -7.124323035999964, 30.35795612700008 ], [ -7.13485555099993, 30.362049353000032 ], [ -7.150038274999929, 30.368077989000028 ], [ -7.164659665999977, 30.373206453000023 ], [ -7.174181970999939, 30.376309812000045 ], [ -7.183268725999937, 30.379609685000048 ], [ -7.193004756999926, 30.382326849000037 ], [ -7.198760774999926, 30.384884684000042 ], [ -7.199443316999975, 30.385187968000025 ], [ -7.202117021999925, 30.38684121600005 ], [ -7.203703189999942, 30.387346371000035 ], [ -7.202756588999932, 30.390374178000059 ], [ -7.202308116999973, 30.39189052100005 ], [ -7.201038341999947, 30.396094971000025 ], [ -7.200208951999969, 30.39889891200005 ], [ -7.200342889999945, 30.399816150000049 ], [ -7.200516471999947, 30.400242862000027 ], [ -7.20080668199995, 30.401001662000056 ], [ -7.201036223999949, 30.40147520000005 ], [ -7.201269101999969, 30.402115644000048 ], [ -7.201440783999942, 30.402446980000036 ], [ -7.201532290999978, 30.402898736000054 ], [ -7.201516178999952, 30.403471355000079 ], [ -7.201203224999972, 30.404334585000072 ], [ -7.200835254999959, 30.405198674000076 ], [ -7.200199789999942, 30.406448293000039 ], [ -7.199612678999927, 30.407363360000033 ], [ -7.199081956999976, 30.408349095000062 ], [ -7.198550792999981, 30.409310981000033 ], [ -7.197938034999936, 30.410321790000069 ], [ -7.197752621999939, 30.410682318000056 ], [ -7.197270240999956, 30.411333450000029 ], [ -7.196840084999963, 30.411840695000024 ], [ -7.19630319099997, 30.412516457000038 ], [ -7.195950830999948, 30.41278525000007 ], [ -7.202427807999925, 30.41327000800004 ], [ -7.203771779999954, 30.413412019000077 ], [ -7.204700333999938, 30.413612757000067 ], [ -7.207120362999945, 30.413884111000073 ], [ -7.207430783999939, 30.413927155000067 ], [ -7.207987800999945, 30.413918791000071 ], [ -7.20915101199995, 30.413905672000055 ], [ -7.217882295999971, 30.413429673000053 ], [ -7.219809218999956, 30.413467318000073 ], [ -7.22520106199994, 30.413395255000069 ], [ -7.226688019999926, 30.413449015000026 ], [ -7.227602263999927, 30.413482843000054 ], [ -7.228372314999945, 30.413461589000065 ], [ -7.234920794999937, 30.413438269000039 ], [ -7.240962868999929, 30.413317557000028 ], [ -7.242923722999933, 30.417809262000048 ], [ -7.245461778999982, 30.424057081000058 ], [ -7.247975672999928, 30.430181233000042 ], [ -7.249854676999973, 30.434534681000059 ], [ -7.250553267999976, 30.440233871000032 ], [ -7.251307295999936, 30.446947941000076 ], [ -7.251689743999975, 30.450567231000036 ], [ -7.256423557999938, 30.460353090000069 ], [ -7.256812967999963, 30.46121760300008 ], [ -7.258755362999977, 30.465301815000032 ], [ -7.25969883199997, 30.467332383000041 ], [ -7.259891228999948, 30.467874768000058 ], [ -7.261022812999954, 30.467698364000057 ], [ -7.269005300999936, 30.466552055000079 ], [ -7.275509993999947, 30.46555654000008 ], [ -7.281343688999925, 30.464738154000031 ], [ -7.284006111999929, 30.464929002000076 ], [ -7.285722531999966, 30.465057498000078 ], [ -7.288160192999953, 30.465281812000057 ], [ -7.293363360999933, 30.465650885000059 ], [ -7.296680455999933, 30.465884925000069 ], [ -7.300858318999929, 30.466198299000041 ], [ -7.303397920999942, 30.466379988000028 ], [ -7.306483156999946, 30.466581606000034 ], [ -7.308840679999946, 30.466744609000045 ], [ -7.310810163999975, 30.466913758000032 ], [ -7.31307701399993, 30.467085251000071 ], [ -7.313854100999947, 30.467115843000045 ], [ -7.315682142999947, 30.467237060000059 ], [ -7.317444905999935, 30.467395027000066 ], [ -7.320165649999979, 30.46754487000004 ], [ -7.324188956999933, 30.467833649000056 ], [ -7.325758696999969, 30.467929327000036 ], [ -7.326313126999935, 30.467783330000032 ], [ -7.326765532999957, 30.467774593000058 ], [ -7.327178212999968, 30.467759054000055 ], [ -7.327557467999952, 30.467589001000078 ], [ -7.327948837999941, 30.467301009000039 ], [ -7.328366968999944, 30.46709753500005 ], [ -7.328711909999981, 30.466890782000064 ], [ -7.328881058999968, 30.466592929000058 ], [ -7.328990567999938, 30.466321355000048 ], [ -7.329281434999928, 30.466082681000046 ], [ -7.329603622999969, 30.465777882000054 ], [ -7.329742022999937, 30.465490954000074 ], [ -7.329800408999972, 30.465162072000055 ], [ -7.329677422999964, 30.464882311000054 ], [ -7.329428224999958, 30.464655268000058 ], [ -7.329317342999957, 30.464378269000065 ], [ -7.329500085999939, 30.463990754000065 ], [ -7.329925827999944, 30.463782695000077 ], [ -7.330219726999928, 30.463685571000042 ], [ -7.330556031999947, 30.463559439000051 ], [ -7.330823603999931, 30.463276404000055 ], [ -7.330997263999961, 30.462868154000034 ], [ -7.33117688599998, 30.462495584000067 ], [ -7.331360450999966, 30.462067810000065 ], [ -7.331653873999926, 30.461706844000048 ], [ -7.332015670999965, 30.461405892000073 ], [ -7.332262745999969, 30.461211131000027 ], [ -7.332460847999926, 30.460979870000074 ], [ -7.332775462999962, 30.460524654000039 ], [ -7.332983704999947, 30.460123305000025 ], [ -7.333221195999954, 30.459924215000058 ], [ -7.333536969999955, 30.459804355000074 ], [ -7.333777422999958, 30.459542627000076 ], [ -7.333699678999949, 30.459205869000073 ], [ -7.333489267999937, 30.458861548000073 ], [ -7.333673261999934, 30.458614129000068 ], [ -7.33400710199993, 30.458455236000077 ], [ -7.334416186999931, 30.458272765000061 ], [ -7.334748089999948, 30.458183968000071 ], [ -7.335143315999971, 30.458079230000067 ], [ -7.335437075999948, 30.457798323000077 ], [ -7.33567398799994, 30.45746054600005 ], [ -7.335978676999957, 30.457033495000076 ], [ -7.336379097999952, 30.456833863000043 ], [ -7.336556753999957, 30.456451795000078 ], [ -7.336650307999946, 30.455999517000066 ], [ -7.336709438999947, 30.455739779000055 ], [ -7.336788223999974, 30.455401627000072 ], [ -7.336983954999937, 30.455061601000068 ], [ -7.33729722299995, 30.454585502000043 ], [ -7.337522988999979, 30.454200275000062 ], [ -7.337665349999952, 30.453938608000044 ], [ -7.337736737999933, 30.453576729000076 ], [ -7.337727043999962, 30.453284714000063 ], [ -7.33775916899998, 30.452777381000033 ], [ -7.337723682999979, 30.452405283000076 ], [ -7.337612867999951, 30.451971814000046 ], [ -7.337444726999934, 30.451673397000036 ], [ -7.337466433999964, 30.451401745000055 ], [ -7.337638231999961, 30.451068060000068 ], [ -7.337876404999975, 30.450781017000054 ], [ -7.338146035999955, 30.450517317000049 ], [ -7.338338637999925, 30.450192212000047 ], [ -7.338503205999928, 30.449843753000039 ], [ -7.338642639999932, 30.449605979000069 ], [ -7.338784862999944, 30.449338365000074 ], [ -7.33898843399993, 30.449042917000043 ], [ -7.339233718999935, 30.448848157000043 ], [ -7.339756510999962, 30.448756273000072 ], [ -7.340185863999977, 30.44871954000007 ], [ -7.340679032999958, 30.448611723000056 ], [ -7.340963543999976, 30.448240444000078 ], [ -7.341117181999948, 30.447863804000065 ], [ -7.341274001999977, 30.447601269000074 ], [ -7.346006050999961, 30.452261802000066 ], [ -7.347627388999967, 30.453841247000071 ], [ -7.350591922999968, 30.456921205000071 ], [ -7.352774372999932, 30.459267283000031 ], [ -7.35399281499997, 30.460529518000044 ], [ -7.354591592999952, 30.461163768000063 ], [ -7.356846419999954, 30.463577805000057 ], [ -7.358338167999932, 30.46507998800007 ], [ -7.36009467599996, 30.467042971000069 ], [ -7.361593389999939, 30.468641175000073 ], [ -7.36452339899995, 30.471789836000028 ], [ -7.367544891999955, 30.474993787000074 ], [ -7.369755338999937, 30.477361820000056 ], [ -7.37045130499996, 30.47811441500005 ], [ -7.373692475999974, 30.481619187000035 ], [ -7.377528152999957, 30.485754048000047 ], [ -7.38023377899998, 30.488679119000039 ], [ -7.380935688999955, 30.489437916000043 ], [ -7.386718997999935, 30.490430316000072 ], [ -7.392270326999949, 30.491388101000041 ], [ -7.396595182999931, 30.49217513800005 ], [ -7.403064341999936, 30.493279420000079 ], [ -7.406813543999931, 30.493932545000064 ], [ -7.412675373999946, 30.494960584000069 ], [ -7.416270285999929, 30.495606467000073 ], [ -7.421059164999974, 30.496432570000024 ], [ -7.424621168999977, 30.49707879500005 ], [ -7.427519255999925, 30.49759294100005 ], [ -7.428717816999949, 30.49945228200005 ], [ -7.432508399999961, 30.504864695000037 ], [ -7.435971201999962, 30.509891411000069 ], [ -7.440355524999973, 30.516180896000037 ], [ -7.445470747999934, 30.523574144000065 ], [ -7.449290726999948, 30.529111145000059 ], [ -7.452325984999959, 30.533454023000047 ], [ -7.454310720999956, 30.536396955000043 ], [ -7.456757535999941, 30.54001762300004 ], [ -7.475978986999962, 30.541333632000033 ], [ -7.477668279999932, 30.542107508000072 ], [ -7.483092874999954, 30.545235720000051 ], [ -7.477210829999933, 30.548874064000074 ], [ -7.463808157999949, 30.554922954000062 ], [ -7.460153762999937, 30.556343588000061 ], [ -7.456382059999953, 30.557809691000045 ], [ -7.450394161999952, 30.56013686700004 ], [ -7.445340089999945, 30.562100795000049 ], [ -7.440792208999937, 30.564805841000066 ], [ -7.438261127999965, 30.566311187000053 ], [ -7.435034145999964, 30.567074780000041 ], [ -7.434056747999932, 30.567306044000077 ], [ -7.430659989999981, 30.568109673000038 ], [ -7.418634233999967, 30.57484727800005 ], [ -7.410943303999943, 30.580204330000072 ], [ -7.402832296999975, 30.587230523000073 ], [ -7.401293280999937, 30.588563504000035 ], [ -7.401037366999958, 30.588785147000067 ], [ -7.394832875999953, 30.593412508000029 ], [ -7.389956708999932, 30.595663268000067 ], [ -7.384214736999979, 30.598313276000056 ], [ -7.381016650999925, 30.599789061000024 ], [ -7.374701753999943, 30.601692734000039 ], [ -7.374163517999932, 30.602191235000078 ], [ -7.371709817999943, 30.604463717000044 ], [ -7.370596137999939, 30.605555294000055 ], [ -7.369991519999928, 30.606280768000033 ], [ -7.368415512999945, 30.609884454000053 ], [ -7.365956521999976, 30.610938302000079 ], [ -7.362130076999961, 30.612521202000039 ], [ -7.357371102999934, 30.614029711000057 ], [ -7.355978007999965, 30.614498851000064 ], [ -7.353743419999944, 30.615251337000075 ], [ -7.350499862999925, 30.616705189000072 ], [ -7.348414421999962, 30.617514128000039 ], [ -7.343629165999971, 30.619682027000067 ], [ -7.340304111999956, 30.622812571000054 ], [ -7.338903873999925, 30.623879855000041 ], [ -7.337361742999974, 30.625278556000069 ], [ -7.336322954999957, 30.626225532000035 ], [ -7.335253031999969, 30.627131531000032 ], [ -7.333445911999945, 30.628661719000036 ], [ -7.331804062999936, 30.630047664000074 ], [ -7.330126537999945, 30.63175035900008 ], [ -7.328953134999949, 30.632941329000062 ], [ -7.327040556999975, 30.634832453000058 ], [ -7.323635943999932, 30.638164192000033 ], [ -7.321847910999963, 30.639695465000045 ], [ -7.320937433999973, 30.640468475000034 ], [ -7.320158160999938, 30.64118215700006 ], [ -7.318297105999932, 30.642399667000063 ], [ -7.318037235999952, 30.642632782000078 ], [ -7.315944806999937, 30.64386821800008 ], [ -7.313740698999936, 30.645305753000059 ], [ -7.310654514999953, 30.64730108200007 ], [ -7.308207498999934, 30.649000003000026 ], [ -7.306705352999927, 30.649982675000047 ], [ -7.305792870999937, 30.650669750000077 ], [ -7.304867742999932, 30.651543061000041 ], [ -7.303038102999949, 30.653650114000072 ], [ -7.301692836999962, 30.653476084000033 ], [ -7.295118732999981, 30.652461416000051 ], [ -7.289162095999927, 30.652431794000051 ], [ -7.288701069999945, 30.652701271000069 ], [ -7.277116766999939, 30.659471791000044 ], [ -7.272782676999952, 30.660937954000076 ], [ -7.272156936999977, 30.66114962000006 ], [ -7.268880068999977, 30.662257958000055 ], [ -7.263774792999925, 30.662885932000052 ], [ -7.256945583999936, 30.661655281000037 ], [ -7.24707144499996, 30.662741926000024 ], [ -7.233649721999939, 30.664282447000062 ], [ -7.21662231199997, 30.671085781000045 ], [ -7.210182734999933, 30.673854263000067 ], [ -7.201796736999938, 30.672109482000053 ], [ -7.188607938999951, 30.669901051000068 ], [ -7.184416218999957, 30.669986204000054 ], [ -7.176990531999934, 30.670136669000044 ], [ -7.173471358999961, 30.670492990000071 ], [ -7.172160435999956, 30.670625718000053 ], [ -7.166609971999947, 30.674001616000055 ], [ -7.160148705999973, 30.678720350000049 ], [ -7.148909561999972, 30.684624313000029 ], [ -7.139905944999953, 30.688956294000036 ], [ -7.134199244999934, 30.692686822000042 ], [ -7.130002092999973, 30.696210389000044 ], [ -7.126807629999973, 30.702248252000061 ], [ -7.12540377199997, 30.705401821000066 ], [ -7.124601237999968, 30.705835034000074 ], [ -7.121425214999931, 30.706137914000067 ], [ -7.103906317999929, 30.707663514000046 ], [ -7.101335571999925, 30.707887162000077 ], [ -7.096596888999954, 30.707698115000028 ], [ -7.095324748999928, 30.707636732000026 ], [ -7.093996618999938, 30.707561791000046 ], [ -7.091187617999935, 30.707402134000063 ], [ -7.085728571999937, 30.707123066000065 ], [ -7.080436160999966, 30.706849624000029 ], [ -7.079434072999959, 30.706799368000077 ], [ -7.076467230999981, 30.706651087000068 ], [ -7.076261838999926, 30.706630610000047 ] ], [ [ -7.218439847999946, 30.560524814000075 ], [ -7.218223805999969, 30.560068102000059 ], [ -7.208109227999955, 30.562567198000067 ], [ -7.209844530999931, 30.567340642000033 ], [ -7.206892831999937, 30.56817938100005 ], [ -7.201295562999974, 30.569275332000075 ], [ -7.199302351999961, 30.569460107000054 ], [ -7.189209266999967, 30.56923536100004 ], [ -7.187282441999969, 30.569192360000045 ], [ -7.184186102999945, 30.568326768000077 ], [ -7.172868651999977, 30.561995621000051 ], [ -7.17083572699994, 30.561631955000053 ], [ -7.168894591999958, 30.561731986000041 ], [ -7.166224669999963, 30.563393037000026 ], [ -7.165384998999969, 30.561962313000038 ], [ -7.164323760999935, 30.560546768000052 ], [ -7.163238365999973, 30.559817850000059 ], [ -7.157078684999931, 30.555680778000067 ], [ -7.156837689999975, 30.556206598000074 ], [ -7.155011547999948, 30.560229181000068 ], [ -7.15128859899994, 30.568428880000056 ], [ -7.152684923999971, 30.56794349200004 ], [ -7.153962786999955, 30.567746017000047 ], [ -7.15531879599996, 30.567661023000028 ], [ -7.156508323999958, 30.567978981000067 ], [ -7.157113174999949, 30.568165251000039 ], [ -7.158369198999935, 30.568969828000036 ], [ -7.159426298999961, 30.569408072000044 ], [ -7.159703040999943, 30.569522808000045 ], [ -7.160495367999943, 30.569869010000048 ], [ -7.162578058999941, 30.569473139000024 ], [ -7.162473687999977, 30.570949791000032 ], [ -7.162180865999972, 30.575091794000059 ], [ -7.16160993699998, 30.583166843000072 ], [ -7.164365754999949, 30.584206902000062 ], [ -7.170971448999978, 30.584516253000061 ], [ -7.178753481999934, 30.584880231000056 ], [ -7.181008763999955, 30.584998583000072 ], [ -7.184251595999967, 30.585119496000061 ], [ -7.184988161999968, 30.585178684000027 ], [ -7.18670184299998, 30.585300605000043 ], [ -7.188746402999925, 30.585370251000029 ], [ -7.190748063999933, 30.585123354000075 ], [ -7.193482671999959, 30.584765502000039 ], [ -7.195865459999936, 30.584415136000075 ], [ -7.19534484199994, 30.587391509000042 ], [ -7.196350461999941, 30.587398103000055 ], [ -7.196689213999946, 30.587400325000033 ], [ -7.200045214999932, 30.587422253000057 ], [ -7.213291279999964, 30.587507893000065 ], [ -7.222893154999952, 30.584709640000028 ], [ -7.223665516999972, 30.58284631600003 ], [ -7.223974461999944, 30.581863898000051 ], [ -7.224691051999969, 30.580076709000025 ], [ -7.224949897999977, 30.579275814000027 ], [ -7.225199802999953, 30.578502509000032 ], [ -7.22579534099998, 30.576745656000071 ], [ -7.226012942999944, 30.57569963900005 ], [ -7.221975095999937, 30.567903021000063 ], [ -7.221455898999977, 30.566900384000064 ], [ -7.218439847999946, 30.560524814000075 ] ] ] } },
{ "type": "Feature", "properties": { "ADM4_FR": "Siroua", "ADM4_AR": "سروا", "ADM4_PCODE": "MA00300140103132", "ADM4_REF": null, "ADM3_FR": "Siroua", "ADM3_AR": "سروا", "ADM3_PCODE": "MA0030014010313", "ADM2_FR": "Ouarzazate", "ADM2_AR": "ورزازات", "ADM2_PCODE": "MA003001", "ADM1_FR": "Drâa-Tafilalet", "ADM1_AR": "درعة - تافيلالت", "ADM1_PCODE": "MA003", "ADM0_EN": "Morocco", "ADM0_FR": "Moroc (le)", "ADM0_AR": "المغرب", "ADM0_PCODE": "MA", "date": "2023-09-15", "validOn": "2023-09-25", "validTo": null, "Shape_Leng": 1.59730406103, "Shape_Area": 0.094160961259500006, "AREA_SQKM": 999.90413945800003, "Cases": 6 }, "geometry": { "type": "Polygon", "coordinates": [ [ [ -7.220563643999981, 30.831295384000043 ], [ -7.208164017999934, 30.830928630000074 ], [ -7.204047185999968, 30.831038761000059 ], [ -7.200366689999953, 30.831020756000044 ], [ -7.195892439999966, 30.831220426000073 ], [ -7.192622777999929, 30.831268944000044 ], [ -7.187943273999963, 30.832536148000031 ], [ -7.184400582999956, 30.833747471000038 ], [ -7.180871151999952, 30.835287396000069 ], [ -7.177071019999971, 30.835555874000079 ], [ -7.175348737999968, 30.835368602000074 ], [ -7.171642020999968, 30.834147647000066 ], [ -7.16916049799994, 30.832802375000028 ], [ -7.164798718999975, 30.829465232000075 ], [ -7.163667995999958, 30.829085028000065 ], [ -7.161615304999941, 30.828314455000054 ], [ -7.16158755999993, 30.827799900000059 ], [ -7.161485335999942, 30.826722785000072 ], [ -7.138475262999975, 30.820464123000079 ], [ -7.135522585999979, 30.819641795000052 ], [ -7.131010127999957, 30.818412352000053 ], [ -7.128511653999965, 30.817700638000076 ], [ -7.127052487999947, 30.817280181000058 ], [ -7.125829826999961, 30.816939792000028 ], [ -7.123634562999939, 30.81632705100003 ], [ -7.12114829799998, 30.815670670000031 ], [ -7.120768098999974, 30.816094380000038 ], [ -7.120140994999929, 30.816790623000031 ], [ -7.118668900999978, 30.816589462000024 ], [ -7.117810241999962, 30.816486913000062 ], [ -7.121423598999968, 30.814106021000043 ], [ -7.125555018999933, 30.810692686000039 ], [ -7.127718680999976, 30.807759416000067 ], [ -7.128558460999955, 30.806620867000049 ], [ -7.12880045199995, 30.806292770000027 ], [ -7.129879635999941, 30.804824726000049 ], [ -7.13203791899997, 30.801888580000025 ], [ -7.13268573199997, 30.800993279000068 ], [ -7.136815007999928, 30.793651339000064 ], [ -7.137300827999979, 30.792775750000033 ], [ -7.138561780999964, 30.790433251000024 ], [ -7.138564268999971, 30.790428630000065 ], [ -7.138566515999969, 30.790423941000029 ], [ -7.139710591999972, 30.788037132000056 ], [ -7.140475992999939, 30.786531933000049 ], [ -7.140939901999957, 30.785098312000059 ], [ -7.141672425999957, 30.783003656000062 ], [ -7.142032472999972, 30.781946398000059 ], [ -7.142333809999968, 30.780881030000046 ], [ -7.142918711999926, 30.778746549000061 ], [ -7.143440114999976, 30.776549020000061 ], [ -7.143854117999979, 30.774334520000025 ], [ -7.144089313999928, 30.773229599000047 ], [ -7.145370865999951, 30.767154763000065 ], [ -7.146455393999929, 30.762014560000068 ], [ -7.146726227999977, 30.760737160000076 ], [ -7.147014878999926, 30.759368619000043 ], [ -7.147121125999945, 30.758740483000054 ], [ -7.147172972999954, 30.75843179900005 ], [ -7.147671379999963, 30.75292556100004 ], [ -7.147681807999959, 30.752382141000055 ], [ -7.14768515399993, 30.751838651000071 ], [ -7.147681415999955, 30.75129516100003 ], [ -7.147670593999976, 30.75075173700003 ], [ -7.147652690999962, 30.750208448000024 ], [ -7.147627708999948, 30.749665363000076 ], [ -7.147595648999925, 30.749122550000038 ], [ -7.147556517999931, 30.748580076000053 ], [ -7.147510318999934, 30.748038009000027 ], [ -7.147457057999929, 30.747496419000072 ], [ -7.147396741999955, 30.74695537100007 ], [ -7.147329378999927, 30.746414936000065 ], [ -7.14715956699996, 30.745225391000076 ], [ -7.146719861999941, 30.742369204000056 ], [ -7.146023767999964, 30.74012594900006 ], [ -7.145638237999947, 30.738870635000069 ], [ -7.145431584999926, 30.738202163000039 ], [ -7.145296907999978, 30.737766477000037 ], [ -7.144999231999975, 30.736803586000065 ], [ -7.14286866599997, 30.732268779000037 ], [ -7.141621523999959, 30.728932451000048 ], [ -7.139926636999974, 30.724670876000062 ], [ -7.138584811999976, 30.721988115000045 ], [ -7.13615767899995, 30.71876194400005 ], [ -7.134629874999973, 30.716821049000032 ], [ -7.133601177999935, 30.715500331000044 ], [ -7.130882743999962, 30.712552998000035 ], [ -7.124601237999968, 30.705835034000074 ], [ -7.12540377199997, 30.705401821000066 ], [ -7.126807629999973, 30.702248252000061 ], [ -7.130002092999973, 30.696210389000044 ], [ -7.134199244999934, 30.692686822000042 ], [ -7.139905944999953, 30.688956294000036 ], [ -7.148909561999972, 30.684624313000029 ], [ -7.160148705999973, 30.678720350000049 ], [ -7.166609971999947, 30.674001616000055 ], [ -7.172160435999956, 30.670625718000053 ], [ -7.173471358999961, 30.670492990000071 ], [ -7.176990531999934, 30.670136669000044 ], [ -7.184416218999957, 30.669986204000054 ], [ -7.188607938999951, 30.669901051000068 ], [ -7.201796736999938, 30.672109482000053 ], [ -7.210182734999933, 30.673854263000067 ], [ -7.21662231199997, 30.671085781000045 ], [ -7.233649721999939, 30.664282447000062 ], [ -7.24707144499996, 30.662741926000024 ], [ -7.256945583999936, 30.661655281000037 ], [ -7.263774792999925, 30.662885932000052 ], [ -7.268880068999977, 30.662257958000055 ], [ -7.272156936999977, 30.66114962000006 ], [ -7.272782676999952, 30.660937954000076 ], [ -7.277116766999939, 30.659471791000044 ], [ -7.288701069999945, 30.652701271000069 ], [ -7.289162095999927, 30.652431794000051 ], [ -7.295118732999981, 30.652461416000051 ], [ -7.301692836999962, 30.653476084000033 ], [ -7.303038102999949, 30.653650114000072 ], [ -7.304867742999932, 30.651543061000041 ], [ -7.305792870999937, 30.650669750000077 ], [ -7.306705352999927, 30.649982675000047 ], [ -7.308207498999934, 30.649000003000026 ], [ -7.310654514999953, 30.64730108200007 ], [ -7.313740698999936, 30.645305753000059 ], [ -7.315944806999937, 30.64386821800008 ], [ -7.318037235999952, 30.642632782000078 ], [ -7.318297105999932, 30.642399667000063 ], [ -7.320158160999938, 30.64118215700006 ], [ -7.320937433999973, 30.640468475000034 ], [ -7.321847910999963, 30.639695465000045 ], [ -7.323635943999932, 30.638164192000033 ], [ -7.327040556999975, 30.634832453000058 ], [ -7.328953134999949, 30.632941329000062 ], [ -7.330126537999945, 30.63175035900008 ], [ -7.331804062999936, 30.630047664000074 ], [ -7.333445911999945, 30.628661719000036 ], [ -7.335253031999969, 30.627131531000032 ], [ -7.336322954999957, 30.626225532000035 ], [ -7.337361742999974, 30.625278556000069 ], [ -7.338903873999925, 30.623879855000041 ], [ -7.340304111999956, 30.622812571000054 ], [ -7.343629165999971, 30.619682027000067 ], [ -7.348414421999962, 30.617514128000039 ], [ -7.350499862999925, 30.616705189000072 ], [ -7.353743419999944, 30.615251337000075 ], [ -7.355978007999965, 30.614498851000064 ], [ -7.357371102999934, 30.614029711000057 ], [ -7.362130076999961, 30.612521202000039 ], [ -7.365956521999976, 30.610938302000079 ], [ -7.368415512999945, 30.609884454000053 ], [ -7.369991519999928, 30.606280768000033 ], [ -7.370596137999939, 30.605555294000055 ], [ -7.371709817999943, 30.604463717000044 ], [ -7.374163517999932, 30.602191235000078 ], [ -7.374701753999943, 30.601692734000039 ], [ -7.381016650999925, 30.599789061000024 ], [ -7.384214736999979, 30.598313276000056 ], [ -7.389956708999932, 30.595663268000067 ], [ -7.394832875999953, 30.593412508000029 ], [ -7.401037366999958, 30.588785147000067 ], [ -7.401293280999937, 30.588563504000035 ], [ -7.402832296999975, 30.587230523000073 ], [ -7.410943303999943, 30.580204330000072 ], [ -7.418634233999967, 30.57484727800005 ], [ -7.430659989999981, 30.568109673000038 ], [ -7.434056747999932, 30.567306044000077 ], [ -7.435034145999964, 30.567074780000041 ], [ -7.438261127999965, 30.566311187000053 ], [ -7.440792208999937, 30.564805841000066 ], [ -7.445340089999945, 30.562100795000049 ], [ -7.450394161999952, 30.56013686700004 ], [ -7.456382059999953, 30.557809691000045 ], [ -7.460153762999937, 30.556343588000061 ], [ -7.463808157999949, 30.554922954000062 ], [ -7.477210829999933, 30.548874064000074 ], [ -7.483092874999954, 30.545235720000051 ], [ -7.477668279999932, 30.542107508000072 ], [ -7.475978986999962, 30.541333632000033 ], [ -7.480841433999956, 30.539153853000073 ], [ -7.48639250399998, 30.537939861000041 ], [ -7.492488269999967, 30.537088854000046 ], [ -7.495911460999935, 30.536656691000076 ], [ -7.50108901599998, 30.535541677000026 ], [ -7.504617173999975, 30.53501431400008 ], [ -7.510303198999964, 30.535008058000074 ], [ -7.530228286999943, 30.539944482000067 ], [ -7.525445889999958, 30.543858464000039 ], [ -7.519179210999937, 30.550485809000065 ], [ -7.517218232999937, 30.552656744000046 ], [ -7.516245710999954, 30.55408473500006 ], [ -7.515615621999927, 30.556917584000075 ], [ -7.514078867999956, 30.563999113000079 ], [ -7.511932423999951, 30.571494419000032 ], [ -7.511979696999958, 30.572843998000053 ], [ -7.517985197999963, 30.578339213000049 ], [ -7.518003223999926, 30.57871465900007 ], [ -7.518026321999969, 30.578993345000072 ], [ -7.518017677999978, 30.579329850000079 ], [ -7.518008863999967, 30.579659148000076 ], [ -7.518065153999942, 30.579944419000071 ], [ -7.517974857999945, 30.580325264000066 ], [ -7.517901743999971, 30.580734427000039 ], [ -7.518016427999953, 30.581040126000062 ], [ -7.51826072199998, 30.581229030000031 ], [ -7.518269953999948, 30.581622474000028 ], [ -7.518300437999926, 30.582215875000031 ], [ -7.518238549999978, 30.58257476600005 ], [ -7.518366498999967, 30.582915996000054 ], [ -7.518506727999977, 30.583253443000046 ], [ -7.518564824999942, 30.583613792000051 ], [ -7.518686169999967, 30.584026721000043 ], [ -7.51878205099996, 30.584411437000028 ], [ -7.518889472999945, 30.584760208000034 ], [ -7.519168855999965, 30.585034377000056 ], [ -7.519535175999977, 30.585135286000025 ], [ -7.519926950999945, 30.585264366000047 ], [ -7.520500100999925, 30.585368799000037 ], [ -7.520729370999959, 30.585622373000035 ], [ -7.520801923999954, 30.585893011000053 ], [ -7.520902595999928, 30.586306297000078 ], [ -7.520919612999933, 30.586678113000062 ], [ -7.520601370999941, 30.593553454000073 ], [ -7.536046473999932, 30.594657020000056 ], [ -7.536302114999955, 30.594951260000073 ], [ -7.543406666999942, 30.602151787000025 ], [ -7.543819046999943, 30.602534820000074 ], [ -7.552402497999935, 30.610264492000056 ], [ -7.552721034999934, 30.610831860000076 ], [ -7.554443577999962, 30.613908041000059 ], [ -7.555279082999959, 30.617815868000037 ], [ -7.555336025999964, 30.61812255500007 ], [ -7.555344568999942, 30.618480218000059 ], [ -7.555420822999963, 30.618901072000028 ], [ -7.555585084999962, 30.619542185000057 ], [ -7.555740446999948, 30.619811349000031 ], [ -7.555681473999925, 30.62011295800005 ], [ -7.555671064999956, 30.620370756000057 ], [ -7.55559896099993, 30.620815736000054 ], [ -7.555757079999978, 30.621199363000073 ], [ -7.555848986999933, 30.62158413800006 ], [ -7.555971631999967, 30.621868213000027 ], [ -7.55631793699996, 30.622162586000059 ], [ -7.557862159999956, 30.626185379000049 ], [ -7.557938254999954, 30.626572759000055 ], [ -7.55806948299994, 30.627240809000057 ], [ -7.558026365999979, 30.628602427000033 ], [ -7.55796073199997, 30.630674995000049 ], [ -7.557885449999958, 30.633051795000029 ], [ -7.55916132699997, 30.635877821000065 ], [ -7.561088604999952, 30.638732468000057 ], [ -7.563519333999977, 30.64157810200004 ], [ -7.57671045799998, 30.652158576000033 ], [ -7.579106551999928, 30.655138910000062 ], [ -7.582392312999957, 30.657740284000056 ], [ -7.586911552999936, 30.658800738000025 ], [ -7.589047799999946, 30.659276259000023 ], [ -7.59026107699998, 30.659546317000036 ], [ -7.594676428999946, 30.660151481000071 ], [ -7.595172396999942, 30.660159313000065 ], [ -7.596158622999951, 30.660174887000039 ], [ -7.596932667999965, 30.660187123000071 ], [ -7.601936, 30.660266040000067 ], [ -7.602582093999956, 30.66027620400007 ], [ -7.612166556999966, 30.660596847000079 ], [ -7.622060319999946, 30.66092704600004 ], [ -7.622978615999955, 30.660959102000049 ], [ -7.624237609999966, 30.661003047000065 ], [ -7.627100698999925, 30.661102919000029 ], [ -7.627848042999972, 30.661097682000047 ], [ -7.631363377999946, 30.661158575000059 ], [ -7.634141341999964, 30.660704021000072 ], [ -7.636879718999978, 30.660216570000046 ], [ -7.640228399999955, 30.659348132000048 ], [ -7.645709032999946, 30.658224991000054 ], [ -7.649052531999928, 30.657154839000043 ], [ -7.653878309999925, 30.65494826500003 ], [ -7.659536312999933, 30.651953194000043 ], [ -7.660710045999963, 30.651180470000043 ], [ -7.663423106999971, 30.649394252000036 ], [ -7.665712313999961, 30.648007461000077 ], [ -7.669442816999947, 30.644792767000069 ], [ -7.672691010999927, 30.641506438000079 ], [ -7.671812693999925, 30.644472423000025 ], [ -7.669428016999973, 30.652842977000034 ], [ -7.660625599999946, 30.682853225000031 ], [ -7.659347571999945, 30.685911282000063 ], [ -7.656925547999947, 30.688370840000061 ], [ -7.652439362999928, 30.692565399000046 ], [ -7.648968628999967, 30.695240093000052 ], [ -7.646966604999932, 30.696451877000072 ], [ -7.633120176999967, 30.702646540000046 ], [ -7.627365190999967, 30.703698966000047 ], [ -7.617134197999974, 30.703952516000072 ], [ -7.613682754999957, 30.704407336000031 ], [ -7.611523156999965, 30.705360388000031 ], [ -7.609557177999932, 30.70807166700007 ], [ -7.608316251999952, 30.71272713500008 ], [ -7.607803720999925, 30.716390542000056 ], [ -7.608252436999976, 30.723109813000065 ], [ -7.608624134999957, 30.728675319000047 ], [ -7.609456690999934, 30.731922620000034 ], [ -7.61026052699998, 30.73399596400003 ], [ -7.610530086999972, 30.73433076200007 ], [ -7.61072649099998, 30.734574719000079 ], [ -7.611500937999949, 30.734798527000066 ], [ -7.612425241999972, 30.735065602000077 ], [ -7.623971612999981, 30.735456502000034 ], [ -7.627190924999979, 30.735565297000051 ], [ -7.635725195999953, 30.735853288000044 ], [ -7.631592872999931, 30.737532783000063 ], [ -7.630579463999936, 30.738914898000075 ], [ -7.629603376999967, 30.739648576000036 ], [ -7.627961196999934, 30.740251430000058 ], [ -7.626491662999968, 30.741137368000068 ], [ -7.62434542699998, 30.741463159000034 ], [ -7.62286882099994, 30.742062888000078 ], [ -7.621219456999938, 30.742379522000078 ], [ -7.620063506999941, 30.742543884000042 ], [ -7.619069690999936, 30.742562145000079 ], [ -7.617910172999927, 30.742583440000033 ], [ -7.616916347999961, 30.742601683000032 ], [ -7.615760387999956, 30.742766040000049 ], [ -7.61411450099996, 30.743225617000064 ], [ -7.612958527999979, 30.743389947000026 ], [ -7.611806060999982, 30.743697348000069 ], [ -7.610318774999939, 30.743867676000036 ], [ -7.608686907999981, 30.744899512000075 ], [ -7.607379261999938, 30.745639071000028 ], [ -7.605074234999961, 30.746253714000034 ], [ -7.603100446999974, 30.746862280000073 ], [ -7.600467527999967, 30.747625962000029 ], [ -7.597503277999976, 30.748395612000024 ], [ -7.595688084999949, 30.748714877000054 ], [ -7.59237503099996, 30.748775048000027 ], [ -7.589890245999925, 30.748820116000047 ], [ -7.587074129999962, 30.748871132000033 ], [ -7.58375758699998, 30.748787983000057 ], [ -7.581283188999976, 30.749262119000036 ], [ -7.578477470999928, 30.749742151000078 ], [ -7.576172090999933, 30.750356246000024 ], [ -7.574049656999932, 30.751682659000039 ], [ -7.572251518999963, 30.752716990000067 ], [ -7.571035018999964, 30.754890259000035 ], [ -7.561438518999978, 30.755535563000024 ], [ -7.557022085999961, 30.756072739000047 ], [ -7.555337015999953, 30.756277686000033 ], [ -7.552348528999971, 30.756641037000065 ], [ -7.542138214999966, 30.758708877000061 ], [ -7.534421724999959, 30.760378123000066 ], [ -7.527493983999932, 30.761769972000025 ], [ -7.526702217999969, 30.761929012000053 ], [ -7.523315648999926, 30.762578070000075 ], [ -7.522555130999933, 30.762757144000034 ], [ -7.520510539999975, 30.763241571000037 ], [ -7.518585791999953, 30.763828755000077 ], [ -7.517508948999932, 30.764169670000058 ], [ -7.516718399999945, 30.76438390800007 ], [ -7.515663550999932, 30.764638558000058 ], [ -7.514987249999933, 30.764779214000043 ], [ -7.513824372999977, 30.765021451000052 ], [ -7.512761263999948, 30.765276220000032 ], [ -7.512143973999969, 30.76545877500007 ], [ -7.511651280999956, 30.765653451000048 ], [ -7.511241396999935, 30.765846706000048 ], [ -7.510898991999966, 30.76608886300005 ], [ -7.510613417999934, 30.766279915000041 ], [ -7.508250435999969, 30.76730165400005 ], [ -7.506970593999938, 30.767860733000077 ], [ -7.505896863999965, 30.768373260000033 ], [ -7.504856081999947, 30.768878073000053 ], [ -7.502665964999949, 30.769853739000041 ], [ -7.502027287999965, 30.770186896000041 ], [ -7.501765638999927, 30.770341751000046 ], [ -7.501117658999931, 30.770632113000033 ], [ -7.499853737999956, 30.771181668000054 ], [ -7.498064692999947, 30.771930446000056 ], [ -7.497136698999952, 30.772297253000033 ], [ -7.496142008999925, 30.772650880000072 ], [ -7.49504049199993, 30.77304214000003 ], [ -7.494130342999938, 30.773465860000044 ], [ -7.493253454999945, 30.773896121000064 ], [ -7.49250800599998, 30.774274024000078 ], [ -7.491434616999925, 30.77480790900006 ], [ -7.490534013999934, 30.775288679000028 ], [ -7.48978982999995, 30.775723825000057 ], [ -7.489177729999938, 30.776135183000065 ], [ -7.488687589999927, 30.776444242000025 ], [ -7.488278643999934, 30.776680320000025 ], [ -7.48735299599997, 30.777154333000055 ], [ -7.486451363999947, 30.777592179000067 ], [ -7.485845037999979, 30.777896062000025 ], [ -7.485346250999953, 30.778190963000043 ], [ -7.484897013999955, 30.778477807000058 ], [ -7.484086838999929, 30.778928344000064 ], [ -7.483800960999929, 30.779112210000051 ], [ -7.483143921999954, 30.779731870000035 ], [ -7.482284466999943, 30.780562567000061 ], [ -7.481628550999972, 30.781106080000029 ], [ -7.476412278999931, 30.785086498000055 ], [ -7.47198753899994, 30.787992014000054 ], [ -7.468760026999973, 30.789697877000037 ], [ -7.467420335999975, 30.791326510000033 ], [ -7.466020907999962, 30.793027604000031 ], [ -7.465316995999956, 30.793883227000038 ], [ -7.461988137999981, 30.797123339000052 ], [ -7.455875811999931, 30.801372951000076 ], [ -7.455556156999933, 30.801595174000056 ], [ -7.449393032999978, 30.805944224000029 ], [ -7.439955034999969, 30.809994577000055 ], [ -7.433936650999954, 30.813735569000073 ], [ -7.424762835999957, 30.819661474000043 ], [ -7.419698198999981, 30.823775602000069 ], [ -7.417737468999974, 30.825957664000043 ], [ -7.417297945999962, 30.826446807000025 ], [ -7.41589698699994, 30.828005760000053 ], [ -7.415525442999979, 30.828419202000077 ], [ -7.409548627999925, 30.836795401000074 ], [ -7.406518784999946, 30.84196423800006 ], [ -7.39926057699995, 30.850430426000059 ], [ -7.393717507999952, 30.857935060000045 ], [ -7.393177508999941, 30.858666060000076 ], [ -7.388227795999967, 30.862756211000033 ], [ -7.379477570999939, 30.867497932000049 ], [ -7.369914420999976, 30.872488031000046 ], [ -7.359676983999975, 30.877842041000065 ], [ -7.354018098999973, 30.880763245000026 ], [ -7.349444980999976, 30.881434741000078 ], [ -7.344981579999967, 30.880288841000038 ], [ -7.341272888999981, 30.877319617000069 ], [ -7.340943243999959, 30.875420225000028 ], [ -7.340423190999957, 30.873055550000061 ], [ -7.33740936099997, 30.870525428000064 ], [ -7.329965969999932, 30.867030827000065 ], [ -7.322399495999946, 30.863495225000065 ], [ -7.311472812999966, 30.85782292500005 ], [ -7.296106477999956, 30.851156548000063 ], [ -7.279589359999932, 30.846248080000066 ], [ -7.27914102699998, 30.84608481600003 ], [ -7.278299784999945, 30.845778439000071 ], [ -7.272731582999938, 30.843652276000057 ], [ -7.27113621999996, 30.843043041000044 ], [ -7.262117099999955, 30.839902628000061 ], [ -7.253002811999977, 30.837328570000068 ], [ -7.24616833999994, 30.835728708000033 ], [ -7.232410242999947, 30.833068410000067 ], [ -7.220563643999981, 30.831295384000043 ] ] ] } },
{ "type": "Feature", "properties": { "ADM4_FR": "Skoura Ahl El Oust", "ADM4_AR": "سكورة أهل الوسط", "ADM4_PCODE": "MA00300140107072", "ADM4_REF": null, "ADM3_FR": "Skoura Ahl El Oust", "ADM3_AR": "سكورة أهل الوسط", "ADM3_PCODE": "MA0030014010707", "ADM2_FR": "Ouarzazate", "ADM2_AR": "ورزازات", "ADM2_PCODE": "MA003001", "ADM1_FR": "Drâa-Tafilalet", "ADM1_AR": "درعة - تافيلالت", "ADM1_PCODE": "MA003", "ADM0_EN": "Morocco", "ADM0_FR": "Moroc (le)", "ADM0_AR": "المغرب", "ADM0_PCODE": "MA", "date": "2023-09-15", "validOn": "2023-09-25", "validTo": null, "Shape_Leng": 1.68204862272, "Shape_Area": 0.092973771258300003, "AREA_SQKM": 983.92680056699999, "Cases": 307 }, "geometry": { "type": "Polygon", "coordinates": [ [ [ -6.283325053999931, 31.189937379000071 ], [ -6.28309302699995, 31.189625931000023 ], [ -6.282364855999958, 31.189658071000053 ], [ -6.282054785999946, 31.189875035000057 ], [ -6.281657416999963, 31.189681107000069 ], [ -6.28140435499995, 31.189342971000031 ], [ -6.281233978999978, 31.188950573000056 ], [ -6.281189540999947, 31.18866459000003 ], [ -6.280977892999942, 31.188308275000054 ], [ -6.280598377999979, 31.187810031000026 ], [ -6.28055324099995, 31.187452471000029 ], [ -6.280466120999961, 31.187059470000065 ], [ -6.280377253999973, 31.186487535000026 ], [ -6.280372161999935, 31.185968678000052 ], [ -6.28045136999998, 31.185556575000078 ], [ -6.280532166999933, 31.18530547000006 ], [ -6.280799005999938, 31.184927793000043 ], [ -6.280941346999953, 31.184586807000073 ], [ -6.281104156999959, 31.184209855000063 ], [ -6.28110081799997, 31.183869919000074 ], [ -6.281097830999954, 31.183565759000032 ], [ -6.281136466999953, 31.183261296000069 ], [ -6.281508577999944, 31.183008093000069 ], [ -6.281964331999973, 31.182790072000046 ], [ -6.28237876999998, 31.18260811500005 ], [ -6.282626904999972, 31.18244528300005 ], [ -6.282749470999931, 31.182211782000024 ], [ -6.282871874999955, 31.181960377000053 ], [ -6.282950895999932, 31.181530378000048 ], [ -6.283155137999927, 31.181135256000061 ], [ -6.283382262999964, 31.180954666000048 ], [ -6.284390181999981, 31.171513894000043 ], [ -6.284529619999944, 31.170856573000037 ], [ -6.286322851999955, 31.162403083000072 ], [ -6.286862814999949, 31.160896113000035 ], [ -6.286380720999944, 31.160420692000059 ], [ -6.28602233099997, 31.160067275000074 ], [ -6.285955695999974, 31.159459252000033 ], [ -6.285903012999938, 31.158978549000039 ], [ -6.285762984999963, 31.15860893200005 ], [ -6.284993406999945, 31.158340488000078 ], [ -6.284679438999945, 31.158008778000067 ], [ -6.284102466999968, 31.157733865000068 ], [ -6.283729011999981, 31.157560042000057 ], [ -6.283231010999941, 31.157272897000041 ], [ -6.282769295999969, 31.157150726000054 ], [ -6.282452262999925, 31.157002416000068 ], [ -6.28203453499998, 31.156836967000061 ], [ -6.281660500999976, 31.156711457000029 ], [ -6.281290436999939, 31.156456934000062 ], [ -6.280856232999952, 31.156274451000058 ], [ -6.280459940999947, 31.156175047000033 ], [ -6.280086790999974, 31.155960059000051 ], [ -6.279842458999951, 31.155548519000035 ], [ -6.279431771999953, 31.155360035000058 ], [ -6.279323810999927, 31.155101372000047 ], [ -6.27937908499996, 31.154795597000032 ], [ -6.279608832999941, 31.154319176000058 ], [ -6.279760066999927, 31.154043741000066 ], [ -6.279887022999958, 31.153694509000047 ], [ -6.279951979999964, 31.15324552800007 ], [ -6.279965921999974, 31.152827921000039 ], [ -6.279913371999953, 31.152417962000072 ], [ -6.27978524699995, 31.152082510000071 ], [ -6.279556336999974, 31.151653531000079 ], [ -6.279356419999942, 31.151349620000076 ], [ -6.279245529999969, 31.151041795000026 ], [ -6.279201219999948, 31.150514549000036 ], [ -6.279132164999965, 31.150190609000049 ], [ -6.278951500999938, 31.149943792000045 ], [ -6.278747902999953, 31.149688828000023 ], [ -6.27846769699994, 31.149400987000035 ], [ -6.278055107999933, 31.149048502000028 ], [ -6.277761282999961, 31.148788219000039 ], [ -6.277431744999944, 31.148417229000074 ], [ -6.277267, 31.148166745000026 ], [ -6.277055665999967, 31.147827128000074 ], [ -6.276770701999965, 31.147336525000071 ], [ -6.276564446999942, 31.146951533000049 ], [ -6.276461480999956, 31.146633787000042 ], [ -6.276555341999938, 31.146305076000033 ], [ -6.276820230999931, 31.14587731000006 ], [ -6.277039686999956, 31.145625246000066 ], [ -6.277425697999945, 31.145246705000034 ], [ -6.278016675999936, 31.144554153000058 ], [ -6.278392399999973, 31.144119614000033 ], [ -6.278571796999927, 31.143742584000051 ], [ -6.278445943999941, 31.143353430000047 ], [ -6.278117650999945, 31.143110076000028 ], [ -6.277833894999958, 31.142880729000069 ], [ -6.277703846999941, 31.142632357000025 ], [ -6.277644285999941, 31.142354868000041 ], [ -6.277693428999953, 31.142062863000035 ], [ -6.277801671999953, 31.141715541000053 ], [ -6.277876996999964, 31.141403680000053 ], [ -6.277915036999957, 31.140898242000048 ], [ -6.277991079999936, 31.140379410000037 ], [ -6.278133007999941, 31.140001441000038 ], [ -6.278173473999971, 31.139601526000035 ], [ -6.278068003999977, 31.139241470000059 ], [ -6.277814128999978, 31.138592603000063 ], [ -6.27769684499998, 31.138229055000068 ], [ -6.277685823999946, 31.13795060800004 ], [ -6.277667833999942, 31.137673987000028 ], [ -6.277810283999941, 31.137348505000034 ], [ -6.278032770999971, 31.136984275000032 ], [ -6.278249949999974, 31.136576535000074 ], [ -6.276934996999955, 31.134278386000062 ], [ -6.273938697999938, 31.13414563300006 ], [ -6.274331604999929, 31.133485800000074 ], [ -6.274485637999931, 31.133071971000049 ], [ -6.274495937999973, 31.132706881000047 ], [ -6.274387782999952, 31.132421382000075 ], [ -6.274101713999926, 31.132094210000048 ], [ -6.273919779999972, 31.131637491000049 ], [ -6.27399300299993, 31.131183671000031 ], [ -6.274123201999942, 31.130883725000047 ], [ -6.274214378999943, 31.130561814000032 ], [ -6.274359530999959, 31.130088409000052 ], [ -6.274422297999934, 31.12970146400005 ], [ -6.274606976999962, 31.129299332000073 ], [ -6.274836879999953, 31.128987561000031 ], [ -6.275168595999958, 31.128591530000051 ], [ -6.275512975999959, 31.128357617000063 ], [ -6.275941581999973, 31.128230486000064 ], [ -6.276472966999961, 31.128119292000065 ], [ -6.276951144999941, 31.127955977000056 ], [ -6.277387193999971, 31.127738135000072 ], [ -6.277663141999938, 31.127597767000054 ], [ -6.27792777999997, 31.127433606000068 ], [ -6.27827059699996, 31.127326164000067 ], [ -6.278703090999954, 31.127313484000069 ], [ -6.279035859999965, 31.127311072000055 ], [ -6.279335111999956, 31.127285062000055 ], [ -6.279644431999941, 31.127154002000054 ], [ -6.280028037999955, 31.126962748000039 ], [ -6.280392095999957, 31.126759693000054 ], [ -6.280764528999953, 31.12655899400005 ], [ -6.281023836999964, 31.126418730000069 ], [ -6.281271663999973, 31.126240414000051 ], [ -6.281574304999936, 31.125994866000042 ], [ -6.281904345999976, 31.125715717000048 ], [ -6.282272985999953, 31.125414843000044 ], [ -6.282609255999944, 31.125204838000059 ], [ -6.28288800699994, 31.125069216000043 ], [ -6.283300974999975, 31.125047123000058 ], [ -6.283214417999943, 31.124542009000038 ], [ -6.282860746999972, 31.124355209000043 ], [ -6.282524709999961, 31.124201121000056 ], [ -6.282137825999939, 31.124044383000069 ], [ -6.281686440999977, 31.123908989000029 ], [ -6.281401410999933, 31.123828552000077 ], [ -6.281291283999963, 31.123557007000045 ], [ -6.281330210999954, 31.123285337000027 ], [ -6.281466583999929, 31.123051767000049 ], [ -6.281643647999942, 31.122728391000066 ], [ -6.281844713999931, 31.122378042000037 ], [ -6.281956028999957, 31.122064114000068 ], [ -6.281965969999931, 31.121664445000079 ], [ -6.281961926999941, 31.121252944000048 ], [ -6.281931362999956, 31.120964895000043 ], [ -6.281654639999942, 31.120670692000033 ], [ -6.281267066999931, 31.120619826000052 ], [ -6.280825737999976, 31.120623032000026 ], [ -6.280298897999955, 31.120626857000047 ], [ -6.279882958999963, 31.120629875000077 ], [ -6.279557169999975, 31.120632238000042 ], [ -6.279245438999965, 31.120658357000025 ], [ -6.278926590999959, 31.120660668000028 ], [ -6.27860549899998, 31.12067492500006 ], [ -6.278268272999981, 31.120689297000069 ], [ -6.277935748999937, 31.120715564000079 ], [ -6.277596209999956, 31.120729948000076 ], [ -6.277284477999956, 31.12075605900003 ], [ -6.276852628999961, 31.120783041000038 ], [ -6.276376754999944, 31.120798410000077 ], [ -6.275941340999964, 31.120759803000055 ], [ -6.275467934999938, 31.120733402000042 ], [ -6.275065774999973, 31.120724374000076 ], [ -6.274663571999952, 31.120715345000065 ], [ -6.274258204999967, 31.120733181000048 ], [ -6.273863646999928, 31.120792683000047 ], [ -6.273463438999954, 31.120870124000078 ], [ -6.273233303999973, 31.121202776000075 ], [ -6.273049402999959, 31.121541086000036 ], [ -6.272774700999946, 31.121808460000068 ], [ -6.272364774999971, 31.12183526900003 ], [ -6.272044643999948, 31.121590057000049 ], [ -6.271812562999969, 31.121248785000034 ], [ -6.271776905999957, 31.12078980900003 ], [ -6.271706930999926, 31.120366864000061 ], [ -6.271617705999972, 31.120102680000059 ], [ -6.271373946999972, 31.119629689000078 ], [ -6.27103208099993, 31.119405512000071 ], [ -6.270546592999949, 31.119204733000061 ], [ -6.270122693999951, 31.118919986000037 ], [ -6.269811273999949, 31.118618066000067 ], [ -6.26950867599993, 31.118242997000038 ], [ -6.269319034999967, 31.117896943000062 ], [ -6.269002956999941, 31.117651717000058 ], [ -6.268698988999972, 31.117221482000048 ], [ -6.268609160999972, 31.116894094000031 ], [ -6.268605900999944, 31.116557152000041 ], [ -6.268605312999966, 31.11613817500006 ], [ -6.268500919999951, 31.115737826000043 ], [ -6.268262514999947, 31.115459238000028 ], [ -6.268062354999927, 31.115189284000053 ], [ -6.267910531999974, 31.114901132000057 ], [ -6.267893610999977, 31.114585132000059 ], [ -6.267942026999947, 31.114215022000053 ], [ -6.26816439199996, 31.113915202000044 ], [ -6.268335443999945, 31.113681401000065 ], [ -6.268463225999938, 31.113274919000048 ], [ -6.268708669999967, 31.112849706000077 ], [ -6.26889938599993, 31.112502427000038 ], [ -6.268924460999926, 31.112227896000036 ], [ -6.268921574999979, 31.111929710000027 ], [ -6.268918630999963, 31.11162556000005 ], [ -6.268915109999966, 31.111261768000077 ], [ -6.268918749999955, 31.110921801000075 ], [ -6.268973972999959, 31.110539697000036 ], [ -6.269044047999955, 31.110258879000071 ], [ -6.269140995999976, 31.109890405000044 ], [ -6.269051210999976, 31.109566984000026 ], [ -6.268958616999953, 31.10931121200008 ], [ -6.268848440999932, 31.109028693000027 ], [ -6.26860374499995, 31.108858360000056 ], [ -6.268084042999931, 31.108112721000055 ], [ -6.267836263999925, 31.107935557000076 ], [ -6.267570529999944, 31.107695927000066 ], [ -6.267363116999945, 31.10739024600008 ], [ -6.267088586999932, 31.107135775000074 ], [ -6.266691445999925, 31.107102828000052 ], [ -6.266184456999952, 31.107036366000045 ], [ -6.265941905999966, 31.106645959000048 ], [ -6.26584481499998, 31.106281843000033 ], [ -6.265841536999972, 31.105941918000042 ], [ -6.265755003999971, 31.105594625000037 ], [ -6.265654568999935, 31.10524295700003 ], [ -6.265609309999945, 31.10486209100003 ], [ -6.265606348999938, 31.104554958000051 ], [ -6.265601988999947, 31.104102709000074 ], [ -6.265689006999935, 31.103782022000075 ], [ -6.265929644999972, 31.103577509000047 ], [ -6.266209145999937, 31.103453243000047 ], [ -6.266623530999937, 31.10329822500006 ], [ -6.267244584999958, 31.103013454000063 ], [ -6.267641484999956, 31.102843638000024 ], [ -6.26789853799994, 31.102664860000061 ], [ -6.268006942999932, 31.10228834000003 ], [ -6.267729586999963, 31.101918558000079 ], [ -6.267312591999939, 31.101802261000046 ], [ -6.266874757999972, 31.101680163000026 ], [ -6.26642120799994, 31.101605868000036 ], [ -6.266096687999948, 31.101583945000073 ], [ -6.265798366999945, 31.10156072500007 ], [ -6.26542746299998, 31.101549620000071 ], [ -6.265105898999934, 31.101531758000078 ], [ -6.264745924999943, 31.101458792000074 ], [ -6.264388235999945, 31.101381798000034 ], [ -6.263946831999931, 31.101367049000032 ], [ -6.263191934999952, 31.101429091000057 ], [ -6.262649059999944, 31.101434444000063 ], [ -6.262236289999976, 31.101516407000076 ], [ -6.261938388999965, 31.101530455000045 ], [ -6.261487443999954, 31.101485943000057 ], [ -6.261249964999934, 31.101296767000065 ], [ -6.26113993499996, 31.101026199000046 ], [ -6.260860198999978, 31.100675202000048 ], [ -6.261055362999969, 31.100383240000042 ], [ -6.261093586999948, 31.10003226300006 ], [ -6.261214842999948, 31.099666409000065 ], [ -6.26129414899998, 31.09926506000005 ], [ -6.261340467999958, 31.098892571000079 ], [ -6.261238357999957, 31.098649953000063 ], [ -6.260986056999968, 31.09835832300007 ], [ -6.260833396999942, 31.098051655000063 ], [ -6.26059762899996, 31.097657901000048 ], [ -6.260810449999951, 31.097393382000064 ], [ -6.261173755999948, 31.097118858000044 ], [ -6.261254320999967, 31.096846319000065 ], [ -6.261068353999974, 31.096532719000038 ], [ -6.260766127999943, 31.096241444000043 ], [ -6.260097744999939, 31.095924148000051 ], [ -6.25974709299993, 31.095783487000062 ], [ -6.259246216999941, 31.095586641000068 ], [ -6.258928142999935, 31.095374177000053 ], [ -6.258700241999975, 31.095025107000026 ], [ -6.258353909999926, 31.094462158000056 ], [ -6.258301399999937, 31.094190600000047 ], [ -6.258230372999947, 31.093718748000072 ], [ -6.258144475999927, 31.093433060000052 ], [ -6.258442598999977, 31.093302132000076 ], [ -6.258807973999978, 31.093242304000057 ], [ -6.259274663999975, 31.093346336000025 ], [ -6.259824987999934, 31.093492733000062 ], [ -6.260256598999945, 31.093403800000033 ], [ -6.260554169999978, 31.093215594000071 ], [ -6.260851335999973, 31.092984472000069 ], [ -6.261148541999944, 31.092753350000066 ], [ -6.261411208999959, 31.092393618000074 ], [ -6.261508378999963, 31.092120961000035 ], [ -6.261538264999956, 31.091770085000064 ], [ -6.261400915999957, 31.091320162000045 ], [ -6.260992546999944, 31.091011987000059 ], [ -6.260649562999959, 31.090835231000028 ], [ -6.260207627999932, 31.090568783000037 ], [ -6.260176538999929, 31.090072804000044 ], [ -6.260239592999937, 31.089707352000062 ], [ -6.26023582299996, 31.089313753000056 ], [ -6.260282281999935, 31.088955575000057 ], [ -6.260295687999928, 31.088619107000056 ], [ -6.260309503999963, 31.088325589000078 ], [ -6.260356710999929, 31.088046126000052 ], [ -6.260453825999946, 31.087766327000054 ], [ -6.260550252999963, 31.087414954000053 ], [ -6.260613469999953, 31.087070976000064 ], [ -6.26061079599998, 31.086791884000036 ], [ -6.26060743499994, 31.08644122000004 ], [ -6.260603868999965, 31.086069089000034 ], [ -6.26060023399998, 31.085689799000079 ], [ -6.260585674999959, 31.085327290000066 ], [ -6.260382573999948, 31.08497316100005 ], [ -6.26008672599994, 31.084746369000072 ], [ -6.259813071999929, 31.084538365000071 ], [ -6.25953224999995, 31.084156274000065 ], [ -6.259517010999957, 31.083722203000036 ], [ -6.259514065999952, 31.083414473000062 ], [ -6.259724770999981, 31.08313148600007 ], [ -6.260038135999935, 31.082857305000061 ], [ -6.26033569699996, 31.082669109000051 ], [ -6.260495978999927, 31.082329220000076 ], [ -6.260426256999949, 31.081995727000049 ], [ -6.260252271999946, 31.081772709000063 ], [ -6.260031326999979, 31.081566734000035 ], [ -6.25978766999998, 31.081306052000059 ], [ -6.259604062999927, 31.081055957000046 ], [ -6.259444173999952, 31.080747871000028 ], [ -6.259276347999958, 31.08042359500007 ], [ -6.259100057999945, 31.080125278000025 ], [ -6.258881969999948, 31.079926432000036 ], [ -6.258696573999941, 31.079670105000048 ], [ -6.258538158999954, 31.079365630000041 ], [ -6.258425174999957, 31.079113790000065 ], [ -6.258220123999934, 31.078845544000046 ], [ -6.257956621999938, 31.078520705000074 ], [ -6.257723225999939, 31.078169290000062 ], [ -6.257664982999927, 31.077873889000045 ], [ -6.257579224999972, 31.07760253500004 ], [ -6.25745061799995, 31.077337487000079 ], [ -6.25714041599997, 31.077062106000028 ], [ -6.256552395999961, 31.071092196000052 ], [ -6.256347018999975, 31.067917980000061 ], [ -6.254283505999979, 31.036154774000067 ], [ -6.25394298599997, 31.030970336000053 ], [ -6.251257788999965, 30.991119544000071 ], [ -6.251233810999963, 30.990763677000075 ], [ -6.249374546999945, 30.985165652000035 ], [ -6.241247732999966, 30.964631184000041 ], [ -6.234156260999953, 30.946704836000038 ], [ -6.233835307999925, 30.945283300000028 ], [ -6.232463512999971, 30.939206987000034 ], [ -6.236302242999955, 30.935657443000025 ], [ -6.238160211999968, 30.93087377300003 ], [ -6.237615589999962, 30.91933418900004 ], [ -6.257396621999931, 30.911563487000024 ], [ -6.284579736999945, 30.903726659000029 ], [ -6.295160065999937, 30.900654417000055 ], [ -6.308605846999967, 30.897763160000068 ], [ -6.329999408999981, 30.893159454000056 ], [ -6.37459883899993, 30.88486627900005 ], [ -6.388405521999971, 30.87972916700005 ], [ -6.391347221999979, 30.878625187000068 ], [ -6.389383646999931, 30.883867285000065 ], [ -6.387830812999937, 30.89105591200007 ], [ -6.389254724999944, 30.893281931000047 ], [ -6.390326240999968, 30.894228203000068 ], [ -6.39981752999995, 30.90260876800005 ], [ -6.415290715999959, 30.909109055000044 ], [ -6.440450923999947, 30.919616628000028 ], [ -6.449902259999931, 30.923195913000029 ], [ -6.464974312999971, 30.927117447000057 ], [ -6.472305776999974, 30.930975174000025 ], [ -6.478016877999949, 30.938900126000078 ], [ -6.483061966999969, 30.941862324000056 ], [ -6.49129505999997, 30.944795624000051 ], [ -6.497822304999943, 30.946910202000026 ], [ -6.502801407999925, 30.949503012000037 ], [ -6.50945491799996, 30.95410954700003 ], [ -6.515911262999964, 30.961761453000065 ], [ -6.520751255999926, 30.96854266500003 ], [ -6.524545106999938, 30.973857341000041 ], [ -6.536762412999963, 30.989571850000061 ], [ -6.542213113999935, 30.997082242000033 ], [ -6.542759970999953, 30.997835662000057 ], [ -6.544322668999939, 31.006782443000077 ], [ -6.544423649999942, 31.011026099000048 ], [ -6.543249727999978, 31.026244422000048 ], [ -6.542937499999937, 31.030291101000046 ], [ -6.548659076999968, 31.031529231000036 ], [ -6.555554380999979, 31.032555477000074 ], [ -6.561994391999974, 31.033695954000052 ], [ -6.571771186999968, 31.035426623000035 ], [ -6.576901609999936, 31.034679168000025 ], [ -6.574201535999975, 31.038909606000061 ], [ -6.573329790999935, 31.040275371000064 ], [ -6.572869297999944, 31.040996789000076 ], [ -6.572391426999957, 31.041745735000063 ], [ -6.569709917999944, 31.045187861000045 ], [ -6.566574721999928, 31.047851836000063 ], [ -6.564783527999964, 31.04989207400007 ], [ -6.564039325999943, 31.050624455000047 ], [ -6.562331209999968, 31.052243987000054 ], [ -6.560510957999952, 31.053769168000031 ], [ -6.559675845999948, 31.054260115000034 ], [ -6.559388890999969, 31.054428802000075 ], [ -6.558862585999975, 31.054872769000042 ], [ -6.558137528999964, 31.05537591600006 ], [ -6.557258739999952, 31.055995052000071 ], [ -6.556028976999926, 31.056903757000043 ], [ -6.554631752999967, 31.058246697000072 ], [ -6.552539878999937, 31.060204987000077 ], [ -6.552182698999957, 31.060105774000078 ], [ -6.550893408999968, 31.060053617000051 ], [ -6.550323196999955, 31.06032383400003 ], [ -6.54969157599993, 31.06098828100005 ], [ -6.549227180999935, 31.061546001000067 ], [ -6.548404930999936, 31.062039743000071 ], [ -6.547204706999935, 31.062449532000073 ], [ -6.540395600999943, 31.065328004000037 ], [ -6.539814513999943, 31.065993736000053 ], [ -6.539795370999968, 31.06666216900004 ], [ -6.539895935999937, 31.066962440000054 ], [ -6.540097921999973, 31.067388582000035 ], [ -6.540060376999975, 31.067783889000054 ], [ -6.540250200999935, 31.06824068700007 ], [ -6.540600793999943, 31.068799495000064 ], [ -6.540880045999927, 31.069085230000042 ], [ -6.541266309999969, 31.069803509000053 ], [ -6.541716299999962, 31.070468517000052 ], [ -6.542434306999951, 31.070952030000058 ], [ -6.543484358999933, 31.071323450000079 ], [ -6.544514371999981, 31.071539383000072 ], [ -6.54959578699993, 31.070031951000033 ], [ -6.549547308999934, 31.070197183000062 ], [ -6.549505558999954, 31.070363757000052 ], [ -6.549470586999973, 31.070531472000027 ], [ -6.549442433999957, 31.07070012500003 ], [ -6.549421134999932, 31.070869514000037 ], [ -6.549406715999964, 31.071039433000067 ], [ -6.549399193999932, 31.071209679000049 ], [ -6.549398577999966, 31.071380045000069 ], [ -6.549404868999943, 31.071550327000068 ], [ -6.549418058999947, 31.071720319000065 ], [ -6.549438131999977, 31.071889815000077 ], [ -6.549465063999946, 31.072058613000024 ], [ -6.549498822999965, 31.072226507000039 ], [ -6.55216648399994, 31.081385505000071 ], [ -6.552314596999963, 31.08187091800005 ], [ -6.552436779999937, 31.082271379000076 ], [ -6.553110738999976, 31.08209811100005 ], [ -6.554279281999925, 31.081998395000028 ], [ -6.554230290999953, 31.082673205000049 ], [ -6.555125867999948, 31.082530501000065 ], [ -6.555150861999948, 31.082855301000052 ], [ -6.55543585199996, 31.082646133000026 ], [ -6.556374048999942, 31.081957526000053 ], [ -6.556293167999968, 31.082501458000024 ], [ -6.556654593999951, 31.082517395000025 ], [ -6.557753571999967, 31.082093900000075 ], [ -6.558152095999958, 31.082028232000027 ], [ -6.558376616999965, 31.082212370000036 ], [ -6.559208429999956, 31.082297446000041 ], [ -6.559558122999931, 31.082110946000057 ], [ -6.56027390099996, 31.081662737000045 ], [ -6.561036356999978, 31.081677821000028 ], [ -6.561789954999938, 31.081829521000031 ], [ -6.562352246999978, 31.081843785000046 ], [ -6.562680411999963, 31.081808170000045 ], [ -6.562823665999929, 31.082067651000045 ], [ -6.563130335999972, 31.082159034000028 ], [ -6.563448639999933, 31.082230010000046 ], [ -6.564017079999928, 31.082191198000032 ], [ -6.564385992999973, 31.082143689000077 ], [ -6.564953627999955, 31.082361900000024 ], [ -6.567038366999952, 31.082953195000073 ], [ -6.56743923199997, 31.083066888000076 ], [ -6.568419694999932, 31.083344964000048 ], [ -6.568484421999926, 31.082751872000074 ], [ -6.568543498999929, 31.082210577000069 ], [ -6.567927251999947, 31.081034268000053 ], [ -6.567548662999968, 31.080311599000026 ], [ -6.568079689999934, 31.078517224000052 ], [ -6.568407527999966, 31.077082678000068 ], [ -6.570556849999946, 31.073981122000077 ], [ -6.571944190999943, 31.071978992000027 ], [ -6.573092822999968, 31.069720520000033 ], [ -6.573980380999956, 31.067980161000037 ], [ -6.575262773999953, 31.065469398000062 ], [ -6.575482333999958, 31.064481768000064 ], [ -6.575572994999959, 31.064222070000028 ], [ -6.576017375999925, 31.062949235000076 ], [ -6.576744721999944, 31.06121243900003 ], [ -6.577330137999979, 31.059636355000066 ], [ -6.577440962999958, 31.059316026000033 ], [ -6.577572083999939, 31.058931201000064 ], [ -6.577941580999948, 31.057855696000047 ], [ -6.578365301999952, 31.056781804000025 ], [ -6.57856217099993, 31.056203861000029 ], [ -6.578829976999941, 31.055395068000053 ], [ -6.578767290999963, 31.053785375000075 ], [ -6.578593940999951, 31.052797577000035 ], [ -6.578497722999941, 31.052249260000053 ], [ -6.578652783999928, 31.051775638000038 ], [ -6.578882699999951, 31.051073391000045 ], [ -6.578914643999951, 31.050643874000059 ], [ -6.578971820999925, 31.05006175300008 ], [ -6.578981091999935, 31.049562233000074 ], [ -6.578888022999934, 31.048824505000027 ], [ -6.57905255999998, 31.048166880000053 ], [ -6.58000851099996, 31.047113846000059 ], [ -6.580559207999954, 31.046011643000043 ], [ -6.581088507999937, 31.044956260000049 ], [ -6.58158431499993, 31.043043569000076 ], [ -6.581718592999948, 31.042519216000073 ], [ -6.581959280999968, 31.041770479000036 ], [ -6.582196994999947, 31.041988697000079 ], [ -6.582482457999959, 31.042164987000035 ], [ -6.582851873999971, 31.042303903000061 ], [ -6.583156891999977, 31.042362702000048 ], [ -6.583496213999979, 31.042504840000049 ], [ -6.58385154399997, 31.042614202000038 ], [ -6.584291119999932, 31.042699805000041 ], [ -6.584782526999959, 31.042718790000038 ], [ -6.585144161999949, 31.042716479000035 ], [ -6.585689800999944, 31.042709030000026 ], [ -6.586260783999933, 31.042696220000039 ], [ -6.586744046999968, 31.04268150200005 ], [ -6.587227140999971, 31.042663153000035 ], [ -6.587710028999936, 31.042641175000028 ], [ -6.58819267399997, 31.042615570000066 ], [ -6.588555134999979, 31.042629910000073 ], [ -6.589256409999962, 31.042481623000072 ], [ -6.589625300999955, 31.042222819000074 ], [ -6.590098979999937, 31.042011049000052 ], [ -6.590569764999941, 31.042050116000041 ], [ -6.591216404999955, 31.042128541000068 ], [ -6.591561032999948, 31.042087997000067 ], [ -6.592278411999928, 31.04162972000006 ], [ -6.592556211999977, 31.04128466800006 ], [ -6.592783098999973, 31.040991464000058 ], [ -6.593071145999943, 31.040841154000077 ], [ -6.593504974999973, 31.040611262000027 ], [ -6.593915470999946, 31.040458577000038 ], [ -6.594313304999957, 31.040287454000065 ], [ -6.59454164899995, 31.040088469000068 ], [ -6.595441724999944, 31.039680838000038 ], [ -6.595716772999936, 31.039365884000063 ], [ -6.595990443999938, 31.039147699000068 ], [ -6.596129566999934, 31.038902526000072 ], [ -6.596181122999951, 31.038542616000029 ], [ -6.59634430899996, 31.03828210100005 ], [ -6.596477409999977, 31.037949266000055 ], [ -6.596567849999929, 31.037564425000028 ], [ -6.596608045999972, 31.037243419000049 ], [ -6.596654616999956, 31.036871510000026 ], [ -6.596693697999967, 31.036605617000077 ], [ -6.596804928999973, 31.036278800000048 ], [ -6.597190318999935, 31.035583964000068 ], [ -6.597483935999946, 31.034989310000071 ], [ -6.598017364999976, 31.034308495000062 ], [ -6.598612055999979, 31.034149150000076 ], [ -6.598800000999972, 31.03415381700006 ], [ -6.598987672999954, 31.034163665000051 ], [ -6.599174877999928, 31.034178687000065 ], [ -6.599361420999969, 31.034198865000064 ], [ -6.599547109999946, 31.034224179000034 ], [ -6.599731750999979, 31.034254603000079 ], [ -6.599915152999927, 31.034290105000025 ], [ -6.60009712599998, 31.034330649000026 ], [ -6.600277480999978, 31.034376191000035 ], [ -6.600456030999965, 31.034426687000064 ], [ -6.600632591999954, 31.034482081000078 ], [ -6.60077393499995, 31.034500336000065 ], [ -6.600914124999974, 31.034524243000078 ], [ -6.60105286199996, 31.034553724000034 ], [ -6.60118984099995, 31.034588725000049 ], [ -6.60132476299998, 31.034629168000038 ], [ -6.601457333999974, 31.034674965000079 ], [ -6.601587267999946, 31.034726009000053 ], [ -6.601714270999935, 31.034782212000039 ], [ -6.602404733999947, 31.035211699000058 ], [ -6.60250036399998, 31.035291288000053 ], [ -6.602591919999952, 31.035374320000074 ], [ -6.602679232999947, 31.035460643000079 ], [ -6.602762129999974, 31.035550104000038 ], [ -6.602840482999966, 31.035642523000035 ], [ -6.602914143999953, 31.035737733000076 ], [ -6.602982957999927, 31.035835569000028 ], [ -6.603046807999931, 31.035935846000029 ], [ -6.603241084999979, 31.036095699000043 ], [ -6.603439700999957, 31.036251587000038 ], [ -6.603582180999979, 31.036358240000027 ], [ -6.603642544999957, 31.036403426000049 ], [ -6.603849503999925, 31.036551130000078 ], [ -6.604060463999929, 31.036694619000059 ], [ -6.604275307999956, 31.036833812000054 ], [ -6.604493916999957, 31.036968633000072 ], [ -6.604716169999961, 31.037099007000052 ], [ -6.604941943999961, 31.037224860000038 ], [ -6.605171111999937, 31.037346125000056 ], [ -6.605403548999959, 31.037462733000041 ], [ -6.605639124999925, 31.037574621000033 ], [ -6.605877710999948, 31.037681724000038 ], [ -6.606119172999968, 31.037783986000079 ], [ -6.606682310999929, 31.03783185900005 ], [ -6.607246080999971, 31.037873923000063 ], [ -6.607810399999948, 31.037910171000078 ], [ -6.608375187999968, 31.037940598000034 ], [ -6.608940361999942, 31.037965201000077 ], [ -6.60950584099993, 31.037983974000042 ], [ -6.610071542999947, 31.037996916000054 ], [ -6.610637384999961, 31.038004024000031 ], [ -6.611203285999977, 31.03800529800003 ], [ -6.611769163999952, 31.038000738000051 ], [ -6.612334936999957, 31.037990343000047 ], [ -6.617034451999928, 31.03822699400007 ], [ -6.621733630999927, 31.038468512000065 ], [ -6.622250322999946, 31.038519981000036 ], [ -6.62276776899995, 31.038565558000073 ], [ -6.623285875999954, 31.03860523700007 ], [ -6.623804552999957, 31.038639009000065 ], [ -6.624323708999952, 31.038666870000043 ], [ -6.624843250999959, 31.038688813000078 ], [ -6.625363086999926, 31.038704835000033 ], [ -6.625883125999962, 31.038714934000041 ], [ -6.626403275999962, 31.038719107000077 ], [ -6.626923444999932, 31.038717354000028 ], [ -6.627443539999945, 31.038709675000064 ], [ -6.62796347099993, 31.038696071000061 ], [ -6.628483143999972, 31.038676546000033 ], [ -6.629002467999953, 31.038651101000028 ], [ -6.629521351999927, 31.038619742000037 ], [ -6.630039702999966, 31.038582475000055 ], [ -6.630557429999953, 31.038539305000029 ], [ -6.631074440999953, 31.038490241000034 ], [ -6.63159064499996, 31.038435291000042 ], [ -6.632105950999971, 31.038374465000061 ], [ -6.632620266999936, 31.038307774000032 ], [ -6.633133502999954, 31.038235229000065 ], [ -6.633645567999963, 31.038156844000071 ], [ -6.63415637099996, 31.038072631000034 ], [ -6.634665821999931, 31.037982606000071 ], [ -6.635173830999975, 31.037886785000069 ], [ -6.635680307999962, 31.037785185000075 ], [ -6.636185163999926, 31.037677823000024 ], [ -6.65738598799993, 31.038023231000068 ], [ -6.718332407999981, 31.038995167000053 ], [ -6.719115076999969, 31.039463814000044 ], [ -6.719816562999938, 31.040064489000031 ], [ -6.720791670999972, 31.040779126000075 ], [ -6.721766127999956, 31.041491614000051 ], [ -6.722001166999974, 31.041662967000036 ], [ -6.722326264999936, 31.04210075900005 ], [ -6.722640104999925, 31.042717613000036 ], [ -6.722773239999981, 31.043212384000071 ], [ -6.722888723999972, 31.04364146000006 ], [ -6.723019407999971, 31.044127138000079 ], [ -6.723003655999946, 31.044749947000071 ], [ -6.72301187599993, 31.04530813100007 ], [ -6.722937401999957, 31.04589579900005 ], [ -6.72290174099993, 31.046296981000069 ], [ -6.722784125999965, 31.046777795000025 ], [ -6.722253483999964, 31.048000287000036 ], [ -6.721496528999978, 31.049096389000056 ], [ -6.718069849999949, 31.054072057000042 ], [ -6.717593729999976, 31.054485186000079 ], [ -6.71701818799994, 31.054920896000056 ], [ -6.716493576999937, 31.055427587000054 ], [ -6.715894631999959, 31.055970864000074 ], [ -6.715154911999946, 31.056551464000052 ], [ -6.714508102999957, 31.057231241000068 ], [ -6.713762239999937, 31.057962173000078 ], [ -6.713082163999957, 31.058642309000049 ], [ -6.712527896999973, 31.059224937000067 ], [ -6.711957678999966, 31.059635011000069 ], [ -6.711386777999962, 31.060392687000046 ], [ -6.710825545999967, 31.061243260000026 ], [ -6.71046492399995, 31.06217044300007 ], [ -6.710583460999942, 31.062884879000023 ], [ -6.710733846999972, 31.063505903000078 ], [ -6.710786379999945, 31.064256842000077 ], [ -6.710745049999957, 31.064844149000066 ], [ -6.710586129999967, 31.065346853000051 ], [ -6.710194403999935, 31.065852082000049 ], [ -6.709589791999974, 31.066581498000062 ], [ -6.709492531999956, 31.067326893000029 ], [ -6.70954631099994, 31.068163687000037 ], [ -6.709682701999952, 31.068963808000035 ], [ -6.70994753399998, 31.070012931000065 ], [ -6.710017848999939, 31.070386240000062 ], [ -6.710140442999943, 31.070774087000075 ], [ -6.710267274999978, 31.071195537000051 ], [ -6.710397412999953, 31.07157558800003 ], [ -6.710506414999941, 31.071851749000075 ], [ -6.710611966999977, 31.072105131000058 ], [ -6.710675396999932, 31.072355384000048 ], [ -6.710773002999929, 31.07259855500007 ], [ -6.710918083999957, 31.072925332000068 ], [ -6.711121187999936, 31.073238943000035 ], [ -6.711299925999981, 31.073485726000058 ], [ -6.711533677999967, 31.073833888000024 ], [ -6.711831975999928, 31.074153620000061 ], [ -6.712171913999953, 31.074407151000059 ], [ -6.712380662999976, 31.074608878000049 ], [ -6.712628851999966, 31.074806585000033 ], [ -6.712949071999958, 31.075096562000056 ], [ -6.713294196999925, 31.075348240000039 ], [ -6.713690902999929, 31.075680333000037 ], [ -6.713984037999978, 31.075894548000065 ], [ -6.714239117999966, 31.076066237000077 ], [ -6.714589948999958, 31.076316519000045 ], [ -6.714973426999961, 31.076560613000026 ], [ -6.715344970999979, 31.076699273000031 ], [ -6.715676019999933, 31.076876394000067 ], [ -6.715959440999939, 31.077136798000026 ], [ -6.716237946999968, 31.077274683000041 ], [ -6.716526622999936, 31.077396800000031 ], [ -6.716789517999928, 31.077532615000052 ], [ -6.717077451999955, 31.077639973000032 ], [ -6.717323347999979, 31.077856931000042 ], [ -6.71749712299993, 31.078083182000057 ], [ -6.717595296999946, 31.078397930000051 ], [ -6.717594384999927, 31.078761381000049 ], [ -6.71748273999998, 31.07912202600005 ], [ -6.71731906499997, 31.07951431500004 ], [ -6.717134661999978, 31.079840173000036 ], [ -6.716924033999931, 31.08018510900007 ], [ -6.716711404999955, 31.080606337000063 ], [ -6.716639636999957, 31.080958039000052 ], [ -6.716523224999946, 31.081419369000059 ], [ -6.71652217299993, 31.08184456400005 ], [ -6.716565141999979, 31.082150513000045 ], [ -6.716597453999952, 31.08247669900004 ], [ -6.716681962999928, 31.082816652000076 ], [ -6.716770585999939, 31.083118082000055 ], [ -6.71689803199996, 31.083445026000049 ], [ -6.716971502999968, 31.083705465000037 ], [ -6.717011657999933, 31.083998028000053 ], [ -6.717164896999975, 31.084382838000067 ], [ -6.717347255999925, 31.084695770000053 ], [ -6.717423468999925, 31.085001591000037 ], [ -6.717601952999928, 31.085369814000046 ], [ -6.717806985999971, 31.08574154300004 ], [ -6.717984669999964, 31.08609076700003 ], [ -6.718122081999979, 31.086457405000033 ], [ -6.718245539999941, 31.086830030000044 ], [ -6.718342419999942, 31.087157818000037 ], [ -6.718548745999954, 31.087548279000032 ], [ -6.718905543999938, 31.088132617000042 ], [ -6.719109572999969, 31.088434126000038 ], [ -6.719243581999933, 31.088711360000048 ], [ -6.71938851799996, 31.088953567000033 ], [ -6.719580182999948, 31.089262376000079 ], [ -6.719779690999928, 31.089538436000055 ], [ -6.719981921999931, 31.089842207000061 ], [ -6.720265069999925, 31.090169244000037 ], [ -6.720513000999972, 31.090451042000041 ], [ -6.720750601999953, 31.090737871000044 ], [ -6.720971340999938, 31.091043337000031 ], [ -6.721157778999952, 31.091420757000037 ], [ -6.721343518999959, 31.091750870000055 ], [ -6.721507992999932, 31.091978105000067 ], [ -6.72173726099993, 31.09224467100006 ], [ -6.721993687999941, 31.092486337000025 ], [ -6.722225477999928, 31.092730290000077 ], [ -6.722397970999964, 31.092971308000074 ], [ -6.722563286999957, 31.093219550000072 ], [ -6.722796141999936, 31.09357174400003 ], [ -6.723004296999932, 31.093887075000055 ], [ -6.723271518999979, 31.094107369000028 ], [ -6.723492028999942, 31.094338916000027 ], [ -6.723701773999949, 31.094602793000035 ], [ -6.723902205999934, 31.094941006000056 ], [ -6.724076414999956, 31.095262077000029 ], [ -6.724317664999944, 31.095619090000071 ], [ -6.724541342999942, 31.095946322000032 ], [ -6.724800951999953, 31.096225751000077 ], [ -6.725105108999969, 31.096493518000045 ], [ -6.725307456999928, 31.09675893800005 ], [ -6.725620082999967, 31.097011245000033 ], [ -6.726016872999935, 31.097337490000029 ], [ -6.726216160999968, 31.097644039000045 ], [ -6.726291327999945, 31.09796924300008 ], [ -6.726295132999951, 31.098226863000036 ], [ -6.726299122999933, 31.098497002000045 ], [ -6.726134366999929, 31.098834518000047 ], [ -6.72593780699998, 31.099165675000052 ], [ -6.725840712999968, 31.099418138000033 ], [ -6.725842515999943, 31.099681149000048 ], [ -6.725871515999927, 31.100061612000047 ], [ -6.725980786999969, 31.100415231000056 ], [ -6.726076215999967, 31.100769568000032 ], [ -6.726199617999953, 31.101005014000066 ], [ -6.72631877799995, 31.101283728000055 ], [ -6.726308315999972, 31.101631271000031 ], [ -6.726224363999961, 31.101883280000038 ], [ -6.726063613999941, 31.102145086000064 ], [ -6.725881689999937, 31.102405038000029 ], [ -6.725689681999938, 31.102663904000053 ], [ -6.725419501999966, 31.102942855000038 ], [ -6.725078322999934, 31.103273482000077 ], [ -6.724851266999963, 31.103528954000069 ], [ -6.724568690999945, 31.103755696000064 ], [ -6.724233092999953, 31.104054002000055 ], [ -6.724016001999928, 31.104420794000077 ], [ -6.723885263999932, 31.104721337000058 ], [ -6.723766094999974, 31.104960321000078 ], [ -6.723704374999954, 31.105232465000029 ], [ -6.723607777999973, 31.10550539500008 ], [ -6.723466132999931, 31.105794873000036 ], [ -6.723407376999944, 31.106235041000048 ], [ -6.723253299999953, 31.106700946000046 ], [ -6.723170233999952, 31.107048384000052 ], [ -6.723175487999981, 31.107342315000039 ], [ -6.723205984999936, 31.107695967000041 ], [ -6.723237573999938, 31.107971525000039 ], [ -6.723331922999932, 31.108282142000064 ], [ -6.723628894999933, 31.10881958300007 ], [ -6.724336006999977, 31.109292570000036 ], [ -6.724605790999931, 31.10944231600007 ], [ -6.72495399099995, 31.109628882000038 ], [ -6.72510211599996, 31.109910623000076 ], [ -6.725063077999948, 31.110331832000043 ], [ -6.725074384999971, 31.110710096000048 ], [ -6.72533730899994, 31.110980896000058 ], [ -6.72577283399994, 31.111110926000038 ], [ -6.726022365999938, 31.11124955300005 ], [ -6.726304845999948, 31.111519777000069 ], [ -6.72654353799993, 31.111757986000043 ], [ -6.72673237999993, 31.112058618000049 ], [ -6.726796863999937, 31.112387434000027 ], [ -6.726708182999971, 31.112684988000069 ], [ -6.726518617999943, 31.113073704000044 ], [ -6.726405800999942, 31.113414902000045 ], [ -6.726350172999958, 31.113678843000059 ], [ -6.726288432999979, 31.11396372400003 ], [ -6.72623688799996, 31.114287557000068 ], [ -6.726098172999968, 31.114670194000041 ], [ -6.72591870499997, 31.114932502000045 ], [ -6.725720506999949, 31.115235083000073 ], [ -6.725450657999943, 31.115677505000065 ], [ -6.725230074999956, 31.116020480000032 ], [ -6.72507582399993, 31.116279235000036 ], [ -6.724830112999939, 31.116563837000058 ], [ -6.724719227999969, 31.116940999000064 ], [ -6.724724622999929, 31.117306563000056 ], [ -6.724751818999948, 31.117600611000057 ], [ -6.724862579999979, 31.117936292000024 ], [ -6.725041297999951, 31.118307611000034 ], [ -6.725086959999942, 31.118746891000058 ], [ -6.725012283999945, 31.119090055000072 ], [ -6.724859068999933, 31.119394424000063 ], [ -6.72469568799994, 31.119668491000027 ], [ -6.724554180999974, 31.11992291100006 ], [ -6.724482507999937, 31.120209396000064 ], [ -6.724483203999966, 31.120490916000051 ], [ -6.724497370999927, 31.120794339000042 ], [ -6.724584270999969, 31.121092207000061 ], [ -6.724612325999942, 31.121348381000075 ], [ -6.724591445999977, 31.121649511000044 ], [ -6.724572250999927, 31.121922596000047 ], [ -6.724564466999936, 31.122263247000035 ], [ -6.724509144999956, 31.122695969000063 ], [ -6.724474726999972, 31.123077617000035 ], [ -6.724375942999927, 31.123505412000043 ], [ -6.724190380999971, 31.123811510000053 ], [ -6.724032568999974, 31.124064346000068 ], [ -6.723819239999955, 31.124513556000068 ], [ -6.723831538999946, 31.124866069000063 ], [ -6.723933668999962, 31.125115759000039 ], [ -6.724127118999945, 31.12546837900004 ], [ -6.72420412699995, 31.125824925000074 ], [ -6.724320787999943, 31.126059572000031 ], [ -6.724450985999965, 31.126358128000049 ], [ -6.724423748999925, 31.126711884000031 ], [ -6.724046039999962, 31.127038055000071 ], [ -6.723656234999964, 31.127263147000065 ], [ -6.723227579999957, 31.127400088000059 ], [ -6.722884704999956, 31.127516752000076 ], [ -6.722495882999965, 31.127596756000059 ], [ -6.722042165999937, 31.127742993000027 ], [ -6.721733446999963, 31.127942589000043 ], [ -6.72142299799998, 31.128213022000068 ], [ -6.721302801999968, 31.128502420000075 ], [ -6.721312562999969, 31.12883591800005 ], [ -6.72136201099994, 31.129109846000063 ], [ -6.721450544999925, 31.129413515000067 ], [ -6.721650434999958, 31.129790377000063 ], [ -6.721924678999926, 31.13012303000005 ], [ -6.722232924999958, 31.130350053000029 ], [ -6.722473047999927, 31.13057324600004 ], [ -6.722507556999972, 31.13085955400004 ], [ -6.722436948999928, 31.131126640000048 ], [ -6.722370308999928, 31.131427379000058 ], [ -6.722337093999954, 31.131761149000056 ], [ -6.722487226999931, 31.132039121000048 ], [ -6.722695148999946, 31.132320894000031 ], [ -6.722786585999927, 31.132604862000051 ], [ -6.722819375999961, 31.13296359800006 ], [ -6.722680303999937, 31.133239125000046 ], [ -6.72242967699998, 31.133421392000059 ], [ -6.722094159999926, 31.133627537000052 ], [ -6.721779693999963, 31.133967657000028 ], [ -6.721569123999927, 31.134265197000047 ], [ -6.72154639699994, 31.134523427000033 ], [ -6.721694626999977, 31.134889258000044 ], [ -6.721694956999954, 31.136095812000065 ], [ -6.714063090999957, 31.139941713000042 ], [ -6.711029421999967, 31.141470263000031 ], [ -6.710680879999927, 31.145465558000069 ], [ -6.709928800999933, 31.154353295000078 ], [ -6.708930198999951, 31.165548342000079 ], [ -6.708472536999977, 31.170678102000068 ], [ -6.706590910999978, 31.178007587000025 ], [ -6.704933898999968, 31.180189849000044 ], [ -6.704733552999926, 31.180452263000063 ], [ -6.70298041999996, 31.181411806000028 ], [ -6.695341237999969, 31.185486343000036 ], [ -6.680796629999975, 31.18645112300004 ], [ -6.679980815999954, 31.185469322000074 ], [ -6.679484197999955, 31.184699183000077 ], [ -6.679306954999959, 31.184432612000023 ], [ -6.679130147999956, 31.184195914000043 ], [ -6.679005334999943, 31.183958650000079 ], [ -6.678845860999957, 31.183721750000075 ], [ -6.678562234999958, 31.183292290000054 ], [ -6.678487577999931, 31.182920309000053 ], [ -6.678449040999965, 31.182652312000073 ], [ -6.678445003999968, 31.182369029000029 ], [ -6.67844011699998, 31.18202610000003 ], [ -6.678434593999953, 31.181638493000037 ], [ -6.678429493999943, 31.181280650000076 ], [ -6.678423970999972, 31.180893026000035 ], [ -6.678419720999955, 31.180594837000058 ], [ -6.678415896999979, 31.180326472000047 ], [ -6.678411116999939, 31.179991020000045 ], [ -6.67840739899998, 31.179730108000058 ], [ -6.678403149999951, 31.179431925000074 ], [ -6.674037437999971, 31.171513311000069 ], [ -6.674116522999952, 31.171220215000062 ], [ -6.674195187999942, 31.17089730400005 ], [ -6.674189534999925, 31.170499236000069 ], [ -6.674201514999936, 31.170121855000048 ], [ -6.67408325699995, 31.169854692000058 ], [ -6.673989068999958, 31.169572367000058 ], [ -6.673838563999936, 31.169229499000039 ], [ -6.673765245999959, 31.168951417000073 ], [ -6.673614808999957, 31.168616008000072 ], [ -6.673561474999929, 31.168279558000052 ], [ -6.673501751999936, 31.167981978000057 ], [ -6.673448588999975, 31.167657466000037 ], [ -6.673255551999944, 31.167252412000039 ], [ -6.67306326299996, 31.166898054000058 ], [ -6.672917735999931, 31.166663974000073 ], [ -6.672621162999974, 31.16641659000004 ], [ -6.672163892999947, 31.166250390000073 ], [ -6.671948208999936, 31.166041911000036 ], [ -6.671808437999971, 31.165721290000079 ], [ -6.671664736999958, 31.165370895000024 ], [ -6.671601558999953, 31.165073320000033 ], [ -6.671576739999978, 31.16479028200007 ], [ -6.671467123999946, 31.164397764000057 ], [ -6.671327124999948, 31.164063725000062 ], [ -6.671215579999966, 31.163777117000052 ], [ -6.671014932999981, 31.163322932000028 ], [ -6.670900032999953, 31.163046785000063 ], [ -6.670669787999941, 31.162583966000057 ], [ -6.670406320999973, 31.162222886000052 ], [ -6.670076312999981, 31.161940049000066 ], [ -6.669653308999955, 31.161823682000033 ], [ -6.669179597999971, 31.161800310000046 ], [ -6.66855469199993, 31.161753158000067 ], [ -6.66816242699997, 31.161727432000077 ], [ -6.667821368999967, 31.161641552000049 ], [ -6.667529689999981, 31.161493994000068 ], [ -6.66714202199995, 31.161177430000066 ], [ -6.666858155999932, 31.160968678000074 ], [ -6.666559019999966, 31.160658650000073 ], [ -6.666403033999927, 31.16041873100005 ], [ -6.66610563699993, 31.16011018100005 ], [ -6.665840046999961, 31.159843066000064 ], [ -6.665587684999934, 31.15965482200005 ], [ -6.665390576999926, 31.159448138000073 ], [ -6.665033578999953, 31.159216254000057 ], [ -6.66463904799997, 31.159026508000068 ], [ -6.664180755999951, 31.158989527000074 ], [ -6.663677972999949, 31.158994764000056 ], [ -6.663331254999946, 31.158998375000067 ], [ -6.662932497999975, 31.159002526000052 ], [ -6.662464392999937, 31.159007397000039 ], [ -6.662159274999965, 31.159010571000067 ], [ -6.661795185999949, 31.159014358000036 ], [ -6.661261215999957, 31.159019909000051 ], [ -6.660761399999956, 31.158905836000031 ], [ -6.660511698999926, 31.158741425000073 ], [ -6.660340923999968, 31.158434533000047 ], [ -6.660308136999959, 31.158075509000071 ], [ -6.660230113999944, 31.157703544000071 ], [ -6.660116975999927, 31.15730211500005 ], [ -6.660007674999974, 31.156927482000071 ], [ -6.659941069999945, 31.156629966000025 ], [ -6.659893018999981, 31.15617119500007 ], [ -6.660307093999961, 31.155616326000029 ], [ -6.616110086999981, 31.156674617000078 ], [ -6.58355355499998, 31.156527763000042 ], [ -6.583073196999976, 31.15664083300004 ], [ -6.572084728999926, 31.156694926000057 ], [ -6.570571229999928, 31.156765794000023 ], [ -6.567990509999959, 31.156795033000037 ], [ -6.562296499999945, 31.156853527000067 ], [ -6.556215126999973, 31.156919239000047 ], [ -6.549947499999973, 31.157118432000061 ], [ -6.548295276999966, 31.156978385000059 ], [ -6.495548023999959, 31.158468103000075 ], [ -6.44240207799993, 31.161584469000047 ], [ -6.399650762999954, 31.164162928000053 ], [ -6.388234916999977, 31.16481053900003 ], [ -6.380558537999946, 31.165245398000025 ], [ -6.370467495999947, 31.165816302000053 ], [ -6.367210151999927, 31.166000412000074 ], [ -6.35980101499996, 31.166377953000051 ], [ -6.359084268999936, 31.166650539000045 ], [ -6.358796320999943, 31.166775748000077 ], [ -6.358520760999966, 31.166895518000047 ], [ -6.349089302999971, 31.170995370000071 ], [ -6.338257781999971, 31.175702468000054 ], [ -6.306900894999956, 31.189739916000065 ], [ -6.29007924299998, 31.197352407000039 ], [ -6.28074063899993, 31.201642199000048 ], [ -6.280655722999938, 31.201290203000042 ], [ -6.280597667999928, 31.200460289000034 ], [ -6.280593628999952, 31.200048912000057 ], [ -6.280611635999946, 31.199762488000033 ], [ -6.280670573999942, 31.199404211000058 ], [ -6.280662141999926, 31.198545394000064 ], [ -6.280658628999959, 31.198187559000075 ], [ -6.280403926999952, 31.197688405000065 ], [ -6.280859733999932, 31.19747036900003 ], [ -6.281273207999959, 31.19718109300004 ], [ -6.281645727999944, 31.196963659000062 ], [ -6.281851772999971, 31.196747447000064 ], [ -6.281972964999966, 31.196370806000061 ], [ -6.281970325999964, 31.196102448000033 ], [ -6.281924474999926, 31.195673336000027 ], [ -6.281608030999962, 31.195246191000024 ], [ -6.281293741999946, 31.195033779000028 ], [ -6.281207496999968, 31.194730203000063 ], [ -6.281203698999946, 31.194343593000042 ], [ -6.281324825999945, 31.193959951000068 ], [ -6.281529408999972, 31.19360060200006 ], [ -6.281775670999934, 31.193240966000076 ], [ -6.281981697999981, 31.193024732000026 ], [ -6.282270242999971, 31.192736368000055 ], [ -6.282517195999958, 31.192448263000074 ], [ -6.282764129999975, 31.192160196000032 ], [ -6.283011062999947, 31.191872094000075 ], [ -6.283173700999953, 31.191477273000032 ], [ -6.283253077999973, 31.191083056000025 ], [ -6.283331748999956, 31.190617254000074 ], [ -6.283327696999947, 31.190205754000033 ], [ -6.283325053999931, 31.189937379000071 ] ] ] } },
{ "type": "Feature", "properties": { "ADM4_FR": "Tarmigt", "ADM4_AR": "ترميكت", "ADM4_PCODE": "MA00300140107092", "ADM4_REF": null, "ADM3_FR": "Tarmigt", "ADM3_AR": "ترميكت", "ADM3_PCODE": "MA0030014010709", "ADM2_FR": "Ouarzazate", "ADM2_AR": "ورزازات", "ADM2_PCODE": "MA003001", "ADM1_FR": "Drâa-Tafilalet", "ADM1_AR": "درعة - تافيلالت", "ADM1_PCODE": "MA003", "ADM0_EN": "Morocco", "ADM0_FR": "Moroc (le)", "ADM0_AR": "المغرب", "ADM0_PCODE": "MA", "date": "2023-09-15", "validOn": "2023-09-25", "validTo": null, "Shape_Leng": 1.65238642477, "Shape_Area": 0.075135454513499997, "AREA_SQKM": 796.84427729100003, "Cases": 374 }, "geometry": { "type": "Polygon", "coordinates": [ [ [ -6.725600035999946, 30.998122938000051 ], [ -6.725166734999959, 30.99784734900004 ], [ -6.724935122999966, 30.997635201000037 ], [ -6.724838705999957, 30.99720086700006 ], [ -6.724906898999961, 30.996717020000062 ], [ -6.724694389999968, 30.996391361000065 ], [ -6.724483193999959, 30.996155094000073 ], [ -6.724166428999979, 30.995800729000052 ], [ -6.724160279999978, 30.99538328400007 ], [ -6.724016997999968, 30.995056824000073 ], [ -6.724080509999965, 30.994668498000067 ], [ -6.72413875899997, 30.993922367000039 ], [ -6.724134366999976, 30.993624191000038 ], [ -6.724126461999958, 30.993087514000024 ], [ -6.724327986999981, 30.99266784100007 ], [ -6.724774399999944, 30.99242438400006 ], [ -6.72521945099993, 30.992091490000064 ], [ -6.725802544999965, 30.991727281000067 ], [ -6.726212560999954, 30.99136496400007 ], [ -6.726855954999962, 30.990883436000047 ], [ -6.727134040999942, 30.990475167000056 ], [ -6.727440434999949, 30.990128868000056 ], [ -6.727816720999954, 30.989826556000025 ], [ -6.72850361199994, 30.989461196000036 ], [ -6.729429645999971, 30.988884434000056 ], [ -6.730152914999962, 30.988637918000052 ], [ -6.730667584999935, 30.988334085000076 ], [ -6.730905421999978, 30.98803328300005 ], [ -6.731245342999955, 30.987612037000076 ], [ -6.731374507999931, 30.986984412000027 ], [ -6.731154044999926, 30.986122055000067 ], [ -6.731113719999939, 30.985734826000055 ], [ -6.730923881999956, 30.984603755000023 ], [ -6.730562830999929, 30.983593846000076 ], [ -6.730386283999962, 30.983357247000072 ], [ -6.730001202999972, 30.983063261000041 ], [ -6.729304236999951, 30.982742889000065 ], [ -6.728747468999927, 30.982540261000054 ], [ -6.728329091999967, 30.982336114000077 ], [ -6.727940498999942, 30.981803622000029 ], [ -6.727586985999949, 30.981300538000028 ], [ -6.727269372999956, 30.980886554000051 ], [ -6.726849288999972, 30.980563133000032 ], [ -6.72622069099998, 30.980182355000068 ], [ -6.725802770999962, 30.980008032000057 ], [ -6.725521562999973, 30.979712895000034 ], [ -6.725795296999934, 30.979501163000066 ], [ -6.726344121999944, 30.979167130000064 ], [ -6.726617013999942, 30.978895765000061 ], [ -6.726853518999974, 30.978505502000075 ], [ -6.72667566399997, 30.978179471000033 ], [ -6.726359832999947, 30.97788470900008 ], [ -6.726007612999979, 30.977471101000049 ], [ -6.725551647999964, 30.977058620000037 ], [ -6.724958541999968, 30.97673708700006 ], [ -6.724572628999965, 30.976383448000036 ], [ -6.724075958999947, 30.975377524000066 ], [ -6.720800331999953, 30.97483909400006 ], [ -6.720618749999971, 30.974715049000054 ], [ -6.720441570999981, 30.974586407000061 ], [ -6.720268953999948, 30.974453284000049 ], [ -6.720101052999951, 30.974315798000077 ], [ -6.719938016999947, 30.974174073000029 ], [ -6.719779992999975, 30.974028234000059 ], [ -6.719627119999927, 30.973878413000079 ], [ -6.719479536999927, 30.973724742000059 ], [ -6.719337373999963, 30.973567359000072 ], [ -6.719200757999943, 30.973406405000048 ], [ -6.71906981199993, 30.973242022000079 ], [ -6.718944651999948, 30.973074359000066 ], [ -6.718825389999949, 30.972903564000035 ], [ -6.718712131999951, 30.972729789000027 ], [ -6.718604979999952, 30.972553191000031 ], [ -6.718504028999973, 30.972373927000035 ], [ -6.718409369999961, 30.972192156000062 ], [ -6.718321085999946, 30.972008041000038 ], [ -6.718239257999926, 30.971821747000035 ], [ -6.718163956999945, 30.971633439000072 ], [ -6.71812777599996, 30.971427921000043 ], [ -6.718084906999934, 30.971223350000059 ], [ -6.718035383999961, 30.971019887000068 ], [ -6.717979243999935, 30.970817690000047 ], [ -6.717916531999947, 30.970616918000076 ], [ -6.717847296999935, 30.97041772700004 ], [ -6.717771592999952, 30.970220274000042 ], [ -6.717689478999944, 30.970024713000043 ], [ -6.717601019999961, 30.969831197000076 ], [ -6.717506283999967, 30.969639877000077 ], [ -6.717405345999964, 30.969450903000052 ], [ -6.71729828499997, 30.969264422000037 ], [ -6.717185183999959, 30.969080581000071 ], [ -6.717066130999967, 30.968899524000051 ], [ -6.716941220999956, 30.968721391000031 ], [ -6.716810549999934, 30.968546323000055 ], [ -6.716674220999948, 30.96837445500006 ], [ -6.716532340999947, 30.968205924000074 ], [ -6.716385019999962, 30.968040860000031 ], [ -6.716232372999968, 30.967879392000043 ], [ -6.715640023999981, 30.967525231000025 ], [ -6.715518355999961, 30.966826147000063 ], [ -6.713494834999949, 30.961186739000027 ], [ -6.713301506999926, 30.960973977000037 ], [ -6.71311370899997, 30.960757603000047 ], [ -6.71293153299996, 30.960537724000062 ], [ -6.712755065999943, 30.960314445000051 ], [ -6.712584395999954, 30.960087877000035 ], [ -6.712419605999969, 30.959858130000043 ], [ -6.712260775999937, 30.959625316000029 ], [ -6.712107983999942, 30.959389549000036 ], [ -6.711961303999942, 30.959150943000054 ], [ -6.71182080799997, 30.958909616000028 ], [ -6.711686563999933, 30.958665685000028 ], [ -6.711558638999975, 30.958419270000036 ], [ -6.711437094999951, 30.958170489000054 ], [ -6.711321989999931, 30.957919466000078 ], [ -6.711213380999936, 30.957666323000069 ], [ -6.711111321999965, 30.957411182000044 ], [ -6.711015861999954, 30.957154169000034 ], [ -6.710927046999927, 30.956895410000072 ], [ -6.710844921999978, 30.956635030000029 ], [ -6.710769524999932, 30.95637315700003 ], [ -6.710700894999945, 30.956109918000038 ], [ -6.710639063999963, 30.955845442000054 ], [ -6.710584061999953, 30.955579859000068 ], [ -6.710535916999959, 30.955313297000032 ], [ -6.710494651999966, 30.955045888000029 ], [ -6.710460286999933, 30.954777761000059 ], [ -6.710432839999953, 30.954509047000045 ], [ -6.710400309999955, 30.954017983000028 ], [ -6.710392075999948, 30.953639654000028 ], [ -6.71039830999996, 30.953280468000059 ], [ -6.710420108999926, 30.952723877000039 ], [ -6.710436449999975, 30.952167157000076 ], [ -6.710447324999961, 30.951610335000055 ], [ -6.710452735999979, 30.951053451000064 ], [ -6.710452679999946, 30.950496545000078 ], [ -6.710447157999965, 30.949939655000037 ], [ -6.71043616999998, 30.949382822000075 ], [ -6.71040798699994, 30.94854781600003 ], [ -6.710386913999969, 30.948049257000037 ], [ -6.710359500999971, 30.947550923000051 ], [ -6.71032852299993, 30.947017892000076 ], [ -6.710304447999931, 30.94667918500005 ], [ -6.710270025999932, 30.946239883000032 ], [ -6.710226034999948, 30.945712195000056 ], [ -6.710176800999932, 30.945184844000039 ], [ -6.710122327999954, 30.944657870000071 ], [ -6.710052569999959, 30.944045212000049 ], [ -6.709976166999979, 30.943433133000042 ], [ -6.709893123999962, 30.942821686000059 ], [ -6.709803447999946, 30.94221092500004 ], [ -6.70970714799995, 30.941600903000051 ], [ -6.709604231999947, 30.940991672000052 ], [ -6.709494707999966, 30.940383285000053 ], [ -6.709378586999946, 30.93977579500006 ], [ -6.706326937999961, 30.933207753000033 ], [ -6.707552447999944, 30.930701009000074 ], [ -6.709035814999936, 30.928967576000048 ], [ -6.713752200999977, 30.923455399000034 ], [ -6.715666146999979, 30.915484076000041 ], [ -6.730971360999945, 30.91531124200003 ], [ -6.734950199999957, 30.910225170000047 ], [ -6.737561921999941, 30.904182143000071 ], [ -6.737305633999938, 30.902051 ], [ -6.73635313799997, 30.898569515000077 ], [ -6.73584987199996, 30.89717620600004 ], [ -6.735456769999928, 30.896908604000032 ], [ -6.735121474999971, 30.896450104000053 ], [ -6.734802803999969, 30.895946687000048 ], [ -6.734660084999973, 30.895650097000043 ], [ -6.734445568999945, 30.895175368000025 ], [ -6.733950522999976, 30.894435351000027 ], [ -6.733633211999972, 30.894021398000064 ], [ -6.733203088999971, 30.893685262000076 ], [ -6.73273043599994, 30.893072378000056 ], [ -6.732366672999945, 30.892790148000074 ], [ -6.731923427999959, 30.892747313000029 ], [ -6.731535545999975, 30.892703873000073 ], [ -6.731174617999955, 30.892612414000041 ], [ -6.730622152999956, 30.892666206000058 ], [ -6.730290993999972, 30.892717563000076 ], [ -6.729629346999957, 30.892867976000048 ], [ -6.729149056999972, 30.89312370500005 ], [ -6.72869567999993, 30.893331464000028 ], [ -6.72833628099994, 30.893572752000068 ], [ -6.727347563999956, 30.893823351000037 ], [ -6.726960340999938, 30.89382759800003 ], [ -6.72637954399994, 30.893833967000035 ], [ -6.726045214999942, 30.893670634000046 ], [ -6.725544898999942, 30.893509162000043 ], [ -6.725126897999928, 30.893299028000058 ], [ -6.724818807999952, 30.893040002000077 ], [ -6.724790188999975, 30.89268282300003 ], [ -6.724097104999942, 30.892158110000025 ], [ -6.723643263999975, 30.891864890000079 ], [ -6.723117696999964, 30.891393545000028 ], [ -6.72276719499996, 30.89106937400004 ], [ -6.721986238999932, 30.890679938000062 ], [ -6.722690197999952, 30.887317568000071 ], [ -6.722736578999957, 30.886944326000048 ], [ -6.722732634999943, 30.886676008000052 ], [ -6.722728580999956, 30.88640022900006 ], [ -6.722800118999942, 30.885974540000063 ], [ -6.722803202999955, 30.885204195000028 ], [ -6.722988037999926, 30.884844350000037 ], [ -6.723227577999978, 30.884478954000031 ], [ -6.723627933999978, 30.88407948300005 ], [ -6.723931532999927, 30.883760571000039 ], [ -6.72433786299996, 30.883572272000038 ], [ -6.724783342999956, 30.88349781200003 ], [ -6.725312208999981, 30.883412500000077 ], [ -6.725609878999933, 30.883280015000025 ], [ -6.725878403999957, 30.883122999000079 ], [ -6.726276961999929, 30.882994394000036 ], [ -6.726662274999967, 30.882942976000038 ], [ -6.726998094999942, 30.882857289000071 ], [ -6.727414166999949, 30.882743382000058 ], [ -6.727860688999954, 30.882544652000036 ], [ -6.728393945999926, 30.882367361000036 ], [ -6.728829989999952, 30.882240813000067 ], [ -6.729198624999981, 30.882035477000045 ], [ -6.729558595999947, 30.88183026300004 ], [ -6.729925561999949, 30.881513127000062 ], [ -6.730247176999967, 30.881246206000071 ], [ -6.730551936999973, 30.881009272000028 ], [ -6.73084569699995, 30.880807253000057 ], [ -6.73107873899994, 30.880591 ], [ -6.731409751999934, 30.880376133000027 ], [ -6.731729112999972, 30.880151473000069 ], [ -6.732063912999934, 30.879998700000044 ], [ -6.732457891999957, 30.87975579600004 ], [ -6.732740198999977, 30.879558895000059 ], [ -6.733037411999931, 30.879396575000044 ], [ -6.733431499999938, 30.879161133000025 ], [ -6.733860354999933, 30.878940240000077 ], [ -6.734168592999936, 30.878743010000051 ], [ -6.734556266999959, 30.878465409000057 ], [ -6.734784626999954, 30.878127421000045 ], [ -6.73494537299996, 30.877894569000034 ], [ -6.73523652199998, 30.877712443000064 ], [ -6.735441051999942, 30.877516355000068 ], [ -6.735755075999975, 30.877324058000056 ], [ -6.736175883999977, 30.877239897000038 ], [ -6.736577705999935, 30.877235459000076 ], [ -6.736907176999978, 30.877306366000028 ], [ -6.73733127099996, 30.877346411000076 ], [ -6.737878751999972, 30.87745091000005 ], [ -6.738306906999981, 30.877668577000065 ], [ -6.738601395999979, 30.877710049000029 ], [ -6.738885575999973, 30.87783612100003 ], [ -6.739150669999958, 30.878031954000051 ], [ -6.739512417999947, 30.878142260000061 ], [ -6.739891910999972, 30.878282191000039 ], [ -6.740275736999934, 30.878327636000051 ], [ -6.740647990999946, 30.878368243000068 ], [ -6.741022011999974, 30.878528073000041 ], [ -6.741377415999978, 30.878598685000043 ], [ -6.741861555999947, 30.878608227000029 ], [ -6.742302044999974, 30.878588430000036 ], [ -6.742672175999928, 30.87848740700008 ], [ -6.743134378999969, 30.878474821000054 ], [ -6.74367446499997, 30.878468824000038 ], [ -6.744080598999972, 30.878464312000062 ], [ -6.744512671999928, 30.878459511000074 ], [ -6.745030503999942, 30.878409049000027 ], [ -6.745449770999926, 30.878319906000058 ], [ -6.745933706999949, 30.878123178000067 ], [ -6.746381845999963, 30.877844856000024 ], [ -6.746748277999927, 30.877689210000028 ], [ -6.747016952999957, 30.877547059000051 ], [ -6.747362729999963, 30.877359316000025 ], [ -6.747786951999956, 30.877215467000042 ], [ -6.748193672999946, 30.877056864000053 ], [ -6.748371544999941, 30.876816321000035 ], [ -6.748511841999971, 30.876566291000074 ], [ -6.748695019999957, 30.876293382000028 ], [ -6.74890075899998, 30.875987953000049 ], [ -6.748930958999949, 30.875696865000066 ], [ -6.749013211999966, 30.875420148000046 ], [ -6.749111662999951, 30.875068676000069 ], [ -6.749158145999957, 30.874710338000057 ], [ -6.749282406999953, 30.874351146000038 ], [ -6.749371095999948, 30.873925243000031 ], [ -6.749469096999974, 30.873543961000053 ], [ -6.749496955999973, 30.87309637900006 ], [ -6.749293731999956, 30.872800463000033 ], [ -6.749057062999952, 30.872579470000062 ], [ -6.748846457999946, 30.872365629000058 ], [ -6.748404258999926, 30.872077355000044 ], [ -6.747940448999941, 30.871883722000064 ], [ -6.747448942999938, 30.871956293000039 ], [ -6.747117196999966, 30.872119030000079 ], [ -6.74678806999998, 30.87226185600008 ], [ -6.746401570999979, 30.872422681000046 ], [ -6.746039879999955, 30.872508709000044 ], [ -6.745695136999927, 30.872572184000035 ], [ -6.745376317999956, 30.872635370000069 ], [ -6.745048418999943, 30.872668838000038 ], [ -6.744624559999977, 30.87264372900006 ], [ -6.744267855999965, 30.872483683000041 ], [ -6.744035924999935, 30.872193065000033 ], [ -6.744248618999961, 30.871967048000045 ], [ -6.744452640999953, 30.871741160000056 ], [ -6.744710550999969, 30.871457493000037 ], [ -6.745013137999933, 30.871078923000027 ], [ -6.745354970999927, 30.870821657000079 ], [ -6.745702644999938, 30.870569319000026 ], [ -6.745946623999941, 30.870318110000028 ], [ -6.746218567999961, 30.870009455000059 ], [ -6.746604512999966, 30.86942868400007 ], [ -6.747069995999937, 30.869157606000044 ], [ -6.747442926999952, 30.86886025900003 ], [ -6.747748920999925, 30.868712720000076 ], [ -6.748229222999953, 30.868468816000075 ], [ -6.74856846199998, 30.868231470000069 ], [ -6.748985450999953, 30.867993234000039 ], [ -6.749376540999947, 30.867659639000067 ], [ -6.749755498999946, 30.86728640900003 ], [ -6.750179008999964, 30.866906466000046 ], [ -6.750390762999928, 30.866620843000078 ], [ -6.750761969999928, 30.86640299000004 ], [ -6.75125830099995, 30.866076910000061 ], [ -6.751322836999975, 30.865770540000028 ], [ -6.751174651999975, 30.865493912000034 ], [ -6.75099462999998, 30.86520766700005 ], [ -6.750813606999941, 30.864854365000042 ], [ -6.750631684999973, 30.864630268000042 ], [ -6.750420341999927, 30.864368003000038 ], [ -6.750029133999931, 30.864403430000038 ], [ -6.749749269999938, 30.864565584000047 ], [ -6.749457959999972, 30.864732820000029 ], [ -6.749071168999933, 30.86487132600007 ], [ -6.748623681999959, 30.864995598000064 ], [ -6.748229704999972, 30.865039748000072 ], [ -6.747817618999932, 30.865123862000075 ], [ -6.747294899999929, 30.865129685000056 ], [ -6.746906085999967, 30.865134015000024 ], [ -6.746465441999931, 30.865138921000039 ], [ -6.746016164999958, 30.865143921000026 ], [ -6.745480485999963, 30.865149881000036 ], [ -6.744975034999925, 30.86515550200005 ], [ -6.744460937999975, 30.865161217000036 ], [ -6.744046225999966, 30.865165826000066 ], [ -6.74374381299998, 30.86516918600006 ], [ -6.743336484999929, 30.865283012000077 ], [ -6.742870124999968, 30.865494445000024 ], [ -6.742485872999964, 30.865804344000026 ], [ -6.742162772999961, 30.866158300000052 ], [ -6.74188307299994, 30.866526662000069 ], [ -6.741756903999942, 30.866950489000033 ], [ -6.741737443999966, 30.867383068000038 ], [ -6.741743442999962, 30.867785544000071 ], [ -6.741740466999943, 30.868165751000049 ], [ -6.741573897999956, 30.86839373600003 ], [ -6.741217048999943, 30.868417572000055 ], [ -6.740789348999954, 30.868422313000053 ], [ -6.740286623999964, 30.868417946000079 ], [ -6.739932211999928, 30.868218100000036 ], [ -6.739648331999945, 30.867918104000069 ], [ -6.739381384999945, 30.867595530000074 ], [ -6.739094460999979, 30.867283149000059 ], [ -6.738964323999937, 30.866862162000075 ], [ -6.738958557999979, 30.86647458300007 ], [ -6.738953679999952, 30.866146649000029 ], [ -6.738966415999926, 30.865840867000031 ], [ -6.73907139399995, 30.865539043000069 ], [ -6.739266116999943, 30.865268522000065 ], [ -6.739642734999961, 30.865025813000045 ], [ -6.739978384999972, 30.864741301000038 ], [ -6.740182231999938, 30.86430916200004 ], [ -6.740269701999978, 30.863992629000052 ], [ -6.740369395999949, 30.863723149000066 ], [ -6.740492179999933, 30.863458411000067 ], [ -6.740649855999948, 30.863215623000031 ], [ -6.740771108999979, 30.862846533000038 ], [ -6.740765113999942, 30.862444058000051 ], [ -6.740760117999969, 30.862108652000074 ], [ -6.740755233999948, 30.861780719000024 ], [ -6.740749793999953, 30.861415503000046 ], [ -6.740744354999947, 30.861050291000026 ], [ -6.74074002499998, 30.860759621000057 ], [ -6.740671591999956, 30.860419948000072 ], [ -6.740435617999935, 30.860047361000056 ], [ -6.740195408999966, 30.859776686000032 ], [ -6.739932877999934, 30.859555971000077 ], [ -6.739709739999967, 30.859270188000039 ], [ -6.739536585999929, 30.858860874000072 ], [ -6.739529431999927, 30.858380143000034 ], [ -6.739524218999975, 30.858029843000054 ], [ -6.739620430999935, 30.857720649000044 ], [ -6.739836069999967, 30.857309516000043 ], [ -6.73985291799994, 30.856893120000052 ], [ -6.739849034999963, 30.856632246000061 ], [ -6.739757886999939, 30.856312725000066 ], [ -6.739573769999936, 30.855939551000063 ], [ -6.739556964999963, 30.855584406000048 ], [ -6.739552749999973, 30.855301188000055 ], [ -6.739547758999947, 30.854965783000068 ], [ -6.739542879999931, 30.854637852000053 ], [ -6.739537444999939, 30.854272638000054 ], [ -6.739531788999955, 30.853892520000045 ], [ -6.739526576999936, 30.853542227000048 ], [ -6.739505303999977, 30.853274085000066 ], [ -6.739375115999962, 30.853041974000064 ], [ -6.739181278999979, 30.852790654000046 ], [ -6.738929290999977, 30.85250024000004 ], [ -6.73874572099993, 30.852164333000076 ], [ -6.738751973999968, 30.851713274000076 ], [ -6.738887280999961, 30.85112784100005 ], [ -6.739069872999949, 30.85072204800008 ], [ -6.739134425999964, 30.850415679000037 ], [ -6.739268996999954, 30.850168213000075 ], [ -6.739408732999948, 30.849880892000044 ], [ -6.73960590799993, 30.849583034000034 ], [ -6.739739773999929, 30.849290820000078 ], [ -6.739821947999928, 30.849006645000031 ], [ -6.739984681999942, 30.848716602000025 ], [ -6.740067005999947, 30.848442362000071 ], [ -6.73988498999995, 30.84821080200004 ], [ -6.739631803999941, 30.848072485000046 ], [ -6.739538118999974, 30.847814092000078 ], [ -6.739532263999934, 30.847420569000064 ], [ -6.739527472999953, 30.847098581000068 ], [ -6.739521972999967, 30.84672891200006 ], [ -6.73961178199994, 30.846262762000038 ], [ -6.739786844999969, 30.845950726000069 ], [ -6.740031377999969, 30.845661755000037 ], [ -6.740193331999933, 30.845397566000031 ], [ -6.740299081999979, 30.845074362000048 ], [ -6.740597657999956, 30.844701318000034 ], [ -6.740938205999953, 30.844363566000027 ], [ -6.740861643999949, 30.843863491000036 ], [ -6.741063617999941, 30.843503444000078 ], [ -6.741266327999938, 30.84319109300003 ], [ -6.741343928999981, 30.842832413000053 ], [ -6.741449838999927, 30.842521139000041 ], [ -6.741444152999975, 30.842139530000054 ], [ -6.741438467999956, 30.841757930000028 ], [ -6.741434203999972, 30.841471738000052 ], [ -6.741456336999931, 30.841101742000035 ], [ -6.741589751999925, 30.840778240000077 ], [ -6.741637039999944, 30.840240997000024 ], [ -6.74163224199998, 30.839919009000027 ], [ -6.741654554999968, 30.83956095700006 ], [ -6.741732510999952, 30.839226150000059 ], [ -6.741727534999939, 30.83889223400007 ], [ -6.741721847999941, 30.838510635000034 ], [ -6.741714739999964, 30.838033637000024 ], [ -6.74170763199993, 30.837556629000062 ], [ -6.741701589999934, 30.837151168000048 ], [ -6.74169608099993, 30.836781502000065 ], [ -6.741690572999971, 30.836411831000078 ], [ -6.741684353999972, 30.835994449000054 ], [ -6.741679555999951, 30.835672467000052 ], [ -6.741675290999979, 30.835386272000051 ], [ -6.741670315999954, 30.835052360000077 ], [ -6.741634499999975, 30.834504129000038 ], [ -6.741546243999949, 30.834147297000072 ], [ -6.741349208999964, 30.833910936000052 ], [ -6.741262401999961, 30.833649515000047 ], [ -6.741037391999953, 30.833389601000079 ], [ -6.740823517999956, 30.832950680000067 ], [ -6.740556365999964, 30.832643542000028 ], [ -6.740344266999955, 30.832323856000073 ], [ -6.740159285999937, 30.831968109000059 ], [ -6.739905954999927, 30.831660814000031 ], [ -6.739681642999926, 30.831448618000024 ], [ -6.739456975999929, 30.831212552000068 ], [ -6.739232706999928, 30.831000373000052 ], [ -6.739089545999946, 30.830667979000054 ], [ -6.738862752999978, 30.830288841000026 ], [ -6.738608358999954, 30.829909986000075 ], [ -6.738437923999925, 30.829601767000042 ], [ -6.738268897999944, 30.829388979000043 ], [ -6.738099166999973, 30.829128445000038 ], [ -6.737928770999929, 30.828820245000031 ], [ -6.73775974199998, 30.828607416000068 ], [ -6.737590014999967, 30.828346902000078 ], [ -6.737420308999958, 30.828086388000031 ], [ -6.737276109999925, 30.827682466000056 ], [ -6.737243865999972, 30.827372718000049 ], [ -6.737238907999938, 30.827038825000045 ], [ -6.737232886999948, 30.826633376000075 ], [ -6.737227219999966, 30.826251771000045 ], [ -6.737222969999948, 30.825965577000034 ], [ -6.737219073999938, 30.825703211000075 ], [ -6.737214469999969, 30.82539317800007 ], [ -6.737319892999949, 30.825046121000071 ], [ -6.73731511099993, 30.824724146000051 ], [ -6.737311214999977, 30.824461811000049 ], [ -6.737306964999959, 30.824175599000057 ], [ -6.737412866999932, 30.823864345000061 ], [ -6.737408615999925, 30.823578127000076 ], [ -6.737403657999948, 30.823244241000054 ], [ -6.737398698999925, 30.82291033000007 ], [ -6.737393385999951, 30.822552585000039 ], [ -6.737554953999961, 30.822264561000054 ], [ -6.737772151999934, 30.821999757000071 ], [ -6.738057252999965, 30.821656694000069 ], [ -6.738314921999972, 30.821325837000074 ], [ -6.738545913999928, 30.821060904000035 ], [ -6.73874855899993, 30.820748544000026 ], [ -6.738993740999945, 30.82050730900005 ], [ -6.739239064999936, 30.820277966000049 ], [ -6.739400442999965, 30.819978015000061 ], [ -6.739686358999961, 30.819688589000066 ], [ -6.740096247999929, 30.819373964000079 ], [ -6.740439916999946, 30.819250876000069 ], [ -6.740714109999942, 30.819104706000076 ], [ -6.741016312999932, 30.818982088000041 ], [ -6.741318507999949, 30.818859485000075 ], [ -6.741647990999979, 30.818712696000034 ], [ -6.742086762999975, 30.818481200000065 ], [ -6.742332806999968, 30.81829958000003 ], [ -6.742548529999965, 30.81793936400004 ], [ -6.742735398999969, 30.817496007000045 ], [ -6.742728464999971, 30.817030935000048 ], [ -6.742832068999974, 30.816564637000056 ], [ -6.742824778999932, 30.816075716000057 ], [ -6.742820510999934, 30.815789508000023 ], [ -6.742816243999926, 30.815503320000062 ], [ -6.74281162099993, 30.81519326800003 ], [ -6.742807709999965, 30.814930934000074 ], [ -6.742803441999968, 30.814644725000051 ], [ -6.742797752999934, 30.814263131000075 ], [ -6.742721733999929, 30.813798829000064 ], [ -6.74259258099994, 30.813478230000044 ], [ -6.742422157999954, 30.813170032000073 ], [ -6.742332857999941, 30.812741654000035 ], [ -6.742272631999981, 30.812408367000046 ], [ -6.742130926999948, 30.812171415000023 ], [ -6.742099028999974, 30.811885516000075 ], [ -6.742094763999944, 30.811599324000042 ], [ -6.742090498999971, 30.811313119000033 ], [ -6.742112800999962, 30.810955071000024 ], [ -6.742247039999938, 30.810691180000049 ], [ -6.742422192999925, 30.810391073000062 ], [ -6.74280496199998, 30.810112514000025 ], [ -6.743146426999942, 30.809846321000066 ], [ -6.743545658999949, 30.809746464000057 ], [ -6.744001223999931, 30.809717545000069 ], [ -6.744332787999952, 30.809713858000066 ], [ -6.744664371999932, 30.809710171000063 ], [ -6.74505049399994, 30.809658166000077 ], [ -6.745477710999978, 30.809581856000079 ], [ -6.745849671999963, 30.809506178000049 ], [ -6.746248884999943, 30.809406312000078 ], [ -6.746716111999945, 30.809234119000052 ], [ -6.746974691999981, 30.808968848000063 ], [ -6.747192900999949, 30.808775593000064 ], [ -6.747493967999958, 30.808581398000058 ], [ -6.747850323999955, 30.808386598000027 ], [ -6.74817974299998, 30.808239813000057 ], [ -6.748538958999973, 30.808235807000074 ], [ -6.748979616999975, 30.808135471000071 ], [ -6.749394060999975, 30.808130845000051 ], [ -6.749725643999966, 30.808127144000025 ], [ -6.750221745999966, 30.808038107000073 ], [ -6.750549546999935, 30.807783985000071 ], [ -6.750767738999969, 30.807590723000033 ], [ -6.750832168999978, 30.80727990500003 ], [ -6.751090730999977, 30.807014623000043 ], [ -6.751252914999952, 30.806774271000052 ], [ -6.751469745999941, 30.806490452000048 ], [ -6.751659691999976, 30.806256866000069 ], [ -6.751801118999936, 30.805984162000073 ], [ -6.751956268999947, 30.805764550000049 ], [ -6.751951972999962, 30.805478364000066 ], [ -6.752001149999955, 30.805072301000052 ], [ -6.752052115999959, 30.804785484000035 ], [ -6.752047103999928, 30.804451597000025 ], [ -6.752042807999942, 30.804165392000073 ], [ -6.752273007999975, 30.80385272500007 ], [ -6.752447925999945, 30.803540661000056 ], [ -6.753342154999928, 30.802361823000069 ], [ -6.762653485999977, 30.801606393000043 ], [ -6.770314334999966, 30.799744839000027 ], [ -6.817323568999939, 30.801618125000061 ], [ -6.830441049999934, 30.790759649000051 ], [ -6.833950682999955, 30.788607649000028 ], [ -6.844826185999977, 30.78310623200008 ], [ -6.856583225999941, 30.77399596500004 ], [ -6.865402225999958, 30.771587107000073 ], [ -6.872882931999925, 30.768618365000066 ], [ -6.879673792999938, 30.764122807000035 ], [ -6.885006553999972, 30.760472997000079 ], [ -6.895656645999964, 30.75318233400003 ], [ -6.90422560899998, 30.749238931000036 ], [ -6.914536283999951, 30.746888425000066 ], [ -6.940283164999926, 30.741014599000039 ], [ -6.951063834999957, 30.73713557700006 ], [ -6.955547856999942, 30.734008280000069 ], [ -6.959486629999958, 30.731367541000054 ], [ -6.97238957899998, 30.722375131000035 ], [ -6.982782546999942, 30.715524643000037 ], [ -6.985289954999928, 30.713381430000027 ], [ -6.992609172999948, 30.704891738000072 ], [ -6.99508385799993, 30.700926178000032 ], [ -6.997083299999929, 30.694570019000025 ], [ -6.999861658999976, 30.694862123000064 ], [ -7.002792886999941, 30.695202163000033 ], [ -7.006508357999962, 30.695587730000057 ], [ -7.012126990999946, 30.696287676000054 ], [ -7.024441403999958, 30.697792597000046 ], [ -7.029012588999933, 30.698350902000072 ], [ -7.030496626999934, 30.698535479000043 ], [ -7.031806565999943, 30.69869839200004 ], [ -7.038286010999968, 30.69950398900005 ], [ -7.038969626999972, 30.699641865000046 ], [ -7.039793154999927, 30.699807929000031 ], [ -7.04103816099996, 30.700268072000028 ], [ -7.045914291999964, 30.701251235000029 ], [ -7.047732673999974, 30.701665315000071 ], [ -7.04857510599993, 30.701844650000055 ], [ -7.051111159999948, 30.702859539000031 ], [ -7.052002332999962, 30.703286260000027 ], [ -7.053180180999959, 30.703689965000024 ], [ -7.055132490999938, 30.704178420000062 ], [ -7.057726833999936, 30.704753493000055 ], [ -7.060009337999929, 30.705180103000032 ], [ -7.061736390999954, 30.705423517000042 ], [ -7.063725922999936, 30.705529689000059 ], [ -7.064631825999925, 30.70555538800005 ], [ -7.068923549999965, 30.705954118000079 ], [ -7.071947847999979, 30.706200519000049 ], [ -7.076261838999926, 30.706630610000047 ], [ -7.076467230999981, 30.706651087000068 ], [ -7.079434072999959, 30.706799368000077 ], [ -7.080436160999966, 30.706849624000029 ], [ -7.085728571999937, 30.707123066000065 ], [ -7.091187617999935, 30.707402134000063 ], [ -7.093996618999938, 30.707561791000046 ], [ -7.095324748999928, 30.707636732000026 ], [ -7.096596888999954, 30.707698115000028 ], [ -7.101335571999925, 30.707887162000077 ], [ -7.103906317999929, 30.707663514000046 ], [ -7.121425214999931, 30.706137914000067 ], [ -7.124601237999968, 30.705835034000074 ], [ -7.130882743999962, 30.712552998000035 ], [ -7.133601177999935, 30.715500331000044 ], [ -7.134629874999973, 30.716821049000032 ], [ -7.13615767899995, 30.71876194400005 ], [ -7.138584811999976, 30.721988115000045 ], [ -7.139926636999974, 30.724670876000062 ], [ -7.141621523999959, 30.728932451000048 ], [ -7.14286866599997, 30.732268779000037 ], [ -7.144999231999975, 30.736803586000065 ], [ -7.145296907999978, 30.737766477000037 ], [ -7.145431584999926, 30.738202163000039 ], [ -7.145638237999947, 30.738870635000069 ], [ -7.146023767999964, 30.74012594900006 ], [ -7.146719861999941, 30.742369204000056 ], [ -7.14715956699996, 30.745225391000076 ], [ -7.147329378999927, 30.746414936000065 ], [ -7.147396741999955, 30.74695537100007 ], [ -7.147457057999929, 30.747496419000072 ], [ -7.147510318999934, 30.748038009000027 ], [ -7.147556517999931, 30.748580076000053 ], [ -7.147595648999925, 30.749122550000038 ], [ -7.147627708999948, 30.749665363000076 ], [ -7.147652690999962, 30.750208448000024 ], [ -7.147670593999976, 30.75075173700003 ], [ -7.147681415999955, 30.75129516100003 ], [ -7.14768515399993, 30.751838651000071 ], [ -7.147681807999959, 30.752382141000055 ], [ -7.147671379999963, 30.75292556100004 ], [ -7.147172972999954, 30.75843179900005 ], [ -7.147121125999945, 30.758740483000054 ], [ -7.147014878999926, 30.759368619000043 ], [ -7.146726227999977, 30.760737160000076 ], [ -7.146455393999929, 30.762014560000068 ], [ -7.145370865999951, 30.767154763000065 ], [ -7.144089313999928, 30.773229599000047 ], [ -7.143854117999979, 30.774334520000025 ], [ -7.143440114999976, 30.776549020000061 ], [ -7.142918711999926, 30.778746549000061 ], [ -7.142333809999968, 30.780881030000046 ], [ -7.142032472999972, 30.781946398000059 ], [ -7.141672425999957, 30.783003656000062 ], [ -7.140939901999957, 30.785098312000059 ], [ -7.140475992999939, 30.786531933000049 ], [ -7.139710591999972, 30.788037132000056 ], [ -7.138566515999969, 30.790423941000029 ], [ -7.138564268999971, 30.790428630000065 ], [ -7.138561780999964, 30.790433251000024 ], [ -7.137300827999979, 30.792775750000033 ], [ -7.136815007999928, 30.793651339000064 ], [ -7.13268573199997, 30.800993279000068 ], [ -7.13203791899997, 30.801888580000025 ], [ -7.129879635999941, 30.804824726000049 ], [ -7.12880045199995, 30.806292770000027 ], [ -7.128558460999955, 30.806620867000049 ], [ -7.127718680999976, 30.807759416000067 ], [ -7.125555018999933, 30.810692686000039 ], [ -7.121423598999968, 30.814106021000043 ], [ -7.117810241999962, 30.816486913000062 ], [ -7.118668900999978, 30.816589462000024 ], [ -7.120140994999929, 30.816790623000031 ], [ -7.119595587999981, 30.836915310000052 ], [ -7.115625181999974, 30.838552591000052 ], [ -7.113903799999946, 30.839262380000037 ], [ -7.104510798999968, 30.843271634000075 ], [ -7.099091266999949, 30.845435230000078 ], [ -7.09394898599993, 30.847654351000074 ], [ -7.087883593999948, 30.850053134000063 ], [ -7.08318215099996, 30.852217919000054 ], [ -7.081696591999957, 30.852874858000064 ], [ -7.080889107999951, 30.853231941000047 ], [ -7.055884277999951, 30.863626492000037 ], [ -7.055497948999971, 30.866153573000076 ], [ -7.050795401999949, 30.896903684000051 ], [ -7.048893262999968, 30.908919555000068 ], [ -7.048702468999977, 30.910124455000073 ], [ -7.045473098999935, 30.911914487000047 ], [ -7.038627302999942, 30.915708564000056 ], [ -7.034811262999938, 30.916387003000068 ], [ -7.029337741999939, 30.917515404000028 ], [ -7.029343573999938, 30.91783739300007 ], [ -7.029362589999948, 30.918123392000041 ], [ -7.029486643999974, 30.918479569000056 ], [ -7.029770060999965, 30.918851495000069 ], [ -7.030112798999937, 30.919249439000055 ], [ -7.03054028899993, 30.919619981000039 ], [ -7.030916281999964, 30.919879755000068 ], [ -7.031320555999969, 30.92004727300008 ], [ -7.031765870999948, 30.920190346000027 ], [ -7.03208841299994, 30.920318437000049 ], [ -7.032408199999963, 30.920515691000048 ], [ -7.032848034999972, 30.920736379000061 ], [ -7.033134835999931, 30.92091143500005 ], [ -7.033427907999965, 30.921050624000031 ], [ -7.033813814999974, 30.921158730000059 ], [ -7.034241753999936, 30.921296080000047 ], [ -7.034705091999967, 30.921477694000032 ], [ -7.035192797999969, 30.921667933000037 ], [ -7.035656935999953, 30.92189423800005 ], [ -7.03600770099996, 30.922160878000057 ], [ -7.036259692999977, 30.922324442000047 ], [ -7.036470553999948, 30.922506487000078 ], [ -7.036816238999961, 30.922780629000044 ], [ -7.036999244999947, 30.923048028000039 ], [ -7.037239187999944, 30.923307210000075 ], [ -7.037559443999953, 30.923610020000069 ], [ -7.037726943999928, 30.924069964000068 ], [ -7.037709897999946, 30.924463823000053 ], [ -7.037597415999926, 30.924745657000074 ], [ -7.037402709999981, 30.925070351000045 ], [ -7.037269709999975, 30.925364391000073 ], [ -7.03710373399997, 30.925748328000054 ], [ -7.036977303999947, 30.926024403000042 ], [ -7.036858387999928, 30.926333144000068 ], [ -7.036718435999944, 30.92662430200005 ], [ -7.036522939999941, 30.926907244000063 ], [ -7.036307780999948, 30.927250111000035 ], [ -7.036174016999951, 30.927502409000056 ], [ -7.036052362999953, 30.927849963000028 ], [ -7.03598164899995, 30.928244518000042 ], [ -7.035994310999968, 30.928594473000032 ], [ -7.036035142999935, 30.928995289000056 ], [ -7.036220798999977, 30.929314861000023 ], [ -7.036377536999964, 30.929563213000051 ], [ -7.036571458999958, 30.929954228000042 ], [ -7.036639408999974, 30.93026642600006 ], [ -7.036734595999974, 30.930554394000069 ], [ -7.036946955999952, 30.930819905000078 ], [ -7.037180431999957, 30.931103028000052 ], [ -7.037412614999937, 30.931314587000031 ], [ -7.03776795999994, 30.931452926000077 ], [ -7.038253982999947, 30.931356883000035 ], [ -7.03859929999993, 30.931513248000044 ], [ -7.038853302999939, 30.931784141000037 ], [ -7.039072933999933, 30.932067459000052 ], [ -7.039216172999943, 30.932333884000059 ], [ -7.039353036999955, 30.932630257000028 ], [ -7.039577197999961, 30.932973122000078 ], [ -7.039848196999969, 30.933225907000065 ], [ -7.040101769999978, 30.933472962000053 ], [ -7.040348968999979, 30.93374992300005 ], [ -7.040611336999973, 30.934098253000059 ], [ -7.040788808999935, 30.934346336000033 ], [ -7.04096696199997, 30.934630199000026 ], [ -7.041166309999937, 30.934937610000077 ], [ -7.041304380999975, 30.935299575000045 ], [ -7.041520354999932, 30.935761840000055 ], [ -7.041827501999933, 30.936288479000041 ], [ -7.04204059999995, 30.936668119000046 ], [ -7.042256021999947, 30.937022204000073 ], [ -7.042490839999971, 30.937376869000047 ], [ -7.042585779999968, 30.937649914000076 ], [ -7.042702564999956, 30.93798233800004 ], [ -7.042806780999967, 30.938386476000062 ], [ -7.042896326999937, 30.93874308900007 ], [ -7.042929662999939, 30.939052795000066 ], [ -7.043018337999968, 30.939361706000057 ], [ -7.043291435999947, 30.93972780200005 ], [ -7.043562277999968, 30.939928888000054 ], [ -7.043877218999967, 30.940157517000046 ], [ -7.044129331999955, 30.940458071000023 ], [ -7.039801, 30.941654452000023 ], [ -7.01446915799994, 30.942806032000078 ], [ -7.006825954999954, 30.942573749000076 ], [ -7.002513953999937, 30.941342649000035 ], [ -7.002071819999969, 30.941275176000033 ], [ -6.992620157999966, 30.939785071000074 ], [ -6.989347598999927, 30.935572231000037 ], [ -6.985361609999927, 30.930440336000061 ], [ -6.984894294999947, 30.929838629000074 ], [ -6.979496683999969, 30.926374591000069 ], [ -6.97567867999993, 30.925899472000026 ], [ -6.973072654999953, 30.925575086000038 ], [ -6.967374650999943, 30.924790391000045 ], [ -6.960601058999941, 30.924123738000048 ], [ -6.958380030999933, 30.923761232000061 ], [ -6.954860220999933, 30.92318657900006 ], [ -6.953714333999926, 30.922999071000049 ], [ -6.951613728999973, 30.922831970000061 ], [ -6.946364866999943, 30.921727569000041 ], [ -6.945841961999975, 30.921573584000043 ], [ -6.944872015999977, 30.92128791600004 ], [ -6.937555031999977, 30.921582654000076 ], [ -6.936215674999971, 30.921636874000058 ], [ -6.931021913999928, 30.92007615700004 ], [ -6.929038924999929, 30.91921327600005 ], [ -6.927920634999964, 30.91889429500003 ], [ -6.926742108999974, 30.917962 ], [ -6.925877786999934, 30.917399282000076 ], [ -6.923773926999957, 30.916512749000049 ], [ -6.921128671999952, 30.915966229000048 ], [ -6.921336306999933, 30.915776478000055 ], [ -6.921848799999964, 30.91462843100004 ], [ -6.922126904999971, 30.914165921000063 ], [ -6.922910701999967, 30.912414687000023 ], [ -6.923201972999948, 30.91208679500005 ], [ -6.923375557999975, 30.911828034000052 ], [ -6.923515836999968, 30.911559761000035 ], [ -6.923801726999955, 30.911380344000065 ], [ -6.924069675999931, 30.91107753600005 ], [ -6.924181607999969, 30.910794705000058 ], [ -6.924287152999966, 30.910475299000041 ], [ -6.92423437399998, 30.910082093000028 ], [ -6.924125841999967, 30.909561704000055 ], [ -6.924114618999965, 30.909157194000045 ], [ -6.923937742999954, 30.908821959000079 ], [ -6.923853724999958, 30.908455986000035 ], [ -6.923847248999948, 30.90807363700003 ], [ -6.923870871999952, 30.90763051700003 ], [ -6.924039678999975, 30.907183338000038 ], [ -6.92418889399994, 30.906805734000045 ], [ -6.924303633999955, 30.906535903000076 ], [ -6.924428636999949, 30.906259255000066 ], [ -6.924590019999926, 30.905986601000052 ], [ -6.924595466999961, 30.905695800000046 ], [ -6.924615983999956, 30.905375726000045 ], [ -6.924781291999977, 30.905029230000025 ], [ -6.925199824999936, 30.904560988000071 ], [ -6.92523409599994, 30.904208014000062 ], [ -6.925243795999961, 30.903788848000033 ], [ -6.924988567999947, 30.903423237000027 ], [ -6.924975823999944, 30.903040807000025 ], [ -6.925062317999959, 30.902634919000036 ], [ -6.925207184999977, 30.902306569000075 ], [ -6.925311468999951, 30.902032409000071 ], [ -6.925379747999955, 30.901776590000054 ], [ -6.92545649799996, 30.901408846000038 ], [ -6.925533409999957, 30.901050035000026 ], [ -6.925677972999949, 30.90070380700007 ], [ -6.925883185999965, 30.900263995000046 ], [ -6.926099477999969, 30.899866532000033 ], [ -6.926348639999958, 30.899536357000045 ], [ -6.926571381999963, 30.899247789000071 ], [ -6.926722515999927, 30.898984219000056 ], [ -6.926818645999958, 30.898535717000073 ], [ -6.927115888999936, 30.898017583000069 ], [ -6.927409712999975, 30.897604605000026 ], [ -6.927574701999959, 30.897240212000042 ], [ -6.927726418999953, 30.896858107000071 ], [ -6.927874003999932, 30.896538666000026 ], [ -6.927966144999971, 30.896161775000053 ], [ -6.928059520999966, 30.895704365000029 ], [ -6.928187052999931, 30.895425429000056 ], [ -6.928390917999934, 30.895212637000043 ], [ -6.928542596999932, 30.894982595000045 ], [ -6.928636113999971, 30.894686211000078 ], [ -6.928729250999936, 30.894367453000029 ], [ -6.928880948999961, 30.894137423000075 ], [ -6.928959512999938, 30.893877001000078 ], [ -6.929016879999949, 30.893590015000029 ], [ -6.929124482999953, 30.893208456000025 ], [ -6.929300662999935, 30.892893125000057 ], [ -6.929433456999959, 30.892466526000078 ], [ -6.929565866999951, 30.892017564000071 ], [ -6.929861218999974, 30.891696248000073 ], [ -6.930100224999933, 30.891415911000024 ], [ -6.930302089999941, 30.891086832000042 ], [ -6.930457352999952, 30.890762829000039 ], [ -6.930617476999942, 30.890418628000077 ], [ -6.930819001999964, 30.890069425000036 ], [ -6.931060660999947, 30.889641444000063 ], [ -6.931991039999957, 30.889643399000079 ], [ -6.932420824999951, 30.889371248000032 ], [ -6.932693345999951, 30.889233610000076 ], [ -6.933109619999925, 30.88900916700004 ], [ -6.933396953999932, 30.88867453000006 ], [ -6.933968247999928, 30.88856888600003 ], [ -6.934290201999943, 30.888287489000049 ], [ -6.934535497999946, 30.888074145000076 ], [ -6.934900910999943, 30.887908490000029 ], [ -6.935266770999931, 30.887769663000029 ], [ -6.935648800999957, 30.887666411000055 ], [ -6.936036046999959, 30.887413252000044 ], [ -6.936640182999952, 30.887003759000038 ], [ -6.937074288999952, 30.88691325700006 ], [ -6.937358509999967, 30.886733726000045 ], [ -6.937648140999954, 30.886646058000053 ], [ -6.937963281999942, 30.886574960000075 ], [ -6.938361857999951, 30.886413206000043 ], [ -6.938843603999942, 30.886407774000077 ], [ -6.925047733999975, 30.879900306000025 ], [ -6.91575566299997, 30.875595849000035 ], [ -6.912489707999953, 30.874082657000031 ], [ -6.909181624999974, 30.872549813000035 ], [ -6.905107158999954, 30.870661652000024 ], [ -6.90373139899998, 30.870452645000057 ], [ -6.90230909099995, 30.87023655400003 ], [ -6.895477540999934, 30.869198385000061 ], [ -6.886769440999956, 30.879916664000064 ], [ -6.884200082999939, 30.883078547000025 ], [ -6.88695772899996, 30.889191336000067 ], [ -6.887595590999979, 30.890593341000056 ], [ -6.888183381999966, 30.891885849000062 ], [ -6.888405876999968, 30.893239071000039 ], [ -6.889084877999949, 30.897368523000068 ], [ -6.889574628999981, 30.900346787000046 ], [ -6.889798205999966, 30.901706293000075 ], [ -6.89288668699993, 30.903461122000067 ], [ -6.893455310999968, 30.90374829600006 ], [ -6.893736600999944, 30.904144626000061 ], [ -6.893977285999938, 30.904478608000034 ], [ -6.894585728999971, 30.905414135000058 ], [ -6.89463763599997, 30.905699284000036 ], [ -6.894728720999979, 30.907224600000063 ], [ -6.894900697999958, 30.909638009000048 ], [ -6.895067481999945, 30.91166174600005 ], [ -6.895144668999933, 30.912431991000062 ], [ -6.892675134999934, 30.913594974000034 ], [ -6.888607551999939, 30.915399686000057 ], [ -6.888696265999954, 30.917813017000071 ], [ -6.886472100999981, 30.920417708000059 ], [ -6.886064863999934, 30.920974082000043 ], [ -6.885491744999968, 30.921374796000066 ], [ -6.884967973999949, 30.921497601000056 ], [ -6.884495972999957, 30.921617059000027 ], [ -6.88366689399993, 30.921672910000041 ], [ -6.882262342999979, 30.921898135000049 ], [ -6.880580132999967, 30.921838586000035 ], [ -6.877965464999932, 30.921914345000062 ], [ -6.877588916999969, 30.921847743000058 ], [ -6.873741639999935, 30.921135919000051 ], [ -6.870899512999927, 30.921526597000025 ], [ -6.868886620999945, 30.922724492000043 ], [ -6.868379190999974, 30.923909982000055 ], [ -6.868357792999973, 30.924037870000063 ], [ -6.868329747999951, 30.924164809000047 ], [ -6.868295113999977, 30.924290546000066 ], [ -6.868253958999958, 30.924414827000078 ], [ -6.868206365999981, 30.924537405000024 ], [ -6.868152429999952, 30.924658034000061 ], [ -6.86809225899998, 30.924776472000076 ], [ -6.868025972999931, 30.924892484000054 ], [ -6.86795370599998, 30.925005837000072 ], [ -6.86787560099998, 30.925116303000038 ], [ -6.867791813999929, 30.925223662000064 ], [ -6.867702514999962, 30.925327699000036 ], [ -6.867607880999969, 30.925428206000049 ], [ -6.867508100999942, 30.925524981000024 ], [ -6.86740337599997, 30.925617831000068 ], [ -6.867293914999948, 30.925706570000045 ], [ -6.867179936999946, 30.925791021000066 ], [ -6.867061669999941, 30.925871015000041 ], [ -6.866939350999928, 30.925946391000025 ], [ -6.866813223999941, 30.926016999000069 ], [ -6.866683542999965, 30.926082697000027 ], [ -6.866550565999944, 30.926143354000033 ], [ -6.866414559999953, 30.92619884800007 ], [ -6.866275795999968, 30.92624906900005 ], [ -6.866134552999938, 30.926293916000077 ], [ -6.86599111299995, 30.926333300000067 ], [ -6.865845763999971, 30.926367140000025 ], [ -6.865698794999957, 30.926395371000069 ], [ -6.865417755999943, 30.926348862000054 ], [ -6.865135506999934, 30.926308104000043 ], [ -6.864852205999966, 30.926273120000076 ], [ -6.864568014999975, 30.926243930000055 ], [ -6.864283093999973, 30.926220552000075 ], [ -6.863997605999941, 30.926202997000075 ], [ -6.863711710999951, 30.926191276000054 ], [ -6.863425572999972, 30.926185396000051 ], [ -6.863139351999962, 30.926185359000044 ], [ -6.862853210999958, 30.92619116700007 ], [ -6.862567311999953, 30.926202815000067 ], [ -6.862281817999929, 30.926220297000043 ], [ -6.861996888999954, 30.926243603000046 ], [ -6.861712687999955, 30.926272720000043 ], [ -6.861429374999943, 30.926307632000032 ], [ -6.86114711099998, 30.926348318000066 ], [ -6.860866055999963, 30.926394756000036 ], [ -6.859675721999963, 30.927468753000028 ], [ -6.86667310699994, 30.954545899000038 ], [ -6.867549399999973, 30.954093878000037 ], [ -6.871849147999967, 30.951857232000066 ], [ -6.887784085999954, 30.954849392000028 ], [ -6.89124951499997, 30.954659154000069 ], [ -6.891931337999949, 30.955927016000032 ], [ -6.892488802999935, 30.956158722000055 ], [ -6.89277345499994, 30.956632330000048 ], [ -6.893058150999934, 30.957105937000051 ], [ -6.893344830999979, 30.957698807000043 ], [ -6.893629492999935, 30.958172414000046 ], [ -6.893773825999972, 30.95852850600005 ], [ -6.893779768999934, 30.958886262000078 ], [ -6.893922123999971, 30.959123083000065 ], [ -6.894066417999966, 30.95947913200007 ], [ -6.894351129999961, 30.959952736000048 ], [ -6.894357074999959, 30.960310492000076 ], [ -6.894503397999927, 30.960785805000057 ], [ -6.894514009999966, 30.961424313000066 ], [ -6.894521236999935, 30.961859129000061 ], [ -6.894667561999938, 30.962334459000033 ], [ -6.894950260999963, 30.962688800000024 ], [ -6.895371361999935, 30.963041430000033 ], [ -6.895864681999967, 30.963572118000059 ], [ -6.896427165999967, 30.964101914000025 ], [ -6.897055878999936, 30.96445200900007 ], [ -6.89775379799994, 30.964801209000029 ], [ -6.898311340999953, 30.965032889000042 ], [ -6.899288017999936, 30.965497920000075 ], [ -6.899430396999946, 30.965734699000052 ], [ -6.900549470999977, 30.966436543000043 ], [ -6.901670595999974, 30.967257632000042 ], [ -6.902236124999945, 30.967966281000031 ], [ -6.902801663999981, 30.96867496200008 ], [ -6.903230798999971, 30.969504589000053 ], [ -6.903936758999976, 30.970330813000032 ], [ -6.904079157999945, 30.970567623000079 ], [ -6.904502326999932, 30.971039488000031 ], [ -6.904858331999947, 30.971631476000027 ], [ -6.905354707999948, 30.97234097200004 ], [ -6.905781885999943, 30.973051362000035 ], [ -6.906349524999939, 30.973879258000068 ], [ -6.906705511999974, 30.974471248000043 ], [ -6.907195921999971, 30.974823016000073 ], [ -6.907480759999942, 30.975296592000063 ], [ -6.908040384999936, 30.975647459000072 ], [ -6.908742435999955, 30.976235127000052 ], [ -6.909304073999976, 30.976705252000045 ], [ -6.91000613999995, 30.977292914000031 ], [ -6.91028498299994, 30.977408727000068 ], [ -6.91112944899993, 30.978233150000051 ], [ -6.912244758999975, 30.978696389000049 ], [ -6.912804464999965, 30.979047232000028 ], [ -6.913636922999956, 30.979156122000063 ], [ -6.914190570999949, 30.979149201000041 ], [ -6.914815459999943, 30.979260640000064 ], [ -6.915576720999979, 30.979251115000068 ], [ -6.915991996999935, 30.979245918000061 ], [ -6.917386160999968, 30.979824873000041 ], [ -6.917805457999975, 30.98005820000003 ], [ -6.91850156299995, 30.980288053000038 ], [ -6.919197671999939, 30.980517868000049 ], [ -6.919753343999957, 30.980630187000031 ], [ -6.920311032999962, 30.980861732000051 ], [ -6.920589857999971, 30.980977521000057 ], [ -6.921009169999934, 30.981210844000032 ], [ -6.921986139999944, 30.981675696000025 ], [ -6.922403436999957, 30.981789741000057 ], [ -6.92268226799996, 30.981905527000038 ], [ -6.923663338999972, 30.982608859000038 ], [ -6.92520210999993, 30.983543743000041 ], [ -6.925728270999969, 30.983954632000064 ], [ -6.92618119399998, 30.984127826000076 ], [ -6.92673892199997, 30.984359378000079 ], [ -6.927445214999977, 30.985185435000062 ], [ -6.895447431999969, 30.986877015000061 ], [ -6.895085964999964, 30.986878071000035 ], [ -6.893681923999964, 30.986882689000026 ], [ -6.892582011999934, 30.986887715000023 ], [ -6.891761641999949, 30.986914192000029 ], [ -6.891272230999959, 30.986941626000032 ], [ -6.88960616199995, 30.987035726000045 ], [ -6.88896075599996, 30.987049404000061 ], [ -6.870187265999959, 30.987446003000059 ], [ -6.865193348999981, 30.987550988000066 ], [ -6.854953630999944, 30.98776564800005 ], [ -6.848884046999956, 30.987892472000055 ], [ -6.820542023999963, 30.988480668000079 ], [ -6.803319357999953, 30.988834872000041 ], [ -6.794449604999954, 30.989016329000037 ], [ -6.78711530399994, 30.989192175000028 ], [ -6.785617871999932, 30.989414762000024 ], [ -6.784357866999926, 30.989614202000041 ], [ -6.783377149999978, 30.99028215900006 ], [ -6.783118443999967, 30.990458359000058 ], [ -6.783230989999936, 30.992480182000065 ], [ -6.783152635999954, 30.992634543000065 ], [ -6.783068415999935, 30.992786617000036 ], [ -6.782978419999949, 30.992936240000063 ], [ -6.782882744999938, 30.99308325100003 ], [ -6.782781495999927, 30.993227491000027 ], [ -6.782674778999933, 30.993368806000035 ], [ -6.782562710999969, 30.993507043000079 ], [ -6.78224684199995, 30.99385183000004 ], [ -6.781912580999972, 30.994160969000063 ], [ -6.78163449799996, 30.994384498000045 ], [ -6.781280651999964, 30.994600265000031 ], [ -6.780663722999975, 30.994522365000023 ], [ -6.780372745999955, 30.994425050000075 ], [ -6.780051947999937, 30.994290270000079 ], [ -6.779605463999928, 30.994050722000054 ], [ -6.779289546999962, 30.993837651000035 ], [ -6.778999818999978, 30.993595819000063 ], [ -6.778682765999974, 30.993272070000046 ], [ -6.77850600499994, 30.993049631000076 ], [ -6.778301466999949, 30.992731733000028 ], [ -6.778108250999935, 30.992341060000058 ], [ -6.777974735999976, 30.991942687000062 ], [ -6.777868937999926, 30.991233886000032 ], [ -6.771638777999954, 30.992177737000077 ], [ -6.770219290999933, 30.992392719000065 ], [ -6.76980851899998, 30.992454943000041 ], [ -6.767566783999939, 30.992794447000051 ], [ -6.76109089199997, 30.993774907000045 ], [ -6.748782250999966, 30.995680829000037 ], [ -6.747173066999949, 30.995950034000032 ], [ -6.742250707999972, 30.996773425000072 ], [ -6.739080284999943, 30.997303636000026 ], [ -6.738478058999931, 30.997504665000065 ], [ -6.737132395999936, 30.99789168600006 ], [ -6.736492104999968, 30.998041900000032 ], [ -6.736197827999945, 30.997988603000067 ], [ -6.73591621199995, 30.998140822000039 ], [ -6.735464627999932, 30.998268033000045 ], [ -6.734826305999945, 30.99840927300005 ], [ -6.734466678999979, 30.99843708700007 ], [ -6.734177733999957, 30.998559558000068 ], [ -6.733851454999979, 30.998968700000034 ], [ -6.733856055999979, 30.999278804000028 ], [ -6.733721179999975, 30.999518830000056 ], [ -6.73351889099996, 30.999884866000059 ], [ -6.733146733999945, 31.000002272000074 ], [ -6.732634837999967, 31.000031761000059 ], [ -6.732207692999964, 31.000173638000035 ], [ -6.731627802999981, 31.000287377000063 ], [ -6.731320774999972, 31.000594899000077 ], [ -6.731068020999942, 31.000824327000032 ], [ -6.730709972999932, 31.000959479000073 ], [ -6.730309188999968, 31.001011599000037 ], [ -6.729908228999932, 31.001051748000066 ], [ -6.729568557999926, 31.001025674000061 ], [ -6.729199833999928, 31.00090448900005 ], [ -6.728804692999972, 31.000873035000041 ], [ -6.728387153999961, 31.000728502000072 ], [ -6.72798807099997, 31.000428728000031 ], [ -6.727956168999981, 31.000142786000026 ], [ -6.727840471999968, 30.999810083000057 ], [ -6.727684291999935, 30.999549359000071 ], [ -6.727234316999954, 30.999083133000056 ], [ -6.726730504999978, 30.998724862000074 ], [ -6.726382466999951, 30.998597456000027 ], [ -6.72606226399995, 30.998481672000025 ], [ -6.725600035999946, 30.998122938000051 ] ] ] } },
{ "type": "Feature", "properties": { "ADM4_FR": "Taznakht", "ADM4_AR": "تازناخت", "ADM4_PCODE": "MA00300140101091", "ADM4_REF": null, "ADM3_FR": "Taznakht", "ADM3_AR": "تازناخت", "ADM3_PCODE": "MA0030014010109", "ADM2_FR": "Ouarzazate", "ADM2_AR": "ورزازات", "ADM2_PCODE": "MA003001", "ADM1_FR": "Drâa-Tafilalet", "ADM1_AR": "درعة - تافيلالت", "ADM1_PCODE": "MA003", "ADM0_EN": "Morocco", "ADM0_FR": "Moroc (le)", "ADM0_AR": "المغرب", "ADM0_PCODE": "MA", "date": "2023-09-15", "validOn": "2023-09-25", "validTo": null, "Shape_Leng": 0.20595591976700001, "Shape_Area": 0.00135086556884, "AREA_SQKM": 14.365811861099999, "Cases": 5 }, "geometry": { "type": "Polygon", "coordinates": [ [ [ -7.19534484199994, 30.587391509000042 ], [ -7.195865459999936, 30.584415136000075 ], [ -7.193482671999959, 30.584765502000039 ], [ -7.190748063999933, 30.585123354000075 ], [ -7.188746402999925, 30.585370251000029 ], [ -7.18670184299998, 30.585300605000043 ], [ -7.184988161999968, 30.585178684000027 ], [ -7.184251595999967, 30.585119496000061 ], [ -7.181008763999955, 30.584998583000072 ], [ -7.178753481999934, 30.584880231000056 ], [ -7.170971448999978, 30.584516253000061 ], [ -7.164365754999949, 30.584206902000062 ], [ -7.16160993699998, 30.583166843000072 ], [ -7.162180865999972, 30.575091794000059 ], [ -7.162473687999977, 30.570949791000032 ], [ -7.162578058999941, 30.569473139000024 ], [ -7.160495367999943, 30.569869010000048 ], [ -7.159703040999943, 30.569522808000045 ], [ -7.159426298999961, 30.569408072000044 ], [ -7.158369198999935, 30.568969828000036 ], [ -7.157113174999949, 30.568165251000039 ], [ -7.156508323999958, 30.567978981000067 ], [ -7.15531879599996, 30.567661023000028 ], [ -7.153962786999955, 30.567746017000047 ], [ -7.152684923999971, 30.56794349200004 ], [ -7.15128859899994, 30.568428880000056 ], [ -7.155011547999948, 30.560229181000068 ], [ -7.156837689999975, 30.556206598000074 ], [ -7.157078684999931, 30.555680778000067 ], [ -7.163238365999973, 30.559817850000059 ], [ -7.164323760999935, 30.560546768000052 ], [ -7.165384998999969, 30.561962313000038 ], [ -7.166224669999963, 30.563393037000026 ], [ -7.168894591999958, 30.561731986000041 ], [ -7.17083572699994, 30.561631955000053 ], [ -7.172868651999977, 30.561995621000051 ], [ -7.184186102999945, 30.568326768000077 ], [ -7.187282441999969, 30.569192360000045 ], [ -7.189209266999967, 30.56923536100004 ], [ -7.199302351999961, 30.569460107000054 ], [ -7.201295562999974, 30.569275332000075 ], [ -7.206892831999937, 30.56817938100005 ], [ -7.209844530999931, 30.567340642000033 ], [ -7.208109227999955, 30.562567198000067 ], [ -7.218223805999969, 30.560068102000059 ], [ -7.218439847999946, 30.560524814000075 ], [ -7.221455898999977, 30.566900384000064 ], [ -7.221975095999937, 30.567903021000063 ], [ -7.226012942999944, 30.57569963900005 ], [ -7.22579534099998, 30.576745656000071 ], [ -7.225199802999953, 30.578502509000032 ], [ -7.224949897999977, 30.579275814000027 ], [ -7.224691051999969, 30.580076709000025 ], [ -7.223974461999944, 30.581863898000051 ], [ -7.223665516999972, 30.58284631600003 ], [ -7.222893154999952, 30.584709640000028 ], [ -7.213291279999964, 30.587507893000065 ], [ -7.200045214999932, 30.587422253000057 ], [ -7.196689213999946, 30.587400325000033 ], [ -7.196350461999941, 30.587398103000055 ], [ -7.19534484199994, 30.587391509000042 ] ] ] } },
{ "type": "Feature", "properties": { "ADM4_FR": "Telouet", "ADM4_AR": "تلوات", "ADM4_PCODE": "MA00300140103152", "ADM4_REF": null, "ADM3_FR": "Telouet", "ADM3_AR": "تلوات", "ADM3_PCODE": "MA0030014010315", "ADM2_FR": "Ouarzazate", "ADM2_AR": "ورزازات", "ADM2_PCODE": "MA003001", "ADM1_FR": "Drâa-Tafilalet", "ADM1_AR": "درعة - تافيلالت", "ADM1_PCODE": "MA003", "ADM0_EN": "Morocco", "ADM0_FR": "Moroc (le)", "ADM0_AR": "المغرب", "ADM0_PCODE": "MA", "date": "2023-09-15", "validOn": "2023-09-25", "validTo": null, "Shape_Leng": 1.2919768816699999, "Shape_Area": 0.075160325388800006, "AREA_SQKM": 793.54681714100002, "Cases": 8 }, "geometry": { "type": "Polygon", "coordinates": [ [ [ -7.140081706999979, 31.404409247000046 ], [ -7.138900254999953, 31.403785808000066 ], [ -7.138497936999954, 31.403902861000063 ], [ -7.137953941999967, 31.404185031000054 ], [ -7.137663157999953, 31.404254828000035 ], [ -7.137192193999965, 31.404356971000027 ], [ -7.136474828999951, 31.404665511000076 ], [ -7.13549487399996, 31.405061274000047 ], [ -7.135059232999936, 31.405192756000076 ], [ -7.134616539999968, 31.405318387000079 ], [ -7.133801457999937, 31.405610385000045 ], [ -7.132814734999954, 31.406018195000058 ], [ -7.131749919999947, 31.406343547000063 ], [ -7.131038065999974, 31.40658038600003 ], [ -7.130127086999948, 31.40680560100003 ], [ -7.129425157999947, 31.406979122000052 ], [ -7.128007297999943, 31.407393020000029 ], [ -7.126933398999938, 31.407611073000055 ], [ -7.126012714999945, 31.407838910000066 ], [ -7.125039286999936, 31.408033261000071 ], [ -7.124375854999926, 31.408105470000066 ], [ -7.123545049999962, 31.40827954100007 ], [ -7.12255457699996, 31.408496409000065 ], [ -7.122172809999938, 31.408537611000042 ], [ -7.121874377999973, 31.408571644000062 ], [ -7.121299731999954, 31.408711026000049 ], [ -7.120614086999979, 31.408863908000058 ], [ -7.119484062999959, 31.409058823000066 ], [ -7.118672777999961, 31.409189605000051 ], [ -7.11816024999996, 31.409276193000039 ], [ -7.116364060999956, 31.40985037300004 ], [ -7.113306484999953, 31.411174093000056 ], [ -7.110670471999981, 31.412308878000033 ], [ -7.108872427999927, 31.412791507000065 ], [ -7.106527239999934, 31.412458527000069 ], [ -7.10500966799998, 31.410924750000049 ], [ -7.103610461999949, 31.409883894000075 ], [ -7.101871729999971, 31.408590409000055 ], [ -7.098741078999979, 31.40607288800004 ], [ -7.09777420599994, 31.405537561000074 ], [ -7.094359604999966, 31.404853374000027 ], [ -7.09288042999998, 31.405331362000027 ], [ -7.09067635699995, 31.406825557000047 ], [ -7.086403521999955, 31.411367039000027 ], [ -7.082512387999941, 31.413616251000064 ], [ -7.075877092999974, 31.414433193000036 ], [ -7.075047075999976, 31.414535363000027 ], [ -7.070383914999979, 31.415978703000064 ], [ -7.064453992999972, 31.417249118000029 ], [ -7.059665930999927, 31.417040127000064 ], [ -7.057324202999951, 31.416889083000058 ], [ -7.052937700999962, 31.415393705000042 ], [ -7.051182251999933, 31.414093302000026 ], [ -7.050027529999966, 31.413237876000039 ], [ -7.047544283999969, 31.411167663000072 ], [ -7.044413387999953, 31.408557339000026 ], [ -7.042137947999947, 31.406209789000059 ], [ -7.03975464399997, 31.403772187000072 ], [ -7.035757369999942, 31.40025858100006 ], [ -7.032736836999959, 31.397829419000061 ], [ -7.031308704999958, 31.39528738000007 ], [ -7.028937520999932, 31.393547368000043 ], [ -7.028615540999965, 31.393311087000029 ], [ -7.025421089999952, 31.392987960000028 ], [ -7.02351671699995, 31.393470748000027 ], [ -7.019483071999957, 31.394347758000038 ], [ -7.017578641999933, 31.39483044900004 ], [ -7.016295259999936, 31.394390156000043 ], [ -7.014459129999977, 31.392768053000054 ], [ -7.011434449999967, 31.390064013000028 ], [ -7.008636290999959, 31.388125289000072 ], [ -7.00831044399996, 31.387667001000068 ], [ -7.007218849999958, 31.386131660000046 ], [ -7.005454851999957, 31.382587620000038 ], [ -7.002253601999939, 31.377039727000067 ], [ -7.001945279999973, 31.376505358000031 ], [ -6.999183091999953, 31.370596113000033 ], [ -6.995625236999956, 31.367715806000035 ], [ -6.992485988999931, 31.364464072000033 ], [ -6.989758003999953, 31.361023892000048 ], [ -6.988453991999961, 31.358441226000025 ], [ -6.988106315999971, 31.357752604000041 ], [ -6.987670616999935, 31.356738553000071 ], [ -6.98716075599998, 31.355580775000078 ], [ -6.986901555999964, 31.35476333500003 ], [ -6.986113816999932, 31.352815385000042 ], [ -6.979470943999956, 31.352484237000056 ], [ -6.978822642999944, 31.350656602000072 ], [ -6.978174360999958, 31.348828931000071 ], [ -6.972580991999962, 31.346465129000023 ], [ -6.973652575999949, 31.344160610000074 ], [ -6.974400662999926, 31.342432941000027 ], [ -6.970245233999947, 31.34010061500004 ], [ -6.969503410999948, 31.339895217000048 ], [ -6.96724203399998, 31.339269056000035 ], [ -6.965534119999973, 31.337775278000038 ], [ -6.969910793999929, 31.333710212000028 ], [ -6.970587012999943, 31.328547872000058 ], [ -6.979071035999937, 31.328236490000052 ], [ -6.979912854999952, 31.326793922000036 ], [ -6.980886663999968, 31.325273282000069 ], [ -6.982016421999958, 31.323769661000028 ], [ -6.983174067999926, 31.322590176000062 ], [ -6.985255958999971, 31.320864162000078 ], [ -6.986986821999949, 31.319409950000079 ], [ -6.988610492999953, 31.318186125000068 ], [ -6.991844122999964, 31.314244885000051 ], [ -6.994747310999969, 31.310105768000028 ], [ -6.996525138999971, 31.308501686000056 ], [ -6.993901656999981, 31.292049901000041 ], [ -6.979613624999956, 31.281968057000029 ], [ -6.985296198999947, 31.274366107000048 ], [ -6.985277210999925, 31.273292647000062 ], [ -6.985655478999945, 31.27276994500005 ], [ -6.985887337999941, 31.272449559000052 ], [ -6.985317115999976, 31.271621906000064 ], [ -6.984909066999933, 31.271319769000058 ], [ -6.98405048099994, 31.270684032000077 ], [ -6.984037832999945, 31.269968381000069 ], [ -6.984551566999926, 31.269390469000029 ], [ -6.985012767999933, 31.268871617000059 ], [ -6.985808196999926, 31.267976799000053 ], [ -6.988251625999965, 31.264783424000029 ], [ -6.98973394199993, 31.261722030000044 ], [ -6.990232969999965, 31.261961559000042 ], [ -6.990783270999941, 31.262155682000071 ], [ -6.991031016999955, 31.262420861000066 ], [ -6.991278226999952, 31.262656203000063 ], [ -6.991526505999957, 31.262951225000052 ], [ -6.991808989999981, 31.263215947000049 ], [ -6.992178208999974, 31.263479536000034 ], [ -6.992511191999938, 31.263654098000075 ], [ -6.992929319999973, 31.26373811600007 ], [ -6.99340191899995, 31.263955592000059 ], [ -6.994120688999942, 31.26434880000005 ], [ -6.994818667999937, 31.264548412000067 ], [ -6.995269944999961, 31.264542487000028 ], [ -6.995891597999957, 31.264355391000038 ], [ -6.996371193999948, 31.263991164000061 ], [ -6.996920219999936, 31.263626059000046 ], [ -6.997193696999943, 31.263383847000057 ], [ -6.997812672999942, 31.26304762500007 ], [ -6.99812136099996, 31.262834798000029 ], [ -6.998149680999973, 31.262476535000076 ], [ -6.998525929999971, 31.262158407000072 ], [ -6.998796940999966, 31.261778871000047 ], [ -6.999320311999952, 31.261924273000034 ], [ -6.999806315999933, 31.261917873000073 ], [ -7.000363832999938, 31.262029838000046 ], [ -7.000250616999949, 31.261524289000079 ], [ -6.999949989999948, 31.261215089000075 ], [ -6.999613560999933, 31.260846709000077 ], [ -6.999795721999931, 31.260352192000028 ], [ -6.999596532999931, 31.259892539000077 ], [ -6.99983422899993, 31.259591134000061 ], [ -6.999932495999929, 31.259261759000026 ], [ -6.999994740999966, 31.258858303000068 ], [ -6.999954412999955, 31.25854569300003 ], [ -6.999396384999955, 31.258403891000057 ], [ -6.999539641999945, 31.257949979000045 ], [ -6.999736064999979, 31.258152751000068 ], [ -7.000262397999961, 31.258056408000073 ], [ -7.00060089699997, 31.25799767500007 ], [ -7.00089208299994, 31.257836354000062 ], [ -7.001212198999951, 31.257778444000053 ], [ -7.001548641999932, 31.257663067000067 ], [ -7.001915098999973, 31.257692235000036 ], [ -7.002281063999931, 31.257836632000078 ], [ -7.002771924999934, 31.25792371600005 ], [ -7.003209825999932, 31.257919128000026 ], [ -7.003612845999953, 31.257944819000045 ], [ -7.003910522999945, 31.258088224000062 ], [ -7.004232082999977, 31.258285597000054 ], [ -7.004589705999933, 31.258597618000067 ], [ -7.004817442999979, 31.258996955000043 ], [ -7.005027427999948, 31.25927125000004 ], [ -7.005286941999941, 31.259435243000041 ], [ -7.00556630799997, 31.259622328000034 ], [ -7.005689018999931, 31.259909537000055 ], [ -7.005937051999979, 31.260290781000037 ], [ -7.006285986999956, 31.260452004000058 ], [ -7.006650418999925, 31.260580697000023 ], [ -7.007103641999947, 31.260730292000062 ], [ -7.007675244999973, 31.261217477000059 ], [ -7.007853613999941, 31.261483540000029 ], [ -7.008100329999934, 31.261689048000051 ], [ -7.008572711999932, 31.261891564000052 ], [ -7.008976691999976, 31.262154641000052 ], [ -7.009344929999941, 31.262358555000048 ], [ -7.009748930999933, 31.262621609000064 ], [ -7.010205561999953, 31.262913831000049 ], [ -7.010645624999938, 31.263250980000066 ], [ -7.011016281999957, 31.263589051000054 ], [ -7.011262994999981, 31.263794549000067 ], [ -7.011648057999935, 31.26396840700005 ], [ -7.011963150999975, 31.26411334200003 ], [ -7.012775530999932, 31.264878033000059 ], [ -7.01081630799996, 31.260191625000061 ], [ -7.005806105999966, 31.255724565000037 ], [ -7.00306799599997, 31.252687267000056 ], [ -7.002980373999947, 31.249140729000032 ], [ -7.003513037999937, 31.245543335000036 ], [ -7.00359984499994, 31.244957030000023 ], [ -7.000883409999972, 31.240578776000063 ], [ -6.999643904999971, 31.23725472600006 ], [ -7.000107610999976, 31.232118774000071 ], [ -6.999197117999927, 31.229070017000026 ], [ -6.998588542999926, 31.227032153000039 ], [ -6.988875870999948, 31.219879398000046 ], [ -6.994257087999927, 31.219311468000058 ], [ -7.000825843999962, 31.217912738000052 ], [ -7.049771738999937, 31.209236372000078 ], [ -7.049837987999979, 31.209108117000028 ], [ -7.049910684999929, 31.208982443000025 ], [ -7.04998969299993, 31.208859587000063 ], [ -7.050074862999963, 31.20873978000003 ], [ -7.050166033999972, 31.208623249000027 ], [ -7.050263034999944, 31.208510213000068 ], [ -7.050365681999949, 31.20840088500006 ], [ -7.050473781999926, 31.208295472000032 ], [ -7.050587130999929, 31.208194172000049 ], [ -7.050705515999937, 31.20809717700007 ], [ -7.050828711999941, 31.208004669000047 ], [ -7.05095648799994, 31.207916823000062 ], [ -7.051088602999926, 31.207833805000064 ], [ -7.051224807999972, 31.207755771000052 ], [ -7.051364844999966, 31.207682868000063 ], [ -7.051508450999961, 31.207615234000059 ], [ -7.05165535499998, 31.207552996000061 ], [ -7.05180527899995, 31.207496272000071 ], [ -7.051957941999945, 31.207445169000039 ], [ -7.05211305399996, 31.207399782000039 ], [ -7.052270323999949, 31.20736019900005 ], [ -7.05242945599997, 31.207326493000039 ], [ -7.052590147999979, 31.207298727000079 ], [ -7.052752097999928, 31.207276955000054 ], [ -7.052915000999974, 31.207261218000042 ], [ -7.053078548999963, 31.20725154400003 ], [ -7.05324243299998, 31.207247953000035 ], [ -7.053406345999974, 31.20725045100005 ], [ -7.053569976999938, 31.207259033000071 ], [ -7.053733017999946, 31.207273683000039 ], [ -7.053733361999946, 31.206831998000041 ], [ -7.053798787999938, 31.206393907000063 ], [ -7.053935954999929, 31.205950734000055 ], [ -7.054059904999974, 31.205670117000068 ], [ -7.054261542999939, 31.205326273000026 ], [ -7.054345372999933, 31.205205745000058 ], [ -7.054434838999953, 31.20508822000005 ], [ -7.05452979599994, 31.20497388900003 ], [ -7.054630087999954, 31.204862940000055 ], [ -7.054735549999975, 31.204755556000066 ], [ -7.054846008999959, 31.204651912000031 ], [ -7.054961283999944, 31.204552179000075 ], [ -7.055081185999938, 31.204456519000075 ], [ -7.055205518999969, 31.204365091000057 ], [ -7.05533407799993, 31.204278044000034 ], [ -7.05546665199995, 31.204195521000031 ], [ -7.055603024999925, 31.20411765700004 ], [ -7.055742970999972, 31.204044580000073 ], [ -7.055886262999934, 31.203976410000053 ], [ -7.056032663999929, 31.203913258000057 ], [ -7.056181934999927, 31.203855228000066 ], [ -7.056333829999971, 31.20380241600003 ], [ -7.059308069999929, 31.199108679000062 ], [ -7.058586446999925, 31.199148617000048 ], [ -7.058312935999936, 31.198991289000048 ], [ -7.057867595999937, 31.198831872000028 ], [ -7.057617025999946, 31.198508693000065 ], [ -7.057368905999965, 31.198037878000036 ], [ -7.057082676999926, 31.197755482000048 ], [ -7.05682762899994, 31.197472633000075 ], [ -7.056503100999976, 31.197231020000061 ], [ -7.05619665699993, 31.19712336300006 ], [ -7.055777440999975, 31.196968017000074 ], [ -7.055358217999981, 31.196812673000068 ], [ -7.054663995999931, 31.196419515000059 ], [ -7.054135296999959, 31.19597040900004 ], [ -7.053713798999979, 31.195689823000066 ], [ -7.053103664999981, 31.195340250000072 ], [ -7.052746541999966, 31.195166154000049 ], [ -7.052390130999981, 31.195027878000076 ], [ -7.051994046999937, 31.194997479000051 ], [ -7.051685507999935, 31.195010625000066 ], [ -7.051408672999969, 31.194862276000038 ], [ -7.051111075999927, 31.194526319000033 ], [ -7.050843010999927, 31.194100503000072 ], [ -7.050555171999974, 31.193728623000027 ], [ -7.050196419999963, 31.193465080000067 ], [ -7.049838039999941, 31.193219428000077 ], [ -7.04924792199995, 31.192824826000049 ], [ -7.048869856999943, 31.192642054000032 ], [ -7.048491982999963, 31.192468232000067 ], [ -7.047946959999933, 31.192260918000045 ], [ -7.047484183999927, 31.191998760000047 ], [ -7.047165449999966, 31.191645210000047 ], [ -7.046803102999945, 31.191184873000054 ], [ -7.046526677999964, 31.190866515000039 ], [ -7.046167945999969, 31.19060296400005 ], [ -7.045591243999979, 31.190369188000034 ], [ -7.045224933999975, 31.190257870000039 ], [ -7.044889668999929, 31.190137140000047 ], [ -7.044294606999927, 31.190037828000072 ], [ -7.043760644999963, 31.189866102000053 ], [ -7.043320041999948, 31.189675254000065 ], [ -7.042826887999979, 31.189458230000071 ], [ -7.042439437999974, 31.189329251000061 ], [ -7.042061921999959, 31.189173337000057 ], [ -7.041685019999932, 31.189053165000075 ], [ -7.041142651999962, 31.18898891200007 ], [ -7.040788242999952, 31.188957917000039 ], [ -7.040247160999968, 31.188965231000054 ], [ -7.03968526999995, 31.188972823000029 ], [ -7.03935232799995, 31.188977320000049 ], [ -7.038852891999966, 31.188984064000067 ], [ -7.038436659999945, 31.188989684000035 ], [ -7.037811722999948, 31.188962324000045 ], [ -7.037353891999942, 31.188968501000033 ], [ -7.036905666999928, 31.188929807000079 ], [ -7.036682085999928, 31.188655466000057 ], [ -7.03642455399995, 31.188229447000026 ], [ -7.036211876999971, 31.187981809000064 ], [ -7.036040489999948, 31.187715685000057 ], [ -7.035724776999928, 31.187523123000062 ], [ -7.035416975999965, 31.187196221000079 ], [ -7.035191143999953, 31.186796626000046 ], [ -7.035018316999981, 31.186450025000056 ], [ -7.034846773999959, 31.186174946000051 ], [ -7.034717670999953, 31.18594408000007 ], [ -7.034505345999946, 31.185714297000061 ], [ -7.034293346999959, 31.185502400000075 ], [ -7.033915505999971, 31.185328567000056 ], [ -7.033414452999978, 31.185245831000032 ], [ -7.032996326999978, 31.185144083000068 ], [ -7.032640286999936, 31.185023603000047 ], [ -7.031948691999958, 31.184764506000079 ], [ -7.031573143999935, 31.184715868000069 ], [ -7.031239570999958, 31.184684558000072 ], [ -7.030905297999936, 31.184617471000024 ], [ -7.030529754999975, 31.184568827000078 ], [ -7.030111288999933, 31.184449177000033 ], [ -7.029756572999929, 31.184400294000056 ], [ -7.029274722999958, 31.184227802000066 ], [ -7.028981105999947, 31.184106473000043 ], [ -7.028644928999938, 31.18393203200003 ], [ -7.028139979999935, 31.183634616000063 ], [ -7.027635682999971, 31.183372939000037 ], [ -7.027216273999954, 31.183199646000048 ], [ -7.026706375999936, 31.18291567600005 ], [ -7.026177950999966, 31.182757257000048 ], [ -7.025965823999968, 31.182536404000075 ], [ -7.025824071999978, 31.182180404000064 ], [ -7.025639246999958, 31.181744475000073 ], [ -7.025477498999976, 31.181433488000039 ], [ -7.025368954999976, 31.181184417000054 ], [ -7.025342958999943, 31.180898453000054 ], [ -7.025337123999975, 31.180576425000027 ], [ -7.025331937999965, 31.180290184000057 ], [ -7.02532610399993, 31.179968167000027 ], [ -7.025318324999944, 31.179538783000055 ], [ -7.02531184299994, 31.179180994000035 ], [ -7.025264388999972, 31.178859545000023 ], [ -7.02523709999997, 31.178502007000077 ], [ -7.025207543999954, 31.178019256000027 ], [ -7.025159117999976, 31.17764412300005 ], [ -7.025091825999937, 31.177376607000042 ], [ -7.024961464999933, 31.177074145000063 ], [ -7.024705625999957, 31.176737572000036 ], [ -7.024348654999926, 31.176563413000054 ], [ -7.024032659999932, 31.176352893000058 ], [ -7.023643513999957, 31.176125493000029 ], [ -7.023231959999976, 31.175808878000055 ], [ -7.022790446999977, 31.175564277000035 ], [ -7.022245586999929, 31.175356816000033 ], [ -7.021848974999955, 31.17529053800007 ], [ -7.021369126999957, 31.175225363000038 ], [ -7.020879818999958, 31.175214003000065 ], [ -7.020348265999928, 31.175167454000075 ], [ -7.019911333999971, 31.175173287000064 ], [ -7.01953617199996, 31.175142501000039 ], [ -7.019034832999978, 31.175041818000068 ], [ -7.018659357999979, 31.174993140000026 ], [ -7.018314748999956, 31.174926153000058 ], [ -7.017822870999964, 31.174771652000061 ], [ -7.017376866999939, 31.174562885000057 ], [ -7.017043996999973, 31.174280991000046 ], [ -7.016893200999959, 31.173996707000072 ], [ -7.016845295999929, 31.173648400000047 ], [ -7.016838686999961, 31.173281648000057 ], [ -7.016791917999967, 31.172995975000049 ], [ -7.016745625999931, 31.172737108000035 ], [ -7.016859054999941, 31.172391133000076 ], [ -7.017318690999957, 31.172201590000043 ], [ -7.017765530999952, 31.172168789000068 ], [ -7.018440934999944, 31.17211504200003 ], [ -7.018940273999931, 31.172108382000033 ], [ -7.019314817999941, 31.172103384000025 ], [ -7.019979001999957, 31.172005044000059 ], [ -7.020768036999925, 31.17190503300003 ], [ -7.021556063999981, 31.171751375000042 ], [ -7.022095724999929, 31.171672577000038 ], [ -7.022636073999934, 31.171629567000025 ], [ -7.02326026399993, 31.171621219000031 ], [ -7.023843154999952, 31.171631314000024 ], [ -7.02430249799994, 31.171714646000055 ], [ -7.024719255999969, 31.171744861000036 ], [ -7.025115571999947, 31.171793237000031 ], [ -7.02555151699994, 31.171733715000073 ], [ -7.02590328399998, 31.171621627000036 ], [ -7.026208245999953, 31.171223875000067 ], [ -7.026409181999952, 31.170827478000035 ], [ -7.026445609999939, 31.170540694000067 ], [ -7.026480091999929, 31.170146551000073 ], [ -7.026471497999978, 31.169672467000055 ], [ -7.026465173999952, 31.16932360800007 ], [ -7.026457066999967, 31.168876362000049 ], [ -7.026408638999953, 31.168501203000062 ], [ -7.026319574999945, 31.16818031300005 ], [ -7.02604357499996, 31.167879826000046 ], [ -7.056725913999969, 31.158196335000071 ], [ -7.059980067999959, 31.157176450000065 ], [ -7.063384597999971, 31.156123755000067 ], [ -7.067124074999981, 31.155798039000047 ], [ -7.072960365999961, 31.154223821000073 ], [ -7.07801987199997, 31.152690541000027 ], [ -7.08182120999993, 31.151906237000048 ], [ -7.084430667999925, 31.151626147000059 ], [ -7.088263362999953, 31.151572876000046 ], [ -7.092041341999959, 31.151428751000026 ], [ -7.093524927999965, 31.151408052000079 ], [ -7.094622852999976, 31.151545160000069 ], [ -7.097363015999974, 31.152573950000033 ], [ -7.102800633999948, 31.154235534000065 ], [ -7.106421761999968, 31.155129757000054 ], [ -7.108411032999925, 31.155681035000043 ], [ -7.112022970999931, 31.156087432000049 ], [ -7.11612893299997, 31.156456268000056 ], [ -7.118466299999966, 31.156728057000066 ], [ -7.120008404999965, 31.156887934000054 ], [ -7.12021688599998, 31.156598555000073 ], [ -7.12058761399993, 31.156399420000071 ], [ -7.121012380999957, 31.15630542100007 ], [ -7.121549, 31.156257548000042 ], [ -7.122006234999958, 31.156191788000058 ], [ -7.122395276999953, 31.156006199000046 ], [ -7.122777909999968, 31.155885932000047 ], [ -7.123169777999976, 31.155793878000054 ], [ -7.123650028999975, 31.155700569000032 ], [ -7.124089745999981, 31.155662999000072 ], [ -7.124563451999961, 31.155680148000044 ], [ -7.125086235999959, 31.155724169000052 ], [ -7.125470832999952, 31.155615037000075 ], [ -7.125730523999948, 31.15536977000005 ], [ -7.126164351999932, 31.15498148100005 ], [ -7.126424424999925, 31.154709749000062 ], [ -7.126819062999971, 31.154583338000066 ], [ -7.127242574999968, 31.154514663000043 ], [ -7.127571831999944, 31.154414548000034 ], [ -7.127903111999956, 31.154329309000047 ], [ -7.128264153999964, 31.154438982000045 ], [ -7.128724596999973, 31.154622566000057 ], [ -7.129123043999925, 31.154648939000026 ], [ -7.12940406599995, 31.15456441300006 ], [ -7.129613825999968, 31.154382483000063 ], [ -7.130080589999977, 31.154219245000036 ], [ -7.130684315999929, 31.15424269600004 ], [ -7.131139982999969, 31.154396512000062 ], [ -7.131632836999927, 31.154596745000049 ], [ -7.132032539999955, 31.154732710000076 ], [ -7.132327883999949, 31.154762789000074 ], [ -7.132825041999979, 31.154854877000048 ], [ -7.133866409999939, 31.154992978000053 ], [ -7.135532836999971, 31.15583790200003 ], [ -7.136086281999951, 31.156046176000075 ], [ -7.137266825999973, 31.156468233000055 ], [ -7.139300171999935, 31.157455527000025 ], [ -7.140948613999967, 31.158333764000076 ], [ -7.143299366999941, 31.159373687000027 ], [ -7.146583476999979, 31.160641196000029 ], [ -7.148766251999973, 31.161234165000053 ], [ -7.152774525999973, 31.162914135000051 ], [ -7.158529988999931, 31.164477208000051 ], [ -7.162336193999977, 31.165570872000046 ], [ -7.164287447999925, 31.16613144400003 ], [ -7.166121647999944, 31.167751120000048 ], [ -7.168367251999939, 31.16872453700006 ], [ -7.170918312999959, 31.16905319600005 ], [ -7.173124245999929, 31.168014862000064 ], [ -7.174376260999964, 31.166990468000051 ], [ -7.178175557999964, 31.16611167700006 ], [ -7.182492012999944, 31.164584896000065 ], [ -7.18503568999995, 31.164547503000051 ], [ -7.187149981999937, 31.164242018000039 ], [ -7.189829580999969, 31.163404941000067 ], [ -7.190837574999932, 31.163090066000052 ], [ -7.194187518999968, 31.164368059000026 ], [ -7.198875015999931, 31.163893531000042 ], [ -7.202737085999956, 31.163253863000079 ], [ -7.208423773999925, 31.159928120000075 ], [ -7.217289863999952, 31.155135526000038 ], [ -7.223762603999944, 31.150100806000069 ], [ -7.234011520999957, 31.142224331000079 ], [ -7.237710095999944, 31.134807980000062 ], [ -7.246711751999953, 31.131975256000032 ], [ -7.248176865999937, 31.13557600300004 ], [ -7.249713244999953, 31.139465535000056 ], [ -7.251144379999971, 31.142951098000026 ], [ -7.252918085999966, 31.146984338000038 ], [ -7.258717588999957, 31.150117836000049 ], [ -7.262996686999941, 31.153323630000045 ], [ -7.267702847999942, 31.156795272000068 ], [ -7.272723384999949, 31.160171062000074 ], [ -7.279136003999952, 31.164615575000028 ], [ -7.280766853999978, 31.167043895000063 ], [ -7.285402301999966, 31.16955043300004 ], [ -7.285667879999949, 31.169694020000065 ], [ -7.286753382999962, 31.171222001000046 ], [ -7.289057585999956, 31.173094506000041 ], [ -7.289756805999957, 31.173580327000025 ], [ -7.291146080999965, 31.17432218600004 ], [ -7.29183680999995, 31.17483638300007 ], [ -7.292779464999967, 31.175453953000044 ], [ -7.293369838999979, 31.175814602000059 ], [ -7.293570583999951, 31.176121636000062 ], [ -7.294927135999956, 31.177281550000032 ], [ -7.295660786999974, 31.177854679000063 ], [ -7.296675622999942, 31.178602363000039 ], [ -7.297550792999971, 31.179304467000065 ], [ -7.298271108999927, 31.179901645000029 ], [ -7.298770739999952, 31.180561931000057 ], [ -7.299324853999963, 31.18117363600004 ], [ -7.301461478999954, 31.183776745000046 ], [ -7.303428465999957, 31.18622742000008 ], [ -7.304672583999945, 31.187961615000063 ], [ -7.306311013999959, 31.189964058000044 ], [ -7.307170791999965, 31.191239 ], [ -7.308671568999955, 31.192635131000031 ], [ -7.310645444999977, 31.19473959000004 ], [ -7.312305772999935, 31.196455276000052 ], [ -7.312883504999945, 31.196863729000029 ], [ -7.313952724999979, 31.19753884000005 ], [ -7.315293188999931, 31.198567558000036 ], [ -7.316056671999945, 31.199223620000055 ], [ -7.316948067999931, 31.200020787000028 ], [ -7.317690459999938, 31.200987342000076 ], [ -7.318448530999945, 31.202037160000032 ], [ -7.318946037999979, 31.202892961000032 ], [ -7.319272576999936, 31.20345842100005 ], [ -7.320964371999935, 31.207125269000073 ], [ -7.322491396999965, 31.209627407000028 ], [ -7.325632463999966, 31.213693600000056 ], [ -7.327050886999928, 31.215102767000076 ], [ -7.329871142999934, 31.217145793000043 ], [ -7.331833213999971, 31.218009357000028 ], [ -7.332436365999968, 31.218370001000039 ], [ -7.340482602999941, 31.223180526000078 ], [ -7.345561498999928, 31.226917016000073 ], [ -7.347139568999978, 31.22877817400007 ], [ -7.349353452999935, 31.23210563400005 ], [ -7.351063094999972, 31.234106401000076 ], [ -7.352988806999974, 31.23646154000005 ], [ -7.356892617999961, 31.243557082000052 ], [ -7.360783995999952, 31.250056194000024 ], [ -7.363827771999979, 31.253792096000041 ], [ -7.364187824999931, 31.254701623000074 ], [ -7.364476937999939, 31.256486531000064 ], [ -7.364522105999981, 31.258547448000058 ], [ -7.364497877999952, 31.259034474000032 ], [ -7.364549326999963, 31.26111957300003 ], [ -7.364480456999956, 31.262731342000052 ], [ -7.364318644999969, 31.263903177000032 ], [ -7.364226113999962, 31.264751786000033 ], [ -7.363988731999939, 31.265644437000049 ], [ -7.363422576999938, 31.26773653500004 ], [ -7.363191570999959, 31.26859593000006 ], [ -7.362458649999951, 31.270647931000042 ], [ -7.362139217999982, 31.271917772000052 ], [ -7.361835441999972, 31.273270879000052 ], [ -7.361601447999931, 31.274002415000041 ], [ -7.361212509999973, 31.275273370000036 ], [ -7.360979812999972, 31.276064581000071 ], [ -7.360447789999967, 31.277779248000058 ], [ -7.360079544999962, 31.278727752000066 ], [ -7.35916154399996, 31.28057989000007 ], [ -7.358426169999973, 31.281892222000067 ], [ -7.358238771999936, 31.282217359000072 ], [ -7.357949691999977, 31.282973678000076 ], [ -7.357528454999965, 31.284042310000075 ], [ -7.357224439999925, 31.284751146000076 ], [ -7.357067674999939, 31.285207037000077 ], [ -7.356950147999953, 31.286187256000062 ], [ -7.356671200999926, 31.287408707000054 ], [ -7.356520417999945, 31.288138933000027 ], [ -7.356146318999947, 31.28945733200004 ], [ -7.355696896999973, 31.291146828000024 ], [ -7.352850574999934, 31.292242378000026 ], [ -7.348783641999944, 31.294397899000046 ], [ -7.347631615999944, 31.294779899000048 ], [ -7.345983491999959, 31.296219750000034 ], [ -7.345718954999938, 31.296392583000056 ], [ -7.343996554999933, 31.29795550700004 ], [ -7.341862128999935, 31.299035268000068 ], [ -7.338955189999979, 31.300505770000029 ], [ -7.328551189999928, 31.305519382000057 ], [ -7.328142770999932, 31.305658451000056 ], [ -7.32212698799998, 31.307999451000057 ], [ -7.319054799999947, 31.309302057000025 ], [ -7.316530383999975, 31.310558856000057 ], [ -7.315049653999949, 31.311498500000027 ], [ -7.313087307999979, 31.312531600000057 ], [ -7.310399314999927, 31.313948326000059 ], [ -7.305975273999934, 31.317118039000036 ], [ -7.304613323999945, 31.317902950000075 ], [ -7.303197947999934, 31.318463232000056 ], [ -7.302833073999977, 31.318624023000041 ], [ -7.302081747999978, 31.318910215000074 ], [ -7.301606860999925, 31.319126427000072 ], [ -7.300787452999941, 31.319479283000078 ], [ -7.299645080999937, 31.320004185000073 ], [ -7.298717656999941, 31.32050784200004 ], [ -7.298030068999935, 31.320852675000026 ], [ -7.296475987999941, 31.321618222000041 ], [ -7.296101369999974, 31.321959142000026 ], [ -7.29418295399995, 31.324811752000073 ], [ -7.292629781999949, 31.326030597000056 ], [ -7.292241691999948, 31.326262858000064 ], [ -7.287283315999957, 31.330041571000038 ], [ -7.284045569999932, 31.332653028000038 ], [ -7.281218953999939, 31.334617710000032 ], [ -7.275312737999968, 31.336629907000031 ], [ -7.268107184999963, 31.337472638000065 ], [ -7.264992100999962, 31.337784879000026 ], [ -7.263687000999937, 31.337915672000065 ], [ -7.263066439999932, 31.337858116000064 ], [ -7.262572706999947, 31.337779797000053 ], [ -7.262003538999977, 31.337681132000057 ], [ -7.260678145999975, 31.337314842000069 ], [ -7.257877837999956, 31.336606042000028 ], [ -7.256930654999962, 31.336377114000072 ], [ -7.256594162999932, 31.33623907100008 ], [ -7.255183063999937, 31.338211473000058 ], [ -7.254106572999945, 31.339928047000058 ], [ -7.25247636499995, 31.342933089000041 ], [ -7.252099188999978, 31.343687078000073 ], [ -7.25080094599997, 31.346450978000064 ], [ -7.249965884999938, 31.348492250000049 ], [ -7.249609921999934, 31.349362356000029 ], [ -7.248561629999926, 31.351431108000043 ], [ -7.248373775999937, 31.352719407000052 ], [ -7.248329940999952, 31.353020801000071 ], [ -7.248163337999927, 31.355051601000071 ], [ -7.248473358999945, 31.359968416000072 ], [ -7.248256588999936, 31.361254331000055 ], [ -7.247466002999943, 31.36505444200003 ], [ -7.246744856999953, 31.368853527000056 ], [ -7.246557558999939, 31.371570675000044 ], [ -7.246531950999952, 31.372541651000063 ], [ -7.243973269999969, 31.374343012000054 ], [ -7.243410402999928, 31.374873989000037 ], [ -7.241951810999979, 31.375904503000072 ], [ -7.239001935999966, 31.377988502000051 ], [ -7.237458778999951, 31.379078639000056 ], [ -7.236365492999937, 31.379850930000032 ], [ -7.233817418999934, 31.381556861000035 ], [ -7.232683678999933, 31.382315881000068 ], [ -7.229812487999936, 31.384769497000036 ], [ -7.228913724999927, 31.385543038000037 ], [ -7.226523249999957, 31.387600146000068 ], [ -7.225960231999977, 31.388073316000032 ], [ -7.224495284999932, 31.389304451000044 ], [ -7.22287644499994, 31.390664847000039 ], [ -7.222061298999961, 31.391507340000032 ], [ -7.221041179999929, 31.392561623000063 ], [ -7.218304660999934, 31.395389666000028 ], [ -7.217064370999935, 31.396716601000037 ], [ -7.216347052999936, 31.397484168000062 ], [ -7.215695216999961, 31.398181668000063 ], [ -7.213955257999942, 31.399367912000059 ], [ -7.21222275699995, 31.400336128000049 ], [ -7.21088145899995, 31.401085661000025 ], [ -7.21062031699995, 31.40123158800003 ], [ -7.209025160999943, 31.402122954000049 ], [ -7.206874857999935, 31.403584091000027 ], [ -7.204937647999941, 31.404900359000067 ], [ -7.202844991999939, 31.406322179000028 ], [ -7.202418698999963, 31.406611764000047 ], [ -7.200808353999946, 31.407731098000056 ], [ -7.198083498999949, 31.409624998000027 ], [ -7.196223636999946, 31.410921364000046 ], [ -7.194930459999966, 31.412340096000037 ], [ -7.192983825999931, 31.412914951000062 ], [ -7.190552208999975, 31.413581871000076 ], [ -7.189594193999937, 31.413844615000073 ], [ -7.188791364999929, 31.414234219000036 ], [ -7.187394813999958, 31.414911931000063 ], [ -7.187067171999956, 31.415070931000059 ], [ -7.183830702999956, 31.416488693000076 ], [ -7.182746001999931, 31.416963838000072 ], [ -7.182400427999937, 31.417114584000046 ], [ -7.178965950999952, 31.418594580000047 ], [ -7.176119767999978, 31.419247529000074 ], [ -7.175736084999926, 31.419211928000038 ], [ -7.174495602999968, 31.419096848000038 ], [ -7.172476165999967, 31.418179294000026 ], [ -7.170666015999927, 31.416886634000036 ], [ -7.168789458999981, 31.415509945000053 ], [ -7.165598943999953, 31.413974198000062 ], [ -7.163524503999952, 31.412993841000059 ], [ -7.162241844999926, 31.412387644000034 ], [ -7.161886164999942, 31.41221902500007 ], [ -7.160625601999925, 31.41160422400003 ], [ -7.155910280999933, 31.409304335000058 ], [ -7.152489719999949, 31.408347462000052 ], [ -7.148536096999976, 31.407306647000041 ], [ -7.148219258999973, 31.407206989000031 ], [ -7.147261248999939, 31.406905647000031 ], [ -7.145071927999936, 31.406216951000033 ], [ -7.144364598999971, 31.40599443900004 ], [ -7.142530042999965, 31.405315454000061 ], [ -7.140081706999979, 31.404409247000046 ] ] ] } },
{ "type": "Feature", "properties": { "ADM4_FR": "Toundoute", "ADM4_AR": "توندوت", "ADM4_PCODE": "MA00300140107112", "ADM4_REF": null, "ADM3_FR": "Toundoute", "ADM3_AR": "توندوت", "ADM3_PCODE": "MA0030014010711", "ADM2_FR": "Ouarzazate", "ADM2_AR": "ورزازات", "ADM2_PCODE": "MA003001", "ADM1_FR": "Drâa-Tafilalet", "ADM1_AR": "درعة - تافيلالت", "ADM1_PCODE": "MA003", "ADM0_EN": "Morocco", "ADM0_FR": "Moroc (le)", "ADM0_AR": "المغرب", "ADM0_PCODE": "MA", "date": "2023-09-15", "validOn": "2023-09-25", "validTo": null, "Shape_Leng": 1.55929305026, "Shape_Area": 0.049004471302099999, "AREA_SQKM": 517.63237044499999, "Cases": 170 }, "geometry": { "type": "Polygon", "coordinates": [ [ [ -6.716042993999963, 31.346524464000026 ], [ -6.688200707999954, 31.346242551000046 ], [ -6.671268161999933, 31.348845936000032 ], [ -6.653350908999926, 31.345830532000036 ], [ -6.644432003999952, 31.344218811000076 ], [ -6.631599134999931, 31.334281962000034 ], [ -6.619077628999946, 31.321094500000072 ], [ -6.60523094499996, 31.30827688100004 ], [ -6.601315393999926, 31.304303976000028 ], [ -6.602241875999937, 31.303066227000045 ], [ -6.602460955999959, 31.302947654000036 ], [ -6.602683740999964, 31.302834232000066 ], [ -6.602910064999946, 31.302726046000032 ], [ -6.603139757999941, 31.302623175000065 ], [ -6.603372650999972, 31.302525697000078 ], [ -6.603608569999949, 31.30243368400005 ], [ -6.603847338999969, 31.302347205000046 ], [ -6.604088779999927, 31.302266324000072 ], [ -6.604332713999952, 31.302191101000062 ], [ -6.60457895899998, 31.302121592000049 ], [ -6.604827330999967, 31.30205785000004 ], [ -6.605077646999973, 31.301999921000061 ], [ -6.60532971899994, 31.301947848000054 ], [ -6.605583359999969, 31.301901672000042 ], [ -6.605838380999955, 31.301861424000037 ], [ -6.606094591999977, 31.301827137000032 ], [ -6.606730720999963, 31.30162421700004 ], [ -6.607364380999968, 31.301415731000077 ], [ -6.607995504999963, 31.301201702000071 ], [ -6.608624025999973, 31.300982152000074 ], [ -6.609249878999947, 31.30075710400007 ], [ -6.609872995999979, 31.300526582000032 ], [ -6.610493313999939, 31.300290610000047 ], [ -6.611110765999967, 31.300049213000079 ], [ -6.611725286999956, 31.299802416000034 ], [ -6.612336812999956, 31.299550245000034 ], [ -6.612945279999963, 31.299292726000033 ], [ -6.613550622999981, 31.299029888000064 ], [ -6.614152779999927, 31.298761756000033 ], [ -6.614751684999931, 31.298488360000079 ], [ -6.615347276999955, 31.298209728000074 ], [ -6.615592358999947, 31.298088897000071 ], [ -6.61584094899996, 31.297973417000037 ], [ -6.616092885999933, 31.297863360000065 ], [ -6.616348009999967, 31.297758800000054 ], [ -6.616606154999943, 31.297659800000076 ], [ -6.616867155999955, 31.297566431000064 ], [ -6.617130843999973, 31.297478747000071 ], [ -6.617397050999955, 31.297396806000052 ], [ -6.617665603999967, 31.297320660000025 ], [ -6.617936330999953, 31.297250360000078 ], [ -6.618209056999945, 31.297185950000028 ], [ -6.618483607999963, 31.297127471000067 ], [ -6.618759805999957, 31.297074961000078 ], [ -6.619037473999981, 31.297028454000042 ], [ -6.619316433999927, 31.296987981000029 ], [ -6.619596503999958, 31.296953565000024 ], [ -6.619877505999966, 31.296925232000035 ], [ -6.62015925999998, 31.296902997000075 ], [ -6.620441581999955, 31.296886877000077 ], [ -6.620724291999977, 31.29687688000007 ], [ -6.62100720799998, 31.296873014000028 ], [ -6.621290146999968, 31.296875281000041 ], [ -6.621572928999967, 31.296883679000075 ], [ -6.621855369999935, 31.296898204000058 ], [ -6.622137288999966, 31.29691884500005 ], [ -6.622627429999966, 31.296999659000051 ], [ -6.623116188999973, 31.29708637300007 ], [ -6.623603467999942, 31.297178970000061 ], [ -6.624089168999944, 31.297277431000055 ], [ -6.624573196999961, 31.297381737000023 ], [ -6.625055454999938, 31.297491867000076 ], [ -6.625535845999934, 31.297607800000037 ], [ -6.626014275999978, 31.297729511000057 ], [ -6.626490647999958, 31.297856977000038 ], [ -6.626964868999949, 31.297990172000027 ], [ -6.627436843999931, 31.298129070000073 ], [ -6.627906477999943, 31.298273644000062 ], [ -6.628373678999935, 31.298423863000039 ], [ -6.628838353999981, 31.298579699000072 ], [ -6.629300408999939, 31.298741121000035 ], [ -6.629759752999973, 31.298908096000048 ], [ -6.630216295999958, 31.299080590000074 ], [ -6.630669943999976, 31.299258571000053 ], [ -6.631120609999925, 31.299442001000045 ], [ -6.631568201999926, 31.299630846000071 ], [ -6.632012630999952, 31.29982506500005 ], [ -6.632453809999959, 31.30002462300007 ], [ -6.632891650999966, 31.300229478000062 ], [ -6.633326065999938, 31.300439590000053 ], [ -6.633756968999933, 31.300654917000031 ], [ -6.63418427299996, 31.300875417000043 ], [ -6.634607894999931, 31.301101043000074 ], [ -6.63502774899996, 31.301331753000056 ], [ -6.635443753999937, 31.301567500000033 ], [ -6.635855822999929, 31.301808238000035 ], [ -6.636263877999966, 31.30205391800007 ], [ -6.636667835999958, 31.302304491000029 ], [ -6.638663910999981, 31.30446631600006 ], [ -6.643729957999938, 31.308602354000072 ], [ -6.646463087999962, 31.31011019400006 ], [ -6.646749445999944, 31.310369349000041 ], [ -6.647267450999948, 31.310620973000027 ], [ -6.647782959999972, 31.310876309000037 ], [ -6.648295938999979, 31.311135340000078 ], [ -6.648806348999926, 31.311398046000079 ], [ -6.649032885999929, 31.311494307000032 ], [ -6.649256529999946, 31.311595386000079 ], [ -6.649477139999931, 31.311701219000042 ], [ -6.649694577999981, 31.311811740000053 ], [ -6.649908706999952, 31.311926879000055 ], [ -6.650119393999944, 31.31204656400007 ], [ -6.650326504999953, 31.31217072100003 ], [ -6.650529910999978, 31.31229927000004 ], [ -6.650729484999943, 31.312432132000026 ], [ -6.650925099999938, 31.312569223000025 ], [ -6.651116634999937, 31.312710457000037 ], [ -6.651303968999969, 31.312855745000036 ], [ -6.651486983999973, 31.313004996000075 ], [ -6.651665565999963, 31.313158117000057 ], [ -6.655406823999954, 31.314591666000069 ], [ -6.655697694999958, 31.314749845000051 ], [ -6.655992350999952, 31.314902825000047 ], [ -6.656290664999972, 31.315050541000062 ], [ -6.656592506999971, 31.315192929000034 ], [ -6.65689774699996, 31.31532992800004 ], [ -6.65720625299997, 31.315461477000042 ], [ -6.657517892999977, 31.315587522000044 ], [ -6.65783253099994, 31.315708007000069 ], [ -6.65815003199998, 31.315822879000052 ], [ -6.658470258999955, 31.315932091000036 ], [ -6.65879307199998, 31.316035594000027 ], [ -6.65911833399997, 31.316133344000036 ], [ -6.659445902999948, 31.316225298000063 ], [ -6.659775637999928, 31.316311417000065 ], [ -6.660107395999944, 31.316391663000047 ], [ -6.660441034999963, 31.316466003000073 ], [ -6.660776409999926, 31.316534404000038 ], [ -6.661113375999946, 31.316596836000031 ], [ -6.661451787999965, 31.316653272000053 ], [ -6.661791499999936, 31.316703689000065 ], [ -6.662132363999945, 31.316748064000024 ], [ -6.662474234999934, 31.316786379000064 ], [ -6.662816962999955, 31.316818616000035 ], [ -6.66316040199996, 31.316844761000027 ], [ -6.663504402999934, 31.31686480500008 ], [ -6.663848815999927, 31.316878737000025 ], [ -6.66419349499995, 31.316886551000039 ], [ -6.664875338999934, 31.31694187800008 ], [ -6.665557801999967, 31.316991324000071 ], [ -6.666240813999934, 31.317034885000055 ], [ -6.666924305999942, 31.317072556000028 ], [ -6.667608207999933, 31.317104333000032 ], [ -6.668292449999967, 31.317130213000041 ], [ -6.668976963999967, 31.317150194000078 ], [ -6.669661677999954, 31.317164274000049 ], [ -6.670346523999967, 31.317172451000033 ], [ -6.67103143199995, 31.317174723000051 ], [ -6.671716330999971, 31.317171092000024 ], [ -6.672401152999953, 31.317161557000077 ], [ -6.673085826999966, 31.317146120000075 ], [ -6.673770284999932, 31.317124781000075 ], [ -6.674454454999932, 31.317097544000035 ], [ -6.675138268999945, 31.317064410000057 ], [ -6.675821655999925, 31.317025383000043 ], [ -6.676504547999969, 31.316980468000054 ], [ -6.677186874999961, 31.316929668000057 ], [ -6.677422978999971, 31.316914014000076 ], [ -6.677658462999943, 31.316892600000074 ], [ -6.67789313399993, 31.316865445000076 ], [ -6.678126800999962, 31.316832570000031 ], [ -6.678359272999955, 31.316794003000041 ], [ -6.678590358999941, 31.316749775000062 ], [ -6.678819870999973, 31.316699922000055 ], [ -6.679047620999938, 31.31664448500004 ], [ -6.679273422999927, 31.316583509000054 ], [ -6.679497092999952, 31.316517044000079 ], [ -6.67971844799996, 31.316445144000056 ], [ -6.679937305999943, 31.316367868000043 ], [ -6.680153488999963, 31.316285279000056 ], [ -6.680366821999939, 31.316197445000057 ], [ -6.680577127999925, 31.316104437000035 ], [ -6.680784235999965, 31.316006332000029 ], [ -6.680987976999972, 31.315903209000055 ], [ -6.681188184999939, 31.315795153000067 ], [ -6.681384695999952, 31.315682252000045 ], [ -6.681577348999951, 31.315564598000037 ], [ -6.681765985999959, 31.315442288000042 ], [ -6.681950454999935, 31.315315421000037 ], [ -6.682130602999962, 31.315184101000057 ], [ -6.682306283999935, 31.315048435000051 ], [ -6.682477353999957, 31.314908535000029 ], [ -6.682643673999962, 31.314764514000046 ], [ -6.682805106999979, 31.314616490000049 ], [ -6.682961521999971, 31.314464584000063 ], [ -6.683112789999939, 31.314308921000077 ], [ -6.683258787999932, 31.314149627000063 ], [ -6.683399397999949, 31.313986833000058 ], [ -6.683534502999976, 31.313820670000041 ], [ -6.683660804999931, 31.313636712000061 ], [ -6.683781359999955, 31.31344996100006 ], [ -6.683896082999979, 31.313260546000038 ], [ -6.684004891999962, 31.313068601000055 ], [ -6.684107713999936, 31.312874260000058 ], [ -6.684204472999966, 31.312677661000066 ], [ -6.684295103999943, 31.312478941000052 ], [ -6.684379541999931, 31.312278239000079 ], [ -6.684457727999927, 31.312075697000068 ], [ -6.684529606999945, 31.311871455000073 ], [ -6.684595128999945, 31.311665659000028 ], [ -6.684654247999958, 31.311458452000068 ], [ -6.684706922999965, 31.311249978000035 ], [ -6.684753114999978, 31.311040386000059 ], [ -6.684792793999975, 31.310829822000073 ], [ -6.684825930999978, 31.310618433000059 ], [ -6.684852502999945, 31.310406367000041 ], [ -6.684872489999975, 31.310193775000073 ], [ -6.684885880999957, 31.309980804000077 ], [ -6.684892662999971, 31.309767604000058 ], [ -6.684892833999925, 31.309554325000079 ], [ -6.684886392999942, 31.309341116000041 ], [ -6.684873343999925, 31.309128128000054 ], [ -6.684853697999927, 31.30891550900003 ], [ -6.684901414999956, 31.308637042000043 ], [ -6.684942199999966, 31.308357772000079 ], [ -6.684976032999941, 31.308077823000076 ], [ -6.685002900999962, 31.307797323000045 ], [ -6.685022790999938, 31.307516398000075 ], [ -6.685035692999975, 31.307235174000027 ], [ -6.685041601999956, 31.306953779000025 ], [ -6.685040514999969, 31.306672339000045 ], [ -6.685032432999947, 31.306390982000039 ], [ -6.685017359999961, 31.30610983400004 ], [ -6.684995300999958, 31.305829022000069 ], [ -6.684966267999926, 31.305548673000033 ], [ -6.684930272999964, 31.305268913000077 ], [ -6.684887332999949, 31.304989868000064 ], [ -6.684837465999976, 31.30471166500007 ], [ -6.684780695999962, 31.304434428000036 ], [ -6.684717046999936, 31.304158283000049 ], [ -6.684646548999979, 31.303883355000039 ], [ -6.68456923399998, 31.303609767000069 ], [ -6.684590981999975, 31.303032515000041 ], [ -6.684619372999975, 31.302455470000041 ], [ -6.684654403999957, 31.301878688000045 ], [ -6.684696069999973, 31.301302225000029 ], [ -6.68474436799994, 31.300726136000037 ], [ -6.684799293999959, 31.300150478000035 ], [ -6.684860840999931, 31.299575305000076 ], [ -6.684929004999958, 31.299000673000023 ], [ -6.685003778999942, 31.29842663900007 ], [ -6.685085153999978, 31.297853257000043 ], [ -6.685173123999959, 31.297280583000031 ], [ -6.685808972999951, 31.296789703000059 ], [ -6.686449573999937, 31.296303353000042 ], [ -6.687094882999929, 31.295821566000029 ], [ -6.687744854999949, 31.29534437500007 ], [ -6.688399444999959, 31.294871815000079 ], [ -6.689058608999972, 31.294403916000078 ], [ -6.689722299999971, 31.293940712000051 ], [ -6.690390471999933, 31.293482234000066 ], [ -6.691063080999925, 31.293028516000049 ], [ -6.691740077999953, 31.292579586000045 ], [ -6.692421417999981, 31.292135478000034 ], [ -6.693107052999949, 31.291696221000052 ], [ -6.693615847999979, 31.291373264000072 ], [ -6.694127543999969, 31.291053670000053 ], [ -6.694242695999947, 31.290968968000072 ], [ -6.694353138999929, 31.290879802000063 ], [ -6.694458633999943, 31.290786365000031 ], [ -6.69455895699997, 31.290688855000042 ], [ -6.694653890999973, 31.290587483000024 ], [ -6.69474323399993, 31.290482465000025 ], [ -6.694826794999926, 31.290374026000052 ], [ -6.694904392999945, 31.290262399000028 ], [ -6.694975862999968, 31.290147822000051 ], [ -6.695041051999965, 31.290030542000068 ], [ -6.69509981899995, 31.289910810000038 ], [ -6.695152040999972, 31.28978888100005 ], [ -6.69519760299994, 31.289665018000051 ], [ -6.695236408999961, 31.289539486000024 ], [ -6.695268374999955, 31.289412553000034 ], [ -6.695293432999961, 31.289284492000036 ], [ -6.695311529999969, 31.289155577000031 ], [ -6.69532262599995, 31.289026084000056 ], [ -6.695326696999928, 31.288896291000071 ], [ -6.695323735999978, 31.288766476000035 ], [ -6.695313747999933, 31.288636917000076 ], [ -6.695296753999969, 31.288507891000052 ], [ -6.695272791999969, 31.288379676000034 ], [ -6.695241911999972, 31.288252546000024 ], [ -6.69520418299993, 31.288126772000055 ], [ -6.695159679999961, 31.288002626000036 ], [ -6.695108502999972, 31.287880372000075 ], [ -6.695050760999948, 31.287760272000071 ], [ -6.694986576999952, 31.287642585000071 ], [ -6.694916088999946, 31.287527562000037 ], [ -6.694839446999936, 31.287415450000026 ], [ -6.694756816999927, 31.287306489000059 ], [ -6.694668374999935, 31.28720091200006 ], [ -6.69457430999995, 31.287098946000071 ], [ -6.69447482399994, 31.287000808000073 ], [ -6.694370130999971, 31.286906711000029 ], [ -6.694260453999959, 31.286816854000051 ], [ -6.694146028999967, 31.286731431000078 ], [ -6.694027099999971, 31.28665062400006 ], [ -6.693903923999926, 31.286574607000034 ], [ -6.69377676199997, 31.286503543000038 ], [ -6.693645888999981, 31.286437584000055 ], [ -6.693511583999964, 31.286376871000073 ], [ -6.693374135999932, 31.28632153500007 ], [ -6.693233837999969, 31.28627169300006 ], [ -6.693090990999963, 31.286227454000027 ], [ -6.692945901999963, 31.286188910000078 ], [ -6.692798880999931, 31.286156147000042 ], [ -6.692650243999935, 31.286129232000064 ], [ -6.692500307999978, 31.286108224000031 ], [ -6.692276289999938, 31.285971795000023 ], [ -6.692056190999949, 31.285830784000041 ], [ -6.691840138999964, 31.285685274000059 ], [ -6.691628260999948, 31.285535349000043 ], [ -6.691420677999929, 31.285381096000037 ], [ -6.69121751299997, 31.285222606000048 ], [ -6.691018883999959, 31.285059971000067 ], [ -6.690824906999978, 31.284893286000056 ], [ -6.690635692999933, 31.28472264800007 ], [ -6.690451354999936, 31.284548155000039 ], [ -6.690272, 31.284369911000056 ], [ -6.69009773099998, 31.284188018000066 ], [ -6.689928649999956, 31.284002583000074 ], [ -6.689764856999943, 31.283813714000075 ], [ -6.689606444999981, 31.283621520000054 ], [ -6.689453508999975, 31.283426114000065 ], [ -6.689306135999971, 31.28322761000004 ], [ -6.689164412999958, 31.28302612300007 ], [ -6.689028421999978, 31.282821771000044 ], [ -6.688898242999926, 31.282614672000079 ], [ -6.688773950999973, 31.282404948000078 ], [ -6.688655618999974, 31.282192721000058 ], [ -6.688543314999947, 31.281978114000026 ], [ -6.68843710699997, 31.281761251000034 ], [ -6.688392997999927, 31.281106272000045 ], [ -6.688354877999927, 31.28045101400005 ], [ -6.688322747999962, 31.279795516000036 ], [ -6.688296608999963, 31.279139819000079 ], [ -6.687202664999973, 31.279727358000059 ], [ -6.680126864999977, 31.28376931300005 ], [ -6.680060611999977, 31.28386447400004 ], [ -6.679988545999947, 31.283956498000066 ], [ -6.679910868999968, 31.284045124000045 ], [ -6.679827799999941, 31.284130105000031 ], [ -6.67973957199996, 31.284211199000026 ], [ -6.679646434999938, 31.284288179000043 ], [ -6.679548650999948, 31.284360828000047 ], [ -6.679446493999933, 31.284428943000023 ], [ -6.679340252999964, 31.284492329000045 ], [ -6.679230226999948, 31.284550810000042 ], [ -6.679116725999961, 31.284604220000062 ], [ -6.679000068999926, 31.284652409000046 ], [ -6.678880584999945, 31.284695241000065 ], [ -6.678758610999978, 31.284732596000026 ], [ -6.678634488999933, 31.284764369000072 ], [ -6.678508569999963, 31.284790470000075 ], [ -6.678381207999962, 31.284810826000069 ], [ -6.678252760999953, 31.28482537800005 ], [ -6.678123591999963, 31.284834087000036 ], [ -6.67799406499995, 31.284836928000061 ], [ -6.677864542999941, 31.284833893000041 ], [ -6.677735392999978, 31.284824989000072 ], [ -6.677606975999936, 31.284810243000038 ], [ -6.677479655999946, 31.284789697000065 ], [ -6.677353790999973, 31.284763406000025 ], [ -6.677229734999969, 31.28473144700007 ], [ -6.677107836999937, 31.284693908000065 ], [ -6.676988441999981, 31.284650896000073 ], [ -6.676734288999967, 31.284699458000034 ], [ -6.676481570999954, 31.284753214000034 ], [ -6.676230433999933, 31.284812130000034 ], [ -6.675981020999927, 31.284876174000033 ], [ -6.675733476999937, 31.284945309000079 ], [ -6.675487942999951, 31.285019495000029 ], [ -6.675244559999953, 31.285098690000041 ], [ -6.674730470999975, 31.28518030400005 ], [ -6.67421530799993, 31.285256810000078 ], [ -6.67369913999994, 31.285328198000059 ], [ -6.673182036999947, 31.285394459000031 ], [ -6.67266406799996, 31.285455582000054 ], [ -6.672145302999979, 31.285511559000042 ], [ -6.671625812999935, 31.285562384000059 ], [ -6.67110566599996, 31.285608050000064 ], [ -6.670584934999965, 31.285648550000076 ], [ -6.670457019999958, 31.285597012000039 ], [ -6.670326447999969, 31.285550593000039 ], [ -6.670193500999972, 31.28550939400003 ], [ -6.670058462999975, 31.285473502000059 ], [ -6.669921623999926, 31.285442995000039 ], [ -6.669783277999954, 31.285417938000023 ], [ -6.669643721999932, 31.285398385000065 ], [ -6.669503256999974, 31.28538437900005 ], [ -6.669362182999976, 31.28537594900007 ], [ -6.669220802999973, 31.285373112000059 ], [ -6.669079420999935, 31.285375876000046 ], [ -6.668938340999944, 31.285384235000038 ], [ -6.668797865999977, 31.285398170000065 ], [ -6.668658296999979, 31.285417652000035 ], [ -6.668276585999934, 31.285391249000043 ], [ -6.667865164999967, 31.285455929000079 ], [ -6.667387670999972, 31.285364831000038 ], [ -6.667018002999953, 31.285351095000067 ], [ -6.666521346999957, 31.285203525000043 ], [ -6.666163648999941, 31.284978927000054 ], [ -6.666092169999956, 31.284919574000071 ], [ -6.666016140999943, 31.284864506000076 ], [ -6.665935909999973, 31.284813978000045 ], [ -6.665851849999967, 31.284768222000025 ], [ -6.665764346999936, 31.284727451000037 ], [ -6.665673806999962, 31.284691852000037 ], [ -6.665580645999967, 31.284661591000031 ], [ -6.665485295999929, 31.284636807000027 ], [ -6.665388195999981, 31.284617613000023 ], [ -6.665289795999968, 31.284604099000035 ], [ -6.665190548999931, 31.284596327000031 ], [ -6.665096827999946, 31.284530845000063 ], [ -6.664999148999925, 31.284469732000048 ], [ -6.664897791999977, 31.284413163000067 ], [ -6.664793043999964, 31.284361300000057 ], [ -6.664685205999945, 31.284314290000054 ], [ -6.664574584999968, 31.284272269000041 ], [ -6.664461495999944, 31.284235355000078 ], [ -6.664346261999981, 31.284203654000066 ], [ -6.664229210999963, 31.284177256000078 ], [ -6.664110678999975, 31.284156238000037 ], [ -6.663991001999932, 31.284140657000023 ], [ -6.663870521999968, 31.284130560000051 ], [ -6.663749583999959, 31.284125975000052 ], [ -6.663628531999962, 31.284126916000048 ], [ -6.663125197999932, 31.284088134000058 ], [ -6.662662791999935, 31.283913047000055 ], [ -6.662558255999954, 31.283925169000042 ], [ -6.662453006999954, 31.283931296000048 ], [ -6.662347513999975, 31.283931402000064 ], [ -6.662242247999927, 31.283925486000044 ], [ -6.662137678999954, 31.283913575000042 ], [ -6.662034274999939, 31.283895721000079 ], [ -6.661932496999952, 31.283872006000024 ], [ -6.661832799999956, 31.28384253300004 ], [ -6.661735627999974, 31.283807436000075 ], [ -6.661641416999942, 31.283766871000068 ], [ -6.661550586999965, 31.283721019000041 ], [ -6.661463541999979, 31.28367008400005 ], [ -6.661325014999932, 31.283670972000039 ], [ -6.661186596999926, 31.283666185000072 ], [ -6.661048605999952, 31.283655733000046 ], [ -6.660911359999943, 31.283639640000047 ], [ -6.660775174999969, 31.283617943000024 ], [ -6.66064036299997, 31.283590693000065 ], [ -6.660507233999965, 31.283557952000024 ], [ -6.660376094999947, 31.283519794000028 ], [ -6.660247246999973, 31.283476309000037 ], [ -6.660120985999981, 31.283427595000035 ], [ -6.659997602999965, 31.283373765000078 ], [ -6.659877379999955, 31.283314942000061 ], [ -6.659760594999966, 31.283251262000078 ], [ -6.659600121999972, 31.283275120000042 ], [ -6.659438679999937, 31.283293593000053 ], [ -6.659276515999977, 31.283306654000057 ], [ -6.659113877999971, 31.283314282000049 ], [ -6.658951014999957, 31.283316467000077 ], [ -6.658788176999963, 31.28331320500007 ], [ -6.65862561299997, 31.283304500000042 ], [ -6.65846357199996, 31.283290366000074 ], [ -6.658302301999981, 31.283270825000045 ], [ -6.65814205099997, 31.283245906000047 ], [ -6.657983062999961, 31.283215648000066 ], [ -6.65782558199993, 31.28318009700007 ], [ -6.657669848999944, 31.283139308000045 ], [ -6.657561328999975, 31.283176464000064 ], [ -6.657450690999951, 31.283208734000027 ], [ -6.657338233999951, 31.283236029000079 ], [ -6.657224264999968, 31.283258276000026 ], [ -6.657109092999974, 31.283275413000069 ], [ -6.656993031999946, 31.283287395000059 ], [ -6.656876398999941, 31.28329418800007 ], [ -6.656759508999926, 31.283295775000056 ], [ -6.656642681999926, 31.283292150000079 ], [ -6.656526234999944, 31.283283324000024 ], [ -6.656410483999935, 31.283269321000034 ], [ -6.656295745999955, 31.28325017800006 ], [ -6.656216101999973, 31.283252015000073 ], [ -6.656136918999948, 31.283259546000068 ], [ -6.656058751999979, 31.283272719000024 ], [ -6.655982150999932, 31.283291441000074 ], [ -6.655907652999929, 31.283315580000078 ], [ -6.65583578299993, 31.283344967000062 ], [ -6.655767045999937, 31.283379395000054 ], [ -6.65570192499996, 31.283418622000056 ], [ -6.655640876999939, 31.283462373000077 ], [ -6.655584330999943, 31.283510340000078 ], [ -6.655532685999958, 31.28356218600004 ], [ -6.655486302999975, 31.283617547000063 ], [ -6.655445507999957, 31.283676033000063 ], [ -6.655102187999944, 31.283733735000055 ], [ -6.654799751999974, 31.283532915000023 ], [ -6.654340262999938, 31.283561880000036 ], [ -6.653901970999925, 31.283512335000069 ], [ -6.653540545999931, 31.283468291000077 ], [ -6.653399604999947, 31.283531785000037 ], [ -6.653255961999946, 31.283590691000029 ], [ -6.65310982099993, 31.283644924000043 ], [ -6.652961389999973, 31.283694406000052 ], [ -6.652810879999947, 31.283739068000045 ], [ -6.652658505999966, 31.283778846000075 ], [ -6.652504484999952, 31.283813684000052 ], [ -6.652349035999976, 31.283843531000059 ], [ -6.652192378999928, 31.283868346000077 ], [ -6.65203473899993, 31.283888092000041 ], [ -6.651876339999944, 31.283902743000056 ], [ -6.651326065999967, 31.28403393800005 ], [ -6.650986264999972, 31.284261609000055 ], [ -6.650903515999971, 31.284356213000024 ], [ -6.650815492999925, 31.284447274000058 ], [ -6.650722402999975, 31.284534576000055 ], [ -6.650624463999975, 31.284617914000023 ], [ -6.650521907999973, 31.284697093000034 ], [ -6.650414975999979, 31.28477192400004 ], [ -6.650303920999932, 31.284842231000027 ], [ -6.650189003999969, 31.284907850000025 ], [ -6.650070495999955, 31.284968626000079 ], [ -6.649948675999951, 31.285024414000077 ], [ -6.649823831999981, 31.285075085000074 ], [ -6.64969625699996, 31.285120518000042 ], [ -6.649566251999943, 31.285160606000034 ], [ -6.649434123999981, 31.28519525400003 ], [ -6.649300183999969, 31.28522438300007 ], [ -6.649164747999976, 31.285247920000074 ], [ -6.648774616999958, 31.28533496700004 ], [ -6.648386087999938, 31.285427098000071 ], [ -6.647999252999966, 31.285524293000037 ], [ -6.647614200999953, 31.285626529000069 ], [ -6.64738783599995, 31.285719024000059 ], [ -6.647164106999981, 31.285816086000068 ], [ -6.646943138999973, 31.285917663000077 ], [ -6.64672505599998, 31.286023696000029 ], [ -6.646509981999941, 31.286134126000036 ], [ -6.646127075999971, 31.286242367000057 ], [ -6.645746241999973, 31.286355821000029 ], [ -6.645367576999945, 31.286474459000033 ], [ -6.644991177999941, 31.286598250000054 ], [ -6.644934766999938, 31.28676953400003 ], [ -6.644884708999939, 31.286942252000074 ], [ -6.644841053999926, 31.287116234000052 ], [ -6.644803843999966, 31.287291306000043 ], [ -6.644773115999953, 31.287467294000066 ], [ -6.644748901999947, 31.287644022000052 ], [ -6.644470198999954, 31.287808557000062 ], [ -6.644129723999981, 31.287861924000026 ], [ -6.643478441999946, 31.287951867000061 ], [ -6.643084920999968, 31.287930394000057 ], [ -6.642556618999947, 31.288075809000077 ], [ -6.642253431999961, 31.288194174000068 ], [ -6.641977029999964, 31.288353735000044 ], [ -6.64111322499997, 31.288399492000053 ], [ -6.640881186999934, 31.288563769000064 ], [ -6.640722729999936, 31.288882313000045 ], [ -6.640447764999976, 31.288979393000034 ], [ -6.640016125999978, 31.289120512000068 ], [ -6.639579392999963, 31.289409195000076 ], [ -6.639378030999978, 31.289420288000031 ], [ -6.639177257999961, 31.289437500000076 ], [ -6.638977328999943, 31.289460809000047 ], [ -6.638778497999965, 31.289490186000023 ], [ -6.638581016999979, 31.289525593000064 ], [ -6.638385135999954, 31.289566985000079 ], [ -6.638071559999958, 31.289435443000059 ], [ -6.637736894999932, 31.289328468000065 ], [ -6.637412415999961, 31.289524245000052 ], [ -6.63730439699998, 31.289495579000061 ], [ -6.637300163999953, 31.289494456000057 ], [ -6.63726691599993, 31.289487253000061 ], [ -6.637195202999976, 31.289471718000073 ], [ -6.637186227999962, 31.289469774000054 ], [ -6.637132274999942, 31.289460645000077 ], [ -6.637078802999952, 31.289451598000028 ], [ -6.637070926999968, 31.289450266000074 ], [ -6.637015241999961, 31.289443432000041 ], [ -6.636961333999977, 31.289436817000023 ], [ -6.636954579999951, 31.289435988000037 ], [ -6.636896932999946, 31.289431551000064 ], [ -6.636843143999954, 31.289427411000077 ], [ -6.636837513999978, 31.289426978000051 ], [ -6.636777798999958, 31.289425089000076 ], [ -6.636724527999945, 31.289423404000047 ], [ -6.636720054999955, 31.28942326300006 ], [ -6.636657800999956, 31.289424105000023 ], [ -6.636605859999975, 31.289424807000046 ], [ -6.636602529999948, 31.289424852000025 ], [ -6.636536345999957, 31.289428740000062 ], [ -6.636487461999934, 31.289431612000044 ], [ -6.636485266999955, 31.289431741000044 ], [ -6.636410742999942, 31.289439514000037 ], [ -6.636369679999973, 31.289443798000036 ], [ -6.636368592999929, 31.289443911000035 ], [ -6.636252833999947, 31.289461328000073 ], [ -6.63586136899994, 31.289431001000025 ], [ -6.635501042999977, 31.289502133000042 ], [ -6.635138773999927, 31.289367012000071 ], [ -6.634755165999934, 31.289286271000037 ], [ -6.634435427999961, 31.28905635600006 ], [ -6.633932701999981, 31.288856227000053 ], [ -6.633780574999946, 31.288888978000045 ], [ -6.633626921999962, 31.288916030000053 ], [ -6.633472035999944, 31.288937334000025 ], [ -6.633316209999975, 31.288952848000065 ], [ -6.633159741999975, 31.288962544000071 ], [ -6.63300292699995, 31.288966402000028 ], [ -6.632846064999967, 31.288964417000045 ], [ -6.632689451999966, 31.288956590000055 ], [ -6.632533387999956, 31.288942938000048 ], [ -6.632378168999935, 31.288923485000055 ], [ -6.632224088999976, 31.288898270000061 ], [ -6.632071441999926, 31.288867339000035 ], [ -6.631886470999973, 31.288810883000053 ], [ -6.631703886999958, 31.28874901000006 ], [ -6.631523907999963, 31.288681796000049 ], [ -6.631346746999952, 31.288609320000035 ], [ -6.631172615999958, 31.288531667000029 ], [ -6.631001719999972, 31.288448930000072 ], [ -6.63083426399993, 31.288361209000072 ], [ -6.630670445999954, 31.288268606000031 ], [ -6.630510459999925, 31.288171231000035 ], [ -6.630354497999974, 31.288069202000031 ], [ -6.630202744999963, 31.287962638000067 ], [ -6.630055380999977, 31.287851667000041 ], [ -6.629912580999928, 31.287736421000034 ], [ -6.629774514999951, 31.287617036000029 ], [ -6.629641345999971, 31.287493654000059 ], [ -6.629513233999944, 31.287366422000048 ], [ -6.629390330999968, 31.287235492000036 ], [ -6.629272782999976, 31.287101019000033 ], [ -6.629160728999977, 31.286963162000063 ], [ -6.629054302999975, 31.28682208500004 ], [ -6.628953631999934, 31.286677958000041 ], [ -6.628858832999981, 31.286530949000053 ], [ -6.628770021999969, 31.286381235000079 ], [ -6.628743131999954, 31.286232143000063 ], [ -6.628709733999926, 31.286084016000075 ], [ -6.628669874999957, 31.285937059000048 ], [ -6.628623609999977, 31.285791479000068 ], [ -6.628571004999969, 31.28564748000008 ], [ -6.628512132999958, 31.285505264000051 ], [ -6.628447076999976, 31.285365029000047 ], [ -6.628375927999969, 31.285226972000032 ], [ -6.628298783999981, 31.285091285000078 ], [ -6.628215754999928, 31.284958161000077 ], [ -6.628126956999949, 31.284827783000026 ], [ -6.628032513999926, 31.284700336000071 ], [ -6.627932556999951, 31.284575997000047 ], [ -6.627827226999955, 31.284454940000046 ], [ -6.627716671999963, 31.284337336000078 ], [ -6.627601046999928, 31.284223348000069 ], [ -6.627480511999977, 31.284113137000077 ], [ -6.627355236999961, 31.284006856000076 ], [ -6.62722539799995, 31.283904655000072 ], [ -6.627091174999975, 31.28380667600004 ], [ -6.626952757999959, 31.283713057000057 ], [ -6.626810338999974, 31.283623928000054 ], [ -6.626664117999951, 31.283539416000053 ], [ -6.626388525999971, 31.283399809000059 ], [ -6.626116560999947, 31.283255100000076 ], [ -6.625848351999934, 31.283105359000047 ], [ -6.625584024999966, 31.282950657000072 ], [ -6.625323707999939, 31.282791066000073 ], [ -6.625067523999974, 31.282626664000077 ], [ -6.624815593999926, 31.282457527000076 ], [ -6.62456803799995, 31.282283737000057 ], [ -6.624324973999933, 31.282105376000061 ], [ -6.624086516999967, 31.281922529000042 ], [ -6.623852781999972, 31.281735282000056 ], [ -6.623623876999943, 31.281543724000073 ], [ -6.623399913999947, 31.281347947000029 ], [ -6.623180996999963, 31.281148044000076 ], [ -6.622547947999976, 31.28126314900004 ], [ -6.621913555999981, 31.281372719000046 ], [ -6.621277885999973, 31.281476741000063 ], [ -6.620641005999971, 31.28157520600007 ], [ -6.620002980999971, 31.281668103000072 ], [ -6.619363878999934, 31.281755421000071 ], [ -6.61872376599996, 31.281837153000026 ], [ -6.618082708999964, 31.281913289000045 ], [ -6.617440773999931, 31.281983822000029 ], [ -6.616798029999927, 31.282048744000065 ], [ -6.616154542999936, 31.282108049000044 ], [ -6.615510380999979, 31.282161730000041 ], [ -6.614865609999981, 31.282209782000052 ], [ -6.614220297999964, 31.282252199000027 ], [ -6.613574511999957, 31.282288978000054 ], [ -6.61292832099997, 31.282320114000072 ], [ -6.61228179099993, 31.282345604000056 ], [ -6.611634988999981, 31.282365446000028 ], [ -6.610987984999952, 31.282379637000076 ], [ -6.607875992999936, 31.282240115000036 ], [ -6.608611863999954, 31.281027480000034 ], [ -6.608149810999976, 31.280028056000049 ], [ -6.603884265999966, 31.279996820000065 ], [ -6.597266150999928, 31.279933383000071 ], [ -6.59517376499997, 31.279885869000054 ], [ -6.592743441999971, 31.279830594000032 ], [ -6.589186577999953, 31.279749696000067 ], [ -6.588753613999927, 31.279886356000077 ], [ -6.588336699999957, 31.279870144000029 ], [ -6.587979282999981, 31.279811015000064 ], [ -6.587522032999971, 31.279817276000074 ], [ -6.587218269999937, 31.280059433000076 ], [ -6.586776081999972, 31.280149644000062 ], [ -6.586398198999973, 31.279912957000079 ], [ -6.585991695999951, 31.27987039900006 ], [ -6.585713832999943, 31.279734718000043 ], [ -6.58540144899996, 31.279981733000056 ], [ -6.582815989999972, 31.278338586000075 ], [ -6.582619579999971, 31.277980229000036 ], [ -6.58262088999993, 31.27765871500003 ], [ -6.582663024999931, 31.277272682000046 ], [ -6.582560351999973, 31.276755044000026 ], [ -6.582443643999966, 31.276383984000063 ], [ -6.582387175999941, 31.276052295000056 ], [ -6.582541377999974, 31.275790734000054 ], [ -6.582747903999973, 31.275600832000066 ], [ -6.582947478999927, 31.275409804000049 ], [ -6.583175947999962, 31.275145726000062 ], [ -6.583224080999969, 31.274845829000071 ], [ -6.583179190999942, 31.274549818000025 ], [ -6.583038354999928, 31.274192112000037 ], [ -6.583027231999949, 31.273744266000051 ], [ -6.583145873999968, 31.273393876000057 ], [ -6.583072451999954, 31.273145563000071 ], [ -6.582972655999981, 31.272866116000046 ], [ -6.582837387999973, 31.272571310000046 ], [ -6.582559817999936, 31.272231280000028 ], [ -6.582212284999969, 31.271847671000046 ], [ -6.582191258999956, 31.271518610000044 ], [ -6.58195305199996, 31.270772899000065 ], [ -6.580152339999927, 31.27102000800005 ], [ -6.580101270999933, 31.269869371000027 ], [ -6.579696361999936, 31.26967300900003 ], [ -6.579294594999965, 31.269471987000031 ], [ -6.578896042999929, 31.269266342000037 ], [ -6.578500777999977, 31.269056113000033 ], [ -6.578108872999962, 31.268841336000037 ], [ -6.577720398999929, 31.268622053000058 ], [ -6.577335427999969, 31.268398302000037 ], [ -6.576954028999978, 31.268170124000051 ], [ -6.576756304999947, 31.268078810000077 ], [ -6.576555436999968, 31.267992656000047 ], [ -6.576351607999925, 31.267911741000034 ], [ -6.576145005999933, 31.267836138000064 ], [ -6.575935819999927, 31.267765919000055 ], [ -6.575724241999978, 31.267701147000025 ], [ -6.575510465999969, 31.267641881000031 ], [ -6.575294687999929, 31.26758817700005 ], [ -6.57507710699997, 31.267540082000039 ], [ -6.574857920999932, 31.267497641000034 ], [ -6.574637332999941, 31.267460894000067 ], [ -6.57441554299993, 31.267429873000026 ], [ -6.574192755999945, 31.267404608000049 ], [ -6.573969175999935, 31.267385121000075 ], [ -6.573745008999936, 31.267371431000072 ], [ -6.573520458999951, 31.267363550000027 ], [ -6.573295732999952, 31.267361485000038 ], [ -6.573071035999931, 31.267365238000025 ], [ -6.572846575999961, 31.267374805000031 ], [ -6.57266649099995, 31.267469290000065 ], [ -6.572483159999933, 31.267559100000028 ], [ -6.572296750999953, 31.267644153000049 ], [ -6.572107430999949, 31.267724372000032 ], [ -6.571915371999978, 31.267799684000067 ], [ -6.571720748999951, 31.267870022000068 ], [ -6.571523737999939, 31.267935322000028 ], [ -6.571324515999947, 31.267995524000071 ], [ -6.571123265999972, 31.268050575000075 ], [ -6.57092016799993, 31.268100423000078 ], [ -6.570715406999966, 31.268145024000034 ], [ -6.570509167999944, 31.268184338000026 ], [ -6.570301637999933, 31.268218329000035 ], [ -6.570093005999979, 31.268246966000049 ], [ -6.569883459999971, 31.268270224000048 ], [ -6.567810220999945, 31.268821414000058 ], [ -6.567429509999954, 31.268922627000052 ], [ -6.566981117999944, 31.269032933000062 ], [ -6.566530956999941, 31.269137844000056 ], [ -6.566079115999969, 31.269237339000028 ], [ -6.56562568399994, 31.26933139700003 ], [ -6.565170750999926, 31.269420001000071 ], [ -6.56471440599995, 31.269503132000068 ], [ -6.564256739999962, 31.269580775000065 ], [ -6.563797841999929, 31.269652914000062 ], [ -6.563337804999946, 31.269719535000036 ], [ -6.562876716999938, 31.269780625000067 ], [ -6.562414670999942, 31.269836171000065 ], [ -6.561951756999974, 31.269886163000024 ], [ -6.561488066999971, 31.269930591000048 ], [ -6.561023692999981, 31.269969446000061 ], [ -6.560558725999954, 31.270002721000026 ], [ -6.560093256999949, 31.270030408000025 ], [ -6.559627379999938, 31.270052503000045 ], [ -6.559161184999937, 31.270069001000024 ], [ -6.558694764999927, 31.270079899000052 ], [ -6.557297669999969, 31.270223395000073 ], [ -6.55589998499994, 31.270362633000047 ], [ -6.554501728999981, 31.270497612000042 ], [ -6.553102918999969, 31.270628329000033 ], [ -6.551703571999951, 31.270754783000029 ], [ -6.551123651999944, 31.270915206000041 ], [ -6.550541604999978, 31.271069895000039 ], [ -6.549957506999931, 31.271218830000066 ], [ -6.549371435999944, 31.271361991000049 ], [ -6.548783469999933, 31.271499359000074 ], [ -6.548193687999969, 31.27163091500006 ], [ -6.547602167999969, 31.27175664300006 ], [ -6.547008988999949, 31.271876524000049 ], [ -6.546414229999925, 31.271990544000062 ], [ -6.545817970999963, 31.272098687000039 ], [ -6.545220290999964, 31.272200939000072 ], [ -6.544621269999936, 31.272297286000025 ], [ -6.544020985999964, 31.272387715000036 ], [ -6.543419520999976, 31.27247221500005 ], [ -6.542816954999978, 31.272550774000024 ], [ -6.542213367999977, 31.272623381000074 ], [ -6.54160884099997, 31.272690027000067 ], [ -6.536252735999938, 31.275539220000041 ], [ -6.528197316999979, 31.278419303000078 ], [ -6.523564054999952, 31.281396545000064 ], [ -6.522685950999971, 31.281960767000044 ], [ -6.521790189999933, 31.282026640000026 ], [ -6.520584173999964, 31.282115298000065 ], [ -6.519724094999958, 31.282167775000062 ], [ -6.519148001999952, 31.28214917400004 ], [ -6.518686564999939, 31.282105136000041 ], [ -6.518308669999954, 31.282047193000039 ], [ -6.517956092999952, 31.281975170000067 ], [ -6.517452534999961, 31.281842579000056 ], [ -6.517168793999929, 31.28175131200004 ], [ -6.516641, 31.281704004000062 ], [ -6.516282588999957, 31.281689060000076 ], [ -6.515923907999934, 31.281680028000039 ], [ -6.515565088999949, 31.281676913000069 ], [ -6.51520626699994, 31.281679715000053 ], [ -6.514847574999976, 31.281688434000046 ], [ -6.51448914599996, 31.281703066000034 ], [ -6.514131114999941, 31.281723605000025 ], [ -6.513773613999945, 31.281750045000024 ], [ -6.513416775999929, 31.281782374000045 ], [ -6.513060734999954, 31.281820582000023 ], [ -6.512706704999971, 31.281800351000072 ], [ -6.512352583999927, 31.28178125900007 ], [ -6.511954100999958, 31.281761179000057 ], [ -6.511334071999954, 31.281732692000048 ], [ -6.510935366999945, 31.28171614200005 ], [ -6.510447959999965, 31.281697969000049 ], [ -6.510049093999953, 31.281684571000028 ], [ -6.509694498999977, 31.281673924000074 ], [ -6.509339851999925, 31.281664411000065 ], [ -6.508985166999935, 31.281656012000042 ], [ -6.508631975999947, 31.281648758000074 ], [ -6.508238178999932, 31.281642074000047 ], [ -6.507704394999962, 31.281628711000053 ], [ -6.507332031999965, 31.281600146000073 ], [ -6.507000649999952, 31.281575491000069 ], [ -6.506689319999964, 31.28155286100008 ], [ -6.506377914999973, 31.281530911000061 ], [ -6.50596184099993, 31.281502464000027 ], [ -6.505547284999977, 31.281475219000072 ], [ -6.505227231999925, 31.281454863000079 ], [ -6.504902858999969, 31.281434949000072 ], [ -6.504470289999972, 31.281409334000045 ], [ -6.504037640999968, 31.281384900000035 ], [ -6.503604897999935, 31.281361591000064 ], [ -6.503280293999978, 31.281344832000059 ], [ -6.502955640999971, 31.281328788000053 ], [ -6.502630952999937, 31.281313332000025 ], [ -6.502306203999979, 31.281298556000024 ], [ -6.501873151999973, 31.281279864000055 ], [ -6.501440267999953, 31.281262311000035 ], [ -6.501029682999956, 31.28124669400006 ], [ -6.500592506999965, 31.281231294000065 ], [ -6.499811283999975, 31.281050809000078 ], [ -6.499225131999935, 31.28088778800003 ], [ -6.498677963999967, 31.280740582000078 ], [ -6.498325571999942, 31.280647688000045 ], [ -6.498011906999977, 31.280566364000038 ], [ -6.497697860999949, 31.280486178000046 ], [ -6.497387714999945, 31.280408169000054 ], [ -6.497082051999939, 31.280332465000072 ], [ -6.496777647999977, 31.280258223000033 ], [ -6.496358505999979, 31.280157890000055 ], [ -6.49595039999997, 31.280062175000069 ], [ -6.495627456999955, 31.279987869000024 ], [ -6.495310614999937, 31.279916226000068 ], [ -6.495008341999949, 31.279848986000047 ], [ -6.494577504999938, 31.279755138000041 ], [ -6.494112228999938, 31.279656163000027 ], [ -6.493769855999972, 31.279584965000026 ], [ -6.493462503999979, 31.279522277000069 ], [ -6.493116338999926, 31.279453088000025 ], [ -6.49276415199995, 31.279383978000055 ], [ -6.492404392999958, 31.279315085000064 ], [ -6.492044294999971, 31.279247471000076 ], [ -6.491683801999955, 31.279181459000029 ], [ -6.49124274299993, 31.279102590000036 ], [ -6.490921637999975, 31.279046637000079 ], [ -6.490474344999939, 31.278970783000034 ], [ -6.49005217399997, 31.278901138000037 ], [ -6.489626915999963, 31.27883320400008 ], [ -6.489286763999928, 31.278780247000043 ], [ -6.48886149599997, 31.278716072000066 ], [ -6.488454600999944, 31.278656451000074 ], [ -6.488149993999969, 31.278613105000034 ], [ -6.487838322999949, 31.278569843000071 ], [ -6.486944637999954, 31.278452254000058 ], [ -6.486378720999937, 31.278381956000032 ], [ -6.485812185999976, 31.27831539400006 ], [ -6.48541699499998, 31.278126458000031 ], [ -6.48502422699994, 31.277933864000033 ], [ -6.484633930999962, 31.27773763600004 ], [ -6.484330274999934, 31.277581417000079 ], [ -6.483840075999979, 31.277323022000076 ], [ -6.483428483999944, 31.277099973000077 ], [ -6.483106336999981, 31.276921360000074 ], [ -6.482810707999931, 31.276754188000041 ], [ -6.482541135999952, 31.276599110000063 ], [ -6.482273066999937, 31.276442129000031 ], [ -6.48198220699993, 31.276268898000069 ], [ -6.481625847999965, 31.276052237000044 ], [ -6.481247118999931, 31.275816809000048 ], [ -6.480737386999976, 31.275490056000024 ], [ -6.480555230999926, 31.275370882000061 ], [ -6.480376543999967, 31.275247931000024 ], [ -6.48020143399998, 31.27512127600005 ], [ -6.480030004999946, 31.274990996000042 ], [ -6.47986235999997, 31.274857165000071 ], [ -6.47969859899996, 31.274719866000055 ], [ -6.479420815999958, 31.274432232000038 ], [ -6.479138837999926, 31.274154524000039 ], [ -6.478850421999937, 31.273881901000038 ], [ -6.47860213499996, 31.273657793000041 ], [ -6.478306805999978, 31.273401075000038 ], [ -6.478080014999932, 31.273211668000044 ], [ -6.477807411999947, 31.272992543000043 ], [ -6.477463009999951, 31.272727080000038 ], [ -6.477108838999925, 31.272467372000051 ], [ -6.476850285999944, 31.272285489000069 ], [ -6.476587980999966, 31.272107574000074 ], [ -6.476322004999929, 31.271933685000079 ], [ -6.476052444999937, 31.27176387600008 ], [ -6.475767959999928, 31.271591319000038 ], [ -6.475479807999932, 31.271423263000031 ], [ -6.475188088999971, 31.271259766000071 ], [ -6.474892899999929, 31.271100883000031 ], [ -6.474611787999947, 31.270955513000047 ], [ -6.474327754999933, 31.270814353000048 ], [ -6.474040885999955, 31.270677446000036 ], [ -6.473751268999933, 31.270544832000041 ], [ -6.473478215999933, 31.270424588000026 ], [ -6.473202904999937, 31.270308164000028 ], [ -6.472925411999938, 31.270195590000071 ], [ -6.472645808999971, 31.270086896000066 ], [ -6.472364170999981, 31.269982111000047 ], [ -6.47174132799995, 31.269766863000029 ], [ -6.471318891999942, 31.269552340000075 ], [ -6.470893047999937, 31.269342798000025 ], [ -6.47046387599994, 31.269138276000035 ], [ -6.470031455999958, 31.268938813000034 ], [ -6.469595871999957, 31.268744446000028 ], [ -6.469157203999941, 31.268555212000024 ], [ -6.46871553699998, 31.268371147000039 ], [ -6.468270951999955, 31.268192285000055 ], [ -6.467823533999933, 31.268018661000042 ], [ -6.467373367999926, 31.26785030800005 ], [ -6.466920537999954, 31.267687256000045 ], [ -6.46646512999996, 31.26752953700003 ], [ -6.466007229999946, 31.267377181000029 ], [ -6.465546923999966, 31.267230217000076 ], [ -6.465084299999944, 31.267088671000067 ], [ -6.464619443999936, 31.266952572000037 ], [ -6.464152443999978, 31.266821944000071 ], [ -6.463683388999925, 31.266696812000077 ], [ -6.463212365999937, 31.266577201000075 ], [ -6.46273946599996, 31.266463132000069 ], [ -6.462264776999973, 31.266354627000055 ], [ -6.461788387999945, 31.266251707000038 ], [ -6.461310390999927, 31.266154391000043 ], [ -6.460830873999953, 31.266062698000042 ], [ -6.460447378999959, 31.265961544000049 ], [ -6.459909811999978, 31.265821854000023 ], [ -6.459370499999977, 31.265687171000025 ], [ -6.458829504999926, 31.265557511000054 ], [ -6.458286890999943, 31.265432889000067 ], [ -6.457742723999957, 31.265313321000065 ], [ -6.457145185999934, 31.265188142000056 ], [ -6.456545977999951, 31.265068936000034 ], [ -6.455945182999926, 31.264955717000078 ], [ -6.455342881999968, 31.264848503000053 ], [ -6.454739157999938, 31.264747306000061 ], [ -6.454134092999936, 31.264652142000045 ], [ -6.453527768999948, 31.26456302400004 ], [ -6.452920268999947, 31.264479962000053 ], [ -6.452311675999965, 31.264402969000059 ], [ -6.451702072999979, 31.264332056000057 ], [ -6.451091541999972, 31.264267231000076 ], [ -6.450480167999956, 31.264208505000056 ], [ -6.449868032999973, 31.264155884000047 ], [ -6.44925522099993, 31.264109376000079 ], [ -6.448641815999963, 31.264068986000041 ], [ -6.448142408999956, 31.263975241000026 ], [ -6.447641547999979, 31.263887345000057 ], [ -6.447139326999945, 31.26380531500007 ], [ -6.446635839999942, 31.263729167000065 ], [ -6.446131181999931, 31.263658914000075 ], [ -6.445625445999951, 31.263594571000056 ], [ -6.445118726999965, 31.263536148000071 ], [ -6.44461112099998, 31.263483657000052 ], [ -6.444102721999968, 31.263437108000062 ], [ -6.443593625999938, 31.263396509000074 ], [ -6.443083926999975, 31.263361868000061 ], [ -6.442573720999974, 31.263333192000061 ], [ -6.442063104999932, 31.263310486000023 ], [ -6.441552171999945, 31.263293754000074 ], [ -6.441041019999943, 31.263282999000069 ], [ -6.440529742999956, 31.263278224000032 ], [ -6.440018437999981, 31.263279429000079 ], [ -6.439502490999928, 31.263286711000035 ], [ -6.438986710999927, 31.263300083000047 ], [ -6.438471196999956, 31.263319542000033 ], [ -6.437956045999954, 31.263345085000026 ], [ -6.437441356999955, 31.263376708000067 ], [ -6.436927227999945, 31.26341440300007 ], [ -6.436413756999968, 31.263458163000053 ], [ -6.43577524899996, 31.263373277000028 ], [ -6.43513570999994, 31.263294271000063 ], [ -6.434495211999945, 31.263221153000075 ], [ -6.433853830999965, 31.26315393200008 ], [ -6.433211640999957, 31.263092616000051 ], [ -6.432568715999935, 31.263037212000029 ], [ -6.431925130999957, 31.262987726000063 ], [ -6.431280958999935, 31.262944165000079 ], [ -6.430636276999962, 31.262906532000045 ], [ -6.42999115799995, 31.262874834000058 ], [ -6.429345676999958, 31.262849072000051 ], [ -6.428699908999931, 31.262829251000028 ], [ -6.42805392899993, 31.262815372000034 ], [ -6.427407811999956, 31.262807437000049 ], [ -6.426761631999966, 31.262805448000051 ], [ -6.426115464999953, 31.262809403000063 ], [ -6.425469384999928, 31.262819304000061 ], [ -6.424823466999953, 31.262835148000079 ], [ -6.424177784999927, 31.262856934000069 ], [ -6.423532415999944, 31.262884659000065 ], [ -6.422887432999971, 31.262918321000029 ], [ -6.422242910999955, 31.262957914000026 ], [ -6.421448322999936, 31.262915167000074 ], [ -6.420653456999958, 31.262876379000033 ], [ -6.419858339999962, 31.262841553000044 ], [ -6.418897742999945, 31.262804327000026 ], [ -6.417936868999959, 31.262772779000045 ], [ -6.416975761999936, 31.262746910000033 ], [ -6.416014467999958, 31.262726723000071 ], [ -6.415053034999971, 31.262712219000036 ], [ -6.414091506999966, 31.262703397000053 ], [ -6.413129930999958, 31.262700258000052 ], [ -6.412431205999951, 31.262746914000047 ], [ -6.411872036999966, 31.262781830000051 ], [ -6.411312490999933, 31.262812010000061 ], [ -6.410752621999961, 31.262837451000053 ], [ -6.410192485999971, 31.262858152000035 ], [ -6.409632137999949, 31.262874109000052 ], [ -6.40907163199995, 31.262885321000056 ], [ -6.408511023999949, 31.262891787000058 ], [ -6.407875583999953, 31.262893449000046 ], [ -6.407240160999947, 31.262889151000024 ], [ -6.406604830999981, 31.262878896000075 ], [ -6.40596967099998, 31.262862684000027 ], [ -6.405334757999981, 31.262840517000029 ], [ -6.40470016699993, 31.262812397000062 ], [ -6.40406597499998, 31.262778329000071 ], [ -6.403432258999942, 31.262738316000025 ], [ -6.402799093999931, 31.262692363000042 ], [ -6.40216655699993, 31.262640476000058 ], [ -6.40153472399993, 31.262582660000078 ], [ -6.40090367099998, 31.262518924000062 ], [ -6.40027347399996, 31.262449273000072 ], [ -6.399644208999973, 31.262373718000049 ], [ -6.399015950999967, 31.262292266000031 ], [ -6.398138488999962, 31.262323002000073 ], [ -6.397261347999972, 31.262359813000046 ], [ -6.396384583999975, 31.262402698000074 ], [ -6.395508255999971, 31.262451654000074 ], [ -6.394632419999937, 31.262506676000044 ], [ -6.39375713499993, 31.26256776200006 ], [ -6.392882456999928, 31.262634908000052 ], [ -6.392008444999931, 31.262708110000062 ], [ -6.391135154999972, 31.262787361000051 ], [ -6.39026264499995, 31.262872658000049 ], [ -6.389390971999944, 31.262963994000074 ], [ -6.388520192999977, 31.263061364000066 ], [ -6.387650364999956, 31.263164761000041 ], [ -6.386781545999952, 31.263274178000074 ], [ -6.385913792999929, 31.263389608000068 ], [ -6.385047161999978, 31.26351104400004 ], [ -6.38418171099994, 31.263638478000075 ], [ -6.383317495999961, 31.263771900000052 ], [ -6.382454573999951, 31.263911303000043 ], [ -6.381593000999942, 31.264056677000042 ], [ -6.381082504999938, 31.264165583000079 ], [ -6.380687511999952, 31.26424718100003 ], [ -6.380291264999926, 31.264324205000037 ], [ -6.379893834999962, 31.26439663900004 ], [ -6.37949529499997, 31.264464471000053 ], [ -6.379161968999938, 31.264517894000051 ], [ -6.378684116999978, 31.264588822000064 ], [ -6.378256958999941, 31.264647076000074 ], [ -6.37786787999994, 31.264695800000027 ], [ -6.377530107999974, 31.26473459500005 ], [ -6.377113797999925, 31.264778239000066 ], [ -6.376775085999952, 31.264810355000066 ], [ -6.376344616999972, 31.264846388000024 ], [ -6.37586138599994, 31.264881323000054 ], [ -6.375351413999965, 31.264911159000064 ], [ -6.374998078999965, 31.264927964000037 ], [ -6.374592165999957, 31.264942849000079 ], [ -6.374159851999934, 31.264954185000079 ], [ -6.373851769999931, 31.264959185000066 ], [ -6.373530971999969, 31.264961607000032 ], [ -6.37310188899994, 31.264960559000031 ], [ -6.372683017999975, 31.26495492600003 ], [ -6.372214738999958, 31.264943260000052 ], [ -6.366193907999957, 31.26556165900007 ], [ -6.36017366599998, 31.266184232000057 ], [ -6.35907405699993, 31.266293757000028 ], [ -6.357975180999972, 31.266408529000046 ], [ -6.356808132999959, 31.266534480000075 ], [ -6.355641881999929, 31.266665704000047 ], [ -6.354476457999965, 31.26680219900004 ], [ -6.35331189599998, 31.266943962000028 ], [ -6.35214822699993, 31.267090988000064 ], [ -6.350985484999967, 31.26724327200003 ], [ -6.349823700999934, 31.267400811000073 ], [ -6.348662907999937, 31.267563600000074 ], [ -6.347503138999969, 31.267731634000029 ], [ -6.346344425999973, 31.267904910000027 ], [ -6.345186800999954, 31.268083422000075 ], [ -6.34403029799995, 31.268267163000075 ], [ -6.343212722999965, 31.268408621000049 ], [ -6.342396028999929, 31.268553745000077 ], [ -6.341580237999949, 31.268702533000067 ], [ -6.340765372999954, 31.268854980000071 ], [ -6.339951012999961, 31.269009547000053 ], [ -6.339137613999981, 31.269167767000056 ], [ -6.33832519799995, 31.269329636000066 ], [ -6.337513788999956, 31.269495149000079 ], [ -6.337074553999969, 31.269586416000038 ], [ -6.336711138999931, 31.26966261900003 ], [ -6.336107910999942, 31.269791123000061 ], [ -6.335505470999976, 31.269922297000051 ], [ -6.33478194199995, 31.270079739000039 ], [ -6.334440180999934, 31.270155831000068 ], [ -6.333890537999935, 31.270279581000068 ], [ -6.333425360999968, 31.27038559500005 ], [ -6.33297388099993, 31.270489664000024 ], [ -6.332522746999928, 31.270594839000069 ], [ -6.332071949999943, 31.270701052000049 ], [ -6.331621502999951, 31.270808357000078 ], [ -6.331171387999973, 31.270916740000075 ], [ -6.330707772999972, 31.271064007000064 ], [ -6.330356946999927, 31.271183306000069 ], [ -6.330005559999961, 31.271302029000026 ], [ -6.329536606999966, 31.271459463000042 ], [ -6.329069841999967, 31.27161495200005 ], [ -6.328426407999928, 31.271827324000071 ], [ -6.327782064999951, 31.272037670000032 ], [ -6.327064014999962, 31.272269382000047 ], [ -6.326334888999952, 31.272501767000051 ], [ -6.325604650999935, 31.272731584000041 ], [ -6.324873311999966, 31.272958829000061 ], [ -6.324568730999943, 31.273052637000035 ], [ -6.324176042999966, 31.27317279600004 ], [ -6.323819558999958, 31.273281216000044 ], [ -6.322824009999977, 31.27358029800007 ], [ -6.321826528999964, 31.273874636000073 ], [ -6.320827145999942, 31.274164221000035 ], [ -6.319825891999926, 31.27444904500004 ], [ -6.319081381999979, 31.274657422000075 ], [ -6.318335857999955, 31.274863132000064 ], [ -6.313916838999944, 31.275822746000074 ], [ -6.313150883999981, 31.273744188000023 ], [ -6.312746801999936, 31.273403140000028 ], [ -6.312436248999973, 31.273123302000045 ], [ -6.312027568999952, 31.272884798000064 ], [ -6.31134590399995, 31.272433628000044 ], [ -6.310905821999938, 31.272177451000061 ], [ -6.310715511999945, 31.271901544000059 ], [ -6.310504297999955, 31.271616810000069 ], [ -6.31029381299993, 31.271403681000038 ], [ -6.310042371999941, 31.271262405000073 ], [ -6.309913740999946, 31.270905488000039 ], [ -6.309785161999969, 31.270548571000063 ], [ -6.309697832999973, 31.270155575000047 ], [ -6.30948297499998, 31.269512999000028 ], [ -6.309437318999926, 31.26911969300005 ], [ -6.30926775699993, 31.268834641000069 ], [ -6.309056394999971, 31.268532047000065 ], [ -6.308845355999949, 31.268265221000036 ], [ -6.308507329999941, 31.267802498000037 ], [ -6.30821156199994, 31.267393165000044 ], [ -6.308082399999932, 31.26698258700003 ], [ -6.307913571999961, 31.266769104000048 ], [ -6.30766073999996, 31.266484717000026 ], [ -6.307346458999973, 31.266308113000036 ], [ -6.306695371999979, 31.26619486900006 ], [ -6.306242121999958, 31.266280564000056 ], [ -6.306063750999954, 31.266496631000052 ], [ -6.305500258999928, 31.266049009000028 ], [ -6.305256971999938, 31.265679523000074 ], [ -6.304839827999956, 31.26562894500006 ], [ -6.304486640999926, 31.265721049000035 ], [ -6.304153343999928, 31.265723530000059 ], [ -6.30377662199993, 31.265547386000037 ], [ -6.303564699999981, 31.265191101000028 ], [ -6.303290682999943, 31.264871051000057 ], [ -6.302808888999948, 31.264606229000037 ], [ -6.30241295299993, 31.264591277000079 ], [ -6.301955524999926, 31.264675198000077 ], [ -6.301770117999979, 31.264882363000027 ], [ -6.301245998999946, 31.26454332000003 ], [ -6.300762021999958, 31.264066717000048 ], [ -6.300510272999929, 31.263889653000035 ], [ -6.300340754999979, 31.263604608000037 ], [ -6.300212896999938, 31.263319238000065 ], [ -6.30012669499996, 31.263033600000028 ], [ -6.30003946599993, 31.26264059500005 ], [ -6.300036230999979, 31.262318507000032 ], [ -6.299907477999966, 31.261943710000025 ], [ -6.299695757999928, 31.261605315000054 ], [ -6.299567724999974, 31.261302046000026 ], [ -6.299167326999964, 31.26083978500003 ], [ -6.298893847999977, 31.260573403000024 ], [ -6.298601192999968, 31.260468218000028 ], [ -6.298223741999948, 31.260220482000079 ], [ -6.298012976999928, 31.259971549000056 ], [ -6.297613098999932, 31.259562924000079 ], [ -6.297234432999971, 31.259189966000065 ], [ -6.297003157999939, 31.258976935000078 ], [ -6.296792576999962, 31.25874589700004 ], [ -6.296581596999943, 31.258479027000078 ], [ -6.296411563999925, 31.258140321000042 ], [ -6.296158609999964, 31.257837977000065 ], [ -6.295988754999939, 31.257517159000031 ], [ -6.295777783999938, 31.257250312000053 ], [ -6.295732905999955, 31.25692855300008 ], [ -6.295728971999949, 31.256534933000069 ], [ -6.295808180999927, 31.256122787000038 ], [ -6.295930108999926, 31.255817695000076 ], [ -6.296072872999957, 31.255512467000074 ], [ -6.296048109999958, 31.25511896200004 ], [ -6.295835888999932, 31.254726882000057 ], [ -6.295603842999981, 31.254433357000039 ], [ -6.295537175999925, 31.25401333700006 ], [ -6.295531455999935, 31.253440792000049 ], [ -6.295527165999943, 31.253011368000045 ], [ -6.295523590999949, 31.252653535000036 ], [ -6.29553922599996, 31.252134500000068 ], [ -6.295722895999972, 31.25175738400003 ], [ -6.295887013999959, 31.251505664000035 ], [ -6.295925091999948, 31.251147525000079 ], [ -6.295754185999954, 31.250719311000069 ], [ -6.295499997999968, 31.250291748000052 ], [ -6.295204126999977, 31.249864491000039 ], [ -6.295053865999932, 31.249418268000056 ], [ -6.294821057999968, 31.249044191000053 ], [ -6.294484962999945, 31.248760391000076 ], [ -6.294232894999936, 31.248547506000079 ], [ -6.293981406999933, 31.248388326000054 ], [ -6.293977659999939, 31.248012583000047 ], [ -6.293718104999925, 31.247048251000024 ], [ -6.293458241999929, 31.246048131000066 ], [ -6.293702230999941, 31.245455849000052 ], [ -6.293697058999953, 31.24493697500003 ], [ -6.293693134999955, 31.244543357000055 ], [ -6.293690280999954, 31.244257065000056 ], [ -6.293686891999926, 31.243917126000042 ], [ -6.293682432999958, 31.243469825000034 ], [ -6.293675477999955, 31.242772024000033 ], [ -6.293671910999933, 31.242414176000068 ], [ -6.293627223999977, 31.242110315000048 ], [ -6.293478513999958, 31.241816168000071 ], [ -6.293204512999978, 31.241487147000043 ], [ -6.292993402999969, 31.241202421000025 ], [ -6.292990729999929, 31.240934020000054 ], [ -6.292986808999956, 31.240540404000058 ], [ -6.292899768999973, 31.240165273000059 ], [ -6.292813127999977, 31.239825932000031 ], [ -6.292643140999928, 31.239487216000043 ], [ -6.292639043999941, 31.23907570800003 ], [ -6.292469235999931, 31.238754848000042 ], [ -6.292466386999934, 31.238468595000029 ], [ -6.292462468999929, 31.238074959000073 ], [ -6.292459262999955, 31.237752899000043 ], [ -6.292455522999944, 31.237377174000073 ], [ -6.292451426999946, 31.236965648000023 ], [ -6.292654593999941, 31.236454184000024 ], [ -6.292775356999925, 31.236032796000075 ], [ -6.292772150999951, 31.23571075600006 ], [ -6.292851837999933, 31.23535227800005 ], [ -6.292847829999971, 31.234949716000074 ], [ -6.292844176999949, 31.234582937000027 ], [ -6.292840256999966, 31.234189306000076 ], [ -6.292773441999941, 31.233751406000067 ], [ -6.292311600999938, 31.233379039000056 ], [ -6.291994214999932, 31.232871411000076 ], [ -6.291866070999959, 31.23255025900005 ], [ -6.291821396999978, 31.232246410000073 ], [ -6.291818549999959, 31.231960154000035 ], [ -6.292107029999954, 31.231653822000055 ], [ -6.292312574999926, 31.23138393000005 ], [ -6.292393371999935, 31.23113281600007 ], [ -6.292431809999925, 31.230810447000067 ], [ -6.292470605999938, 31.230523868000034 ], [ -6.292342822999956, 31.230238510000049 ], [ -6.291965914999935, 31.23002656400007 ], [ -6.291627763999941, 31.229528039000058 ], [ -6.291458333999969, 31.229242967000062 ], [ -6.291205660999935, 31.228958542000044 ], [ -6.290871791999962, 31.228889417000062 ], [ -6.290454488999956, 31.228803002000063 ], [ -6.290161748999935, 31.228679906000025 ], [ -6.289864574999967, 31.228109496000059 ], [ -6.289691958999981, 31.227502401000038 ], [ -6.289685034999934, 31.226804600000037 ], [ -6.289680419999968, 31.226339415000041 ], [ -6.289676868999948, 31.225981567000076 ], [ -6.289674205999972, 31.225713186000064 ], [ -6.289669235999952, 31.225212214000067 ], [ -6.289665613999944, 31.224847189000059 ], [ -6.289244680999957, 31.224392210000076 ], [ -6.28890940499997, 31.224179969000033 ], [ -6.28826149799994, 31.223934187000054 ], [ -6.288236423999933, 31.223504938000076 ], [ -6.288483796999969, 31.22325260100007 ], [ -6.288688816999979, 31.222929038000075 ], [ -6.288934376999975, 31.222497812000029 ], [ -6.289097394999942, 31.222138726000026 ], [ -6.289385700999958, 31.221814548000054 ], [ -6.289714173999926, 31.22134692700007 ], [ -6.289960124999936, 31.220951482000032 ], [ -6.290124511999977, 31.220735538000042 ], [ -6.29028823699997, 31.220448031000046 ], [ -6.290451249999933, 31.220088979000025 ], [ -6.29061461799995, 31.219765719000065 ], [ -6.29077758699998, 31.219406631000027 ], [ -6.290814248999936, 31.218905354000071 ], [ -6.290852333999965, 31.218547224000076 ], [ -6.290848511999968, 31.218162541000027 ], [ -6.290549372999976, 31.217914227000051 ], [ -6.290012151999974, 31.217801849000068 ], [ -6.289459546999979, 31.217716430000053 ], [ -6.288904471999956, 31.217380535000075 ], [ -6.288673363999976, 31.217167496000059 ], [ -6.288482973999976, 31.216864720000046 ], [ -6.288416259999963, 31.216435764000039 ], [ -6.288412182999934, 31.216024232000052 ], [ -6.28840934699997, 31.215737983000054 ], [ -6.288406155999951, 31.215415919000066 ], [ -6.288402788999974, 31.215075968000065 ], [ -6.288399332999973, 31.214727090000054 ], [ -6.288101949999941, 31.214129840000055 ], [ -6.28772545299995, 31.213953645000061 ], [ -6.287556772999949, 31.213740182000038 ], [ -6.287076381999952, 31.213582645000031 ], [ -6.286762169999975, 31.213388101000078 ], [ -6.286467363999975, 31.213050298000041 ], [ -6.286129883999934, 31.212605439000072 ], [ -6.285960149999937, 31.212284575000069 ], [ -6.285853050999947, 31.211981187000049 ], [ -6.285621047999939, 31.21167867500003 ], [ -6.285326443999963, 31.211358764000067 ], [ -6.285157071999947, 31.211073707000025 ], [ -6.284904069999925, 31.210753465000039 ], [ -6.284775323999952, 31.210360765000075 ], [ -6.284770734999938, 31.209895582000058 ], [ -6.284765439999944, 31.209358826000027 ], [ -6.284761556999968, 31.208965176000049 ], [ -6.284757673999934, 31.208571566000046 ], [ -6.284669454999971, 31.208071202000042 ], [ -6.284665572999927, 31.20767758900007 ], [ -6.284661336999932, 31.20724817200005 ], [ -6.284657100999937, 31.206818757000065 ], [ -6.28465145399997, 31.206246216000068 ], [ -6.284647924999945, 31.205888392000077 ], [ -6.284644218999972, 31.205512655000064 ], [ -6.284806302999925, 31.205064132000075 ], [ -6.284800864999966, 31.204512900000054 ], [ -6.28470860799996, 31.20359761800006 ], [ -6.284662382999954, 31.203132739000068 ], [ -6.284450246999938, 31.202731696000058 ], [ -6.283907734999957, 31.202601442000059 ], [ -6.283365840999977, 31.20253381200007 ], [ -6.282823573999963, 31.202430388000039 ], [ -6.281988867999928, 31.202221761000033 ], [ -6.281571501999963, 31.202117424000051 ], [ -6.281196121999926, 31.202048575000049 ], [ -6.28074063899993, 31.201642199000048 ], [ -6.29007924299998, 31.197352407000039 ], [ -6.306900894999956, 31.189739916000065 ], [ -6.338257781999971, 31.175702468000054 ], [ -6.349089302999971, 31.170995370000071 ], [ -6.358520760999966, 31.166895518000047 ], [ -6.358796320999943, 31.166775748000077 ], [ -6.359084268999936, 31.166650539000045 ], [ -6.35980101499996, 31.166377953000051 ], [ -6.367210151999927, 31.166000412000074 ], [ -6.370467495999947, 31.165816302000053 ], [ -6.380558537999946, 31.165245398000025 ], [ -6.388234916999977, 31.16481053900003 ], [ -6.399650762999954, 31.164162928000053 ], [ -6.44240207799993, 31.161584469000047 ], [ -6.495548023999959, 31.158468103000075 ], [ -6.548295276999966, 31.156978385000059 ], [ -6.549947499999973, 31.157118432000061 ], [ -6.556215126999973, 31.156919239000047 ], [ -6.562296499999945, 31.156853527000067 ], [ -6.567990509999959, 31.156795033000037 ], [ -6.570571229999928, 31.156765794000023 ], [ -6.572084728999926, 31.156694926000057 ], [ -6.583073196999976, 31.15664083300004 ], [ -6.58355355499998, 31.156527763000042 ], [ -6.616110086999981, 31.156674617000078 ], [ -6.660307093999961, 31.155616326000029 ], [ -6.659893018999981, 31.15617119500007 ], [ -6.659941069999945, 31.156629966000025 ], [ -6.660007674999974, 31.156927482000071 ], [ -6.660116975999927, 31.15730211500005 ], [ -6.660230113999944, 31.157703544000071 ], [ -6.660308136999959, 31.158075509000071 ], [ -6.660340923999968, 31.158434533000047 ], [ -6.660511698999926, 31.158741425000073 ], [ -6.660761399999956, 31.158905836000031 ], [ -6.661261215999957, 31.159019909000051 ], [ -6.661795185999949, 31.159014358000036 ], [ -6.662159274999965, 31.159010571000067 ], [ -6.662464392999937, 31.159007397000039 ], [ -6.662932497999975, 31.159002526000052 ], [ -6.663331254999946, 31.158998375000067 ], [ -6.663677972999949, 31.158994764000056 ], [ -6.664180755999951, 31.158989527000074 ], [ -6.66463904799997, 31.159026508000068 ], [ -6.665033578999953, 31.159216254000057 ], [ -6.665390576999926, 31.159448138000073 ], [ -6.665587684999934, 31.15965482200005 ], [ -6.665840046999961, 31.159843066000064 ], [ -6.66610563699993, 31.16011018100005 ], [ -6.666403033999927, 31.16041873100005 ], [ -6.666559019999966, 31.160658650000073 ], [ -6.666858155999932, 31.160968678000074 ], [ -6.66714202199995, 31.161177430000066 ], [ -6.667529689999981, 31.161493994000068 ], [ -6.667821368999967, 31.161641552000049 ], [ -6.66816242699997, 31.161727432000077 ], [ -6.66855469199993, 31.161753158000067 ], [ -6.669179597999971, 31.161800310000046 ], [ -6.669653308999955, 31.161823682000033 ], [ -6.670076312999981, 31.161940049000066 ], [ -6.670406320999973, 31.162222886000052 ], [ -6.670669787999941, 31.162583966000057 ], [ -6.670900032999953, 31.163046785000063 ], [ -6.671014932999981, 31.163322932000028 ], [ -6.671215579999966, 31.163777117000052 ], [ -6.671327124999948, 31.164063725000062 ], [ -6.671467123999946, 31.164397764000057 ], [ -6.671576739999978, 31.16479028200007 ], [ -6.671601558999953, 31.165073320000033 ], [ -6.671664736999958, 31.165370895000024 ], [ -6.671808437999971, 31.165721290000079 ], [ -6.671948208999936, 31.166041911000036 ], [ -6.672163892999947, 31.166250390000073 ], [ -6.672621162999974, 31.16641659000004 ], [ -6.672917735999931, 31.166663974000073 ], [ -6.67306326299996, 31.166898054000058 ], [ -6.673255551999944, 31.167252412000039 ], [ -6.673448588999975, 31.167657466000037 ], [ -6.673501751999936, 31.167981978000057 ], [ -6.673561474999929, 31.168279558000052 ], [ -6.673614808999957, 31.168616008000072 ], [ -6.673765245999959, 31.168951417000073 ], [ -6.673838563999936, 31.169229499000039 ], [ -6.673989068999958, 31.169572367000058 ], [ -6.67408325699995, 31.169854692000058 ], [ -6.674201514999936, 31.170121855000048 ], [ -6.674189534999925, 31.170499236000069 ], [ -6.674195187999942, 31.17089730400005 ], [ -6.674116522999952, 31.171220215000062 ], [ -6.674037437999971, 31.171513311000069 ], [ -6.678403149999951, 31.179431925000074 ], [ -6.67840739899998, 31.179730108000058 ], [ -6.678411116999939, 31.179991020000045 ], [ -6.678415896999979, 31.180326472000047 ], [ -6.678419720999955, 31.180594837000058 ], [ -6.678423970999972, 31.180893026000035 ], [ -6.678429493999943, 31.181280650000076 ], [ -6.678434593999953, 31.181638493000037 ], [ -6.67844011699998, 31.18202610000003 ], [ -6.678445003999968, 31.182369029000029 ], [ -6.678449040999965, 31.182652312000073 ], [ -6.678487577999931, 31.182920309000053 ], [ -6.678562234999958, 31.183292290000054 ], [ -6.678845860999957, 31.183721750000075 ], [ -6.679005334999943, 31.183958650000079 ], [ -6.679130147999956, 31.184195914000043 ], [ -6.679306954999959, 31.184432612000023 ], [ -6.679484197999955, 31.184699183000077 ], [ -6.679980815999954, 31.185469322000074 ], [ -6.680796629999975, 31.18645112300004 ], [ -6.676362499999925, 31.197737933000042 ], [ -6.659781994999946, 31.202506105000055 ], [ -6.657714134999935, 31.204079849000038 ], [ -6.656834094999965, 31.204768579000074 ], [ -6.656619721999959, 31.206947730000024 ], [ -6.656538295999951, 31.207754227000066 ], [ -6.656246884999973, 31.210628263000046 ], [ -6.656159571999979, 31.211493189000066 ], [ -6.656020831999967, 31.212886413000035 ], [ -6.656010403999971, 31.213188855000055 ], [ -6.656023047999952, 31.220687072000032 ], [ -6.656015412999977, 31.221012362000067 ], [ -6.656039113999952, 31.221641592000026 ], [ -6.656320825999956, 31.225043418000041 ], [ -6.657447704999981, 31.230156783000041 ], [ -6.658225339999944, 31.233685405000074 ], [ -6.658894445999977, 31.234537087000035 ], [ -6.661434163999957, 31.237744003000046 ], [ -6.666767636999964, 31.237636816000077 ], [ -6.67205998299994, 31.23885477400006 ], [ -6.672990631999937, 31.239404082000078 ], [ -6.674393653999971, 31.24021093600004 ], [ -6.67663248599996, 31.242687280000041 ], [ -6.676543632999937, 31.245058419000031 ], [ -6.67556467199995, 31.246157167000035 ], [ -6.675325447999967, 31.246424632000071 ], [ -6.674416210999937, 31.247438234000072 ], [ -6.674206658999935, 31.247619150000048 ], [ -6.673976864999929, 31.247794818000045 ], [ -6.67330082899997, 31.248311774000058 ], [ -6.67234934499993, 31.24904242100007 ], [ -6.672141809999971, 31.249234235000074 ], [ -6.671528253999952, 31.249934106000069 ], [ -6.669205416999944, 31.252648348000037 ], [ -6.669143595999969, 31.253003313000079 ], [ -6.668980445999978, 31.255406003000076 ], [ -6.66929016499995, 31.256179322000037 ], [ -6.670463508999944, 31.258716332000063 ], [ -6.675318933999961, 31.260931369000048 ], [ -6.67766856999998, 31.261047307000069 ], [ -6.678342327999928, 31.261489536000056 ], [ -6.68031125899995, 31.262709335000068 ], [ -6.684921710999959, 31.264629039000056 ], [ -6.688253457999963, 31.265245135000043 ], [ -6.690090381999937, 31.265372271000047 ], [ -6.690867628999968, 31.265520275000029 ], [ -6.691392582999981, 31.265595158000053 ], [ -6.692882405999967, 31.265791818000025 ], [ -6.693800435999947, 31.26631935100005 ], [ -6.694140077999975, 31.266313884000056 ], [ -6.694280115999959, 31.266264953000075 ], [ -6.694422295999971, 31.266220769000029 ], [ -6.694566399999928, 31.266181399000061 ], [ -6.694712203999927, 31.266146904000038 ], [ -6.69485948199997, 31.266117337000026 ], [ -6.695008006999956, 31.266092746000027 ], [ -6.695157547999941, 31.266073166000069 ], [ -6.695307874999969, 31.266058630000032 ], [ -6.695458754999947, 31.266049158000044 ], [ -6.695609952999973, 31.266044767000039 ], [ -6.695762857999966, 31.266055940000058 ], [ -6.695916159999967, 31.266061932000071 ], [ -6.696069619999946, 31.266062734000059 ], [ -6.69622299599996, 31.266058345000033 ], [ -6.696376049999969, 31.266048771000044 ], [ -6.696528539999974, 31.266034028000036 ], [ -6.696680227999934, 31.26601413800006 ], [ -6.696830875999979, 31.265989133000062 ], [ -6.696980248999978, 31.265959052000028 ], [ -6.697128111999973, 31.265923942000029 ], [ -6.697274233999963, 31.265883858000052 ], [ -6.69737381799996, 31.265847736000069 ], [ -6.697475702999952, 31.265816656000027 ], [ -6.697579540999925, 31.265790724000055 ], [ -6.697684975999948, 31.265770029000066 ], [ -6.697791646999974, 31.265754643000037 ], [ -6.697899187999951, 31.265744617000053 ], [ -6.698007230999963, 31.265739986000028 ], [ -6.698115405999943, 31.265740766000079 ], [ -6.698223342999938, 31.265746955000054 ], [ -6.698330670999951, 31.265758531000074 ], [ -6.69843702299994, 31.26577545400005 ], [ -6.698542033999956, 31.265797666000026 ], [ -6.698645344999932, 31.265825092000057 ], [ -6.698746601999972, 31.265857638000057 ], [ -6.698845457999937, 31.265895191000027 ], [ -6.698941574999935, 31.26593762400006 ], [ -6.699062364999975, 31.265954646000068 ], [ -6.699184099999968, 31.26596571500005 ], [ -6.699306376999971, 31.265970795000044 ], [ -6.699428792999981, 31.26596986900006 ], [ -6.699550945999931, 31.265962939000076 ], [ -6.699672431999943, 31.265950029000066 ], [ -6.699792850999927, 31.265931181000042 ], [ -6.699911806999978, 31.265906457000028 ], [ -6.700028905999943, 31.265875939000068 ], [ -6.700143762999971, 31.265839727000071 ], [ -6.700256000999957, 31.265797941000073 ], [ -6.700365246999979, 31.265750718000049 ], [ -6.700471143999948, 31.265698214000054 ], [ -6.700573339999949, 31.265640603000065 ], [ -6.700671500999931, 31.265578073000029 ], [ -6.701078243999973, 31.265447163000033 ], [ -6.701562114999945, 31.265541970000072 ], [ -6.701627931999951, 31.265620902000023 ], [ -6.701699438999981, 31.265696130000038 ], [ -6.701776353999946, 31.265767354000047 ], [ -6.701858368999979, 31.265834291000033 ], [ -6.701945158999933, 31.265896674000032 ], [ -6.702036377999946, 31.265954256000043 ], [ -6.702131661999942, 31.266006808000043 ], [ -6.702230632999942, 31.266054120000035 ], [ -6.702332897999952, 31.26609600300003 ], [ -6.702438047999976, 31.266132292000066 ], [ -6.702545665999935, 31.266162842000028 ], [ -6.702655322999931, 31.266187531000071 ], [ -6.702766582999971, 31.266206261000036 ], [ -6.702879002999964, 31.266218958000024 ], [ -6.702992136999967, 31.266225571000064 ], [ -6.703105531999938, 31.266226073000041 ], [ -6.703218739999954, 31.266220463000025 ], [ -6.703331307999974, 31.266208764000055 ], [ -6.70344278999994, 31.266191021000054 ], [ -6.703552739999964, 31.266167305000067 ], [ -6.704776304999939, 31.266054031000067 ], [ -6.70493423399995, 31.26606410200003 ], [ -6.705092486999945, 31.266069237000067 ], [ -6.705250853999928, 31.266069429000027 ], [ -6.705409123999971, 31.266064679000067 ], [ -6.705567084999927, 31.266054992000079 ], [ -6.705724527999962, 31.266040382000028 ], [ -6.705881240999929, 31.266020868000055 ], [ -6.706037015999925, 31.265996476000055 ], [ -6.706191644999933, 31.26596723800003 ], [ -6.706311490999951, 31.265930699000023 ], [ -6.706433158999971, 31.265898863000075 ], [ -6.706556396999929, 31.265871797000045 ], [ -6.706680949999964, 31.26584955800007 ], [ -6.706806557999926, 31.265832191000072 ], [ -6.706932961999939, 31.265819732000068 ], [ -6.707059897999955, 31.265812207000067 ], [ -6.707187103999956, 31.26580963300006 ], [ -6.707314313999973, 31.265812014000062 ], [ -6.707779577999929, 31.265557301000058 ], [ -6.710221240999942, 31.266743735000034 ], [ -6.717681028999948, 31.270364946000029 ], [ -6.722133360999976, 31.271881072000042 ], [ -6.722889072999976, 31.274102902000038 ], [ -6.722344093999936, 31.276316361000056 ], [ -6.720069982999973, 31.277526279000028 ], [ -6.717822491999925, 31.278732934000061 ], [ -6.711294267999961, 31.282317144000046 ], [ -6.707885432999944, 31.287058033000051 ], [ -6.708386200999939, 31.289413154000044 ], [ -6.710763303999954, 31.292432451000025 ], [ -6.723211039999967, 31.29434959200006 ], [ -6.732958875999941, 31.294504418000031 ], [ -6.734094300999971, 31.294859888000076 ], [ -6.734658837999973, 31.29503631700004 ], [ -6.73549354599993, 31.295272477000026 ], [ -6.73588192699998, 31.295338911000044 ], [ -6.736868993999963, 31.296849896000026 ], [ -6.737627862999943, 31.298244518000047 ], [ -6.737866852999957, 31.299306305000073 ], [ -6.738000378999971, 31.299649234000071 ], [ -6.73843293799996, 31.300524529000029 ], [ -6.740327596999975, 31.302707834000046 ], [ -6.743756871999949, 31.306041495000045 ], [ -6.747128384999939, 31.308208522000029 ], [ -6.750120730999981, 31.311612374000049 ], [ -6.752227921999975, 31.314009079000073 ], [ -6.75436829299997, 31.315439812000079 ], [ -6.757417733999944, 31.31747802700005 ], [ -6.765140436999957, 31.326951708000024 ], [ -6.765422308999973, 31.336038472000041 ], [ -6.765859119999959, 31.362463977000061 ], [ -6.764865088999954, 31.363634842000067 ], [ -6.763309507999963, 31.365494827000077 ], [ -6.759548200999973, 31.36999177000007 ], [ -6.755890978999957, 31.379718906000051 ], [ -6.754541884999981, 31.376662804000034 ], [ -6.753216837999958, 31.375145561000068 ], [ -6.740800129999968, 31.360927479000054 ], [ -6.730873431999953, 31.35018324300006 ], [ -6.723447917999977, 31.347655254000074 ], [ -6.716042993999963, 31.346524464000026 ] ] ] } }
]
}
